{
	"format_version": "1.12.0",
	"minecraft:geometry": [
		{
			"description": {
				"identifier": "geometry.evo2",
				"texture_width": 64,
				"texture_height": 64,
				"visible_bounds_width": 3,
				"visible_bounds_height": 3.5,
				"visible_bounds_offset": [0, 1.25, 0]
			},
			"bones": [
				{
					"name": "armorHead",
					"pivot": [0, 18.11915, -3.04598],
					"rotation": [2.5, 0, 0]
				},
				{
					"name": "head",
					"parent": "armorHead",
					"pivot": [0, 21.62108, 0.76848]
				},
				{
					"name": "BaseHead",
					"parent": "head",
					"pivot": [0.91089, 19.49566, 3.50116],
					"cubes": [
						{
							"origin": [-5.46536, 19.35084, -5.56016],
							"size": [11.08253, 9.56437, 9.10892],
							"uv": {
								"north": {"uv": [18, 0], "uv_size": [7, 6]},
								"east": {"uv": [31, 0], "uv_size": [-6, 6]},
								"south": {"uv": [0, 21], "uv_size": [7, 6]},
								"west": {"uv": [25, 0], "uv_size": [6, 6]},
								"up": {"uv": [7, 21], "uv_size": [7, 6]},
								"down": {"uv": [14, 27], "uv_size": [7, -6]}
							}
						},
						{
							"origin": [4.60763, 28.96053, -0.31594],
							"size": [1.9736, 1.82178, 1.66997],
							"pivot": [9.868, 33.30992, 5.58295],
							"rotation": [17.84366, 14.97416, 0.78828],
							"uv": {
								"north": {"uv": [31, 15], "uv_size": [1, 1]},
								"east": {"uv": [32, 19], "uv_size": [2, 1]},
								"south": {"uv": [34, 12], "uv_size": [1, 1]},
								"west": {"uv": [22, 33], "uv_size": [2, 1]},
								"up": {"uv": [3, 10], "uv_size": [1, 2]},
								"down": {"uv": [21, 8], "uv_size": [1, -2]}
							}
						},
						{
							"origin": [-6.51045, 22.95659, 2.5418],
							"size": [1.9736, 1.82179, 2.73268],
							"pivot": [0.15182, 27.2373, 8.61926],
							"rotation": [18.32895, -14.9742, 2.41406],
							"uv": {
								"north": {"uv": [34, 21], "uv_size": [1, 1]},
								"east": {"uv": [34, 6], "uv_size": [2, 1]},
								"south": {"uv": [22, 34], "uv_size": [1, 1]},
								"west": {"uv": [34, 7], "uv_size": [2, 1]},
								"up": {"uv": [34, 8], "uv_size": [1, 2]},
								"down": {"uv": [34, 12], "uv_size": [1, -2]}
							}
						},
						{
							"origin": [-6.6262, 25.9655, 2.6055],
							"size": [1.9736, 1.82178, 2.73268],
							"pivot": [0.15182, 30.27361, 8.61926],
							"rotation": [18.06707, -14.9742, 1.59063],
							"uv": {
								"north": {"uv": [34, 19], "uv_size": [1, 1]},
								"east": {"uv": [34, 0], "uv_size": [2, 1]},
								"south": {"uv": [34, 20], "uv_size": [1, 1]},
								"west": {"uv": [34, 1], "uv_size": [2, 1]},
								"up": {"uv": [34, 2], "uv_size": [1, 2]},
								"down": {"uv": [34, 6], "uv_size": [1, -2]}
							}
						},
						{
							"origin": [-6.73903, 28.9787, 2.66391],
							"size": [1.9736, 1.82178, 1.66997],
							"pivot": [0.30363, 33.30992, 8.61926],
							"rotation": [17.84366, -14.9742, 0.78828],
							"uv": {
								"north": {"uv": [34, 17], "uv_size": [1, 1]},
								"east": {"uv": [29, 33], "uv_size": [2, 1]},
								"south": {"uv": [34, 18], "uv_size": [1, 1]},
								"west": {"uv": [33, 30], "uv_size": [2, 1]},
								"up": {"uv": [33, 31], "uv_size": [1, 2]},
								"down": {"uv": [33, 35], "uv_size": [1, -2]}
							}
						},
						{
							"origin": [4.8841, 25.92422, -0.30428],
							"size": [1.9736, 1.82178, 2.73268],
							"pivot": [10.01982, 30.27361, 5.58295],
							"rotation": [18.06707, 17.35244, 1.59063],
							"uv": {
								"north": {"uv": [34, 13], "uv_size": [1, 1]},
								"east": {"uv": [24, 33], "uv_size": [2, 1]},
								"south": {"uv": [34, 14], "uv_size": [1, 1]},
								"west": {"uv": [33, 24], "uv_size": [2, 1]},
								"up": {"uv": [28, 16], "uv_size": [1, 2]},
								"down": {"uv": [33, 27], "uv_size": [1, -2]}
							}
						},
						{
							"origin": [5.00815, 22.88791, -0.28719],
							"size": [1.9736, 1.82178, 2.73268],
							"pivot": [10.01982, 27.2373, 5.58295],
							"rotation": [18.32895, 19.72744, 2.41406],
							"uv": {
								"north": {"uv": [34, 15], "uv_size": [1, 1]},
								"east": {"uv": [26, 33], "uv_size": [2, 1]},
								"south": {"uv": [34, 16], "uv_size": [1, 1]},
								"west": {"uv": [33, 27], "uv_size": [2, 1]},
								"up": {"uv": [28, 33], "uv_size": [1, 2]},
								"down": {"uv": [33, 30], "uv_size": [1, -2]}
							}
						},
						{
							"origin": [-4.25083, 17.9845, -5.40835],
							"size": [9.10892, 1.51815, 0],
							"uv": {
								"north": {"uv": [39, 2], "uv_size": [6, 5]},
								"east": {"uv": [39, 2], "uv_size": [0, 1]},
								"south": {"uv": [45, 2], "uv_size": [6, 1]},
								"west": {"uv": [45, 2], "uv_size": [0, 1]},
								"up": {"uv": [39, 2], "uv_size": [6, 0]},
								"down": {"uv": [45, 2], "uv_size": [6, 0]}
							}
						}
					]
				},
				{
					"name": "LEFT_EYE",
					"parent": "BaseHead",
					"pivot": [3.06397, 25.29118, -5.75522],
					"cubes": [
						{
							"origin": [-0.67591, 23.79112, -5.69462],
							"size": [6.66899, 2.78449, 0.37954],
							"pivot": [2.58086, 25.86472, -5.69462],
							"rotation": [0.43389, -0.75175, -39.98419],
							"uv": {
								"north": {"uv": [59, 0], "uv_size": [5, 3]}
							}
						}
					]
				},
				{
					"name": "PUPIL",
					"parent": "LEFT_EYE",
					"pivot": [3.03631, 26.12363, -4.99615],
					"cubes": [
						{
							"origin": [1.16634, 24.39838, -5.9603],
							"size": [2.98086, 1.56997, 0.37954],
							"pivot": [2.58086, 25.86472, -5.69462],
							"rotation": [0.43389, -0.75175, -39.98419],
							"uv": {
								"north": {"uv": [62, 6], "uv_size": [2, 1]}
							}
						}
					]
				},
				{
					"name": "RIGHT_EYE",
					"parent": "BaseHead",
					"pivot": [-2.91132, 25.2753, -5.75522],
					"cubes": [
						{
							"origin": [-5.99308, 23.79112, -5.69462],
							"size": [6.66899, 2.78449, 0.37954],
							"pivot": [-2.58086, 25.86472, -5.69462],
							"rotation": [0.43389, 0.75175, 39.98419],
							"uv": {
								"north": {"uv": [64, 0], "uv_size": [-5, 3]}
							}
						}
					]
				},
				{
					"name": "PUPIL2",
					"parent": "RIGHT_EYE",
					"pivot": [-2.73268, 25.82, -4.99615],
					"cubes": [
						{
							"origin": [-4.1472, 24.39838, -5.9603],
							"size": [2.98086, 1.56997, 0.37954],
							"pivot": [-2.58086, 25.86472, -5.69462],
							"rotation": [0.43389, 0.75175, 39.98419],
							"uv": {
								"north": {"uv": [64, 6], "uv_size": [-2, 1]}
							}
						}
					]
				},
				{
					"name": "Jaw",
					"parent": "head",
					"pivot": [-0.34158, 18.84392, -3.23485],
					"cubes": [
						{
							"origin": [-5.31354, 19.35084, -5.71198],
							"size": [9.10893, 1.51815, 0.45545],
							"uv": {
								"north": {"uv": [44, 2], "uv_size": [6, 5]},
								"east": {"uv": [60, 25], "uv_size": [4, 4]},
								"south": {"uv": [45, 2], "uv_size": [6, 1]},
								"west": {"uv": [45, 2], "uv_size": [0, 1]},
								"down": {"uv": [45, 2], "uv_size": [6, 0]}
							}
						},
						{
							"origin": [-5.4655, 15.57929, -6.42468],
							"size": [11.0828, 4.09901, 9.41256],
							"pivot": [0, 32.39903, -0.18603],
							"rotation": [2.5, 0, 0],
							"uv": {
								"north": {"uv": [22, 18], "uv_size": [7, 3]},
								"east": {"uv": [6, 0], "uv_size": [6, 3]},
								"south": {"uv": [12, 27], "uv_size": [7, 3]},
								"west": {"uv": [12, 0], "uv_size": [-6, 3]},
								"up": {"uv": [14, 21], "uv_size": [7, 6]},
								"down": {"uv": [22, 12], "uv_size": [7, -6]}
							}
						}
					]
				},
				{
					"name": "TONGE_BASE",
					"parent": "Jaw",
					"pivot": [0.15182, 18.40646, -0.44662],
					"cubes": [
						{
							"origin": [-2.12542, 18.40551, -2.0084],
							"size": [4.55447, 0, 1.51816],
							"uv": {
								"north": {"uv": [58, 18], "uv_size": [3, 0]},
								"east": {"uv": [50, 18], "uv_size": [8, 0]},
								"south": {"uv": [69, 18], "uv_size": [3, 0]},
								"west": {"uv": [61, 18], "uv_size": [8, 0]},
								"up": {"uv": [56, 9], "uv_size": [7, 2]},
								"down": {"uv": [57, 33], "uv_size": [3, -8]}
							}
						}
					]
				},
				{
					"name": "TONGUE_LOWMID",
					"parent": "TONGE_BASE",
					"pivot": [0.15182, 18.40646, -1.96478],
					"cubes": [
						{
							"origin": [-2.12542, 18.40551, -3.52655],
							"size": [4.55447, 0, 1.51815],
							"uv": {
								"north": {"uv": [58, 18], "uv_size": [3, 0]},
								"east": {"uv": [50, 18], "uv_size": [8, 0]},
								"south": {"uv": [69, 18], "uv_size": [3, 0]},
								"west": {"uv": [61, 18], "uv_size": [8, 0]},
								"up": {"uv": [56, 9], "uv_size": [7, 2]},
								"down": {"uv": [57, 33], "uv_size": [3, -8]}
							}
						}
					]
				},
				{
					"name": "TONGUE_HIGHMID",
					"parent": "TONGUE_LOWMID",
					"pivot": [0.15182, 18.40646, -3.48293],
					"cubes": [
						{
							"origin": [-2.12542, 18.40551, -5.0447],
							"size": [4.55447, 0, 1.51815],
							"uv": {
								"north": {"uv": [58, 18], "uv_size": [3, 0]},
								"east": {"uv": [50, 18], "uv_size": [8, 0]},
								"south": {"uv": [69, 18], "uv_size": [3, 0]},
								"west": {"uv": [61, 18], "uv_size": [8, 0]},
								"up": {"uv": [56, 11], "uv_size": [7, 2]},
								"down": {"uv": [57, 33], "uv_size": [3, -8]}
							}
						}
					]
				},
				{
					"name": "TONGUE_HIGH",
					"parent": "TONGUE_HIGHMID",
					"pivot": [0.15182, 18.40646, -5.00108],
					"rotation": [-177.5, 0, 0],
					"cubes": [
						{
							"origin": [-2.12542, 18.40551, -6.56286],
							"size": [4.55447, 0, 1.51816],
							"uv": {
								"north": {"uv": [58, 18], "uv_size": [3, 0]},
								"east": {"uv": [50, 18], "uv_size": [8, 0]},
								"south": {"uv": [69, 18], "uv_size": [3, 0]},
								"west": {"uv": [61, 18], "uv_size": [8, 0]},
								"up": {"uv": [56, 12], "uv_size": [7, 2]},
								"down": {"uv": [57, 33], "uv_size": [3, -8]}
							}
						}
					]
				},
				{
					"name": "TONGUE_HIGHER",
					"parent": "TONGUE_HIGH",
					"pivot": [0.15182, 18.40646, -6.51924],
					"cubes": [
						{
							"origin": [-2.12542, 18.40551, -8.08101],
							"size": [4.55447, 0, 1.51815],
							"uv": {
								"north": {"uv": [58, 18], "uv_size": [3, 0]},
								"east": {"uv": [50, 18], "uv_size": [8, 0]},
								"south": {"uv": [69, 18], "uv_size": [3, 0]},
								"west": {"uv": [61, 18], "uv_size": [8, 0]},
								"up": {"uv": [56, 13], "uv_size": [7, 2]},
								"down": {"uv": [57, 33], "uv_size": [3, -8]}
							}
						}
					]
				},
				{
					"name": "TONGUE_HIGHEST",
					"parent": "TONGUE_HIGHER",
					"pivot": [0.15182, 18.40646, -8.03739],
					"cubes": [
						{
							"origin": [-2.12542, 18.40551, -9.59917],
							"size": [4.55447, 0, 1.51816],
							"uv": {
								"north": {"uv": [58, 18], "uv_size": [3, 0]},
								"east": {"uv": [50, 18], "uv_size": [8, 0]},
								"south": {"uv": [69, 18], "uv_size": [3, 0]},
								"west": {"uv": [61, 18], "uv_size": [8, 0]},
								"up": {"uv": [56, 14], "uv_size": [7, 2]},
								"down": {"uv": [57, 33], "uv_size": [3, -8]}
							}
						}
					]
				},
				{
					"name": "TONGUE_FINAL",
					"parent": "TONGUE_HIGHEST",
					"pivot": [0.15182, 18.40646, -9.55555],
					"cubes": [
						{
							"origin": [-2.12542, 18.40551, -11.11732],
							"size": [4.55447, 0, 1.51815],
							"uv": {
								"north": {"uv": [58, 18], "uv_size": [3, 0]},
								"east": {"uv": [50, 18], "uv_size": [8, 0]},
								"south": {"uv": [69, 18], "uv_size": [3, 0]},
								"west": {"uv": [61, 18], "uv_size": [8, 0]},
								"up": {"uv": [56, 16], "uv_size": [7, 2]},
								"down": {"uv": [57, 33], "uv_size": [3, -8]}
							}
						}
					]
				},
				{
					"name": "TONGUE_FINALIST",
					"parent": "TONGUE_FINAL",
					"pivot": [0.15182, 18.40646, -11.0737],
					"cubes": [
						{
							"origin": [-2.12542, 18.40551, -12.63548],
							"size": [4.55447, 0, 1.51816],
							"uv": {
								"north": {"uv": [58, 18], "uv_size": [3, 0]},
								"east": {"uv": [50, 18], "uv_size": [8, 0]},
								"south": {"uv": [69, 18], "uv_size": [3, 0]},
								"west": {"uv": [61, 18], "uv_size": [8, 0]},
								"up": {"uv": [56, 17], "uv_size": [7, 2]},
								"down": {"uv": [57, 33], "uv_size": [3, -8]}
							}
						}
					]
				},
				{
					"name": "armorBody",
					"pivot": [0, 11.14524, -0.91089],
					"cubes": [
						{
							"origin": [-1.9736, 3.70628, 2.73268],
							"size": [3.9472, 3.64357, 1.51815],
							"pivot": [0, 5.45216, 3.49176],
							"rotation": [-10, 0, 0],
							"uv": {
								"north": {"uv": [12, 9], "uv_size": [2, 2]},
								"east": {"uv": [29, 10], "uv_size": [2, 2]},
								"south": {"uv": [24, 31], "uv_size": [2, 2]},
								"west": {"uv": [31, 24], "uv_size": [2, 2]},
								"up": {"uv": [26, 31], "uv_size": [2, 2]},
								"down": {"uv": [31, 28], "uv_size": [2, -2]}
							}
						}
					]
				},
				{
					"name": "TORSO",
					"parent": "armorBody",
					"pivot": [0, 11.14524, -0.91089],
					"cubes": [
						{
							"origin": [-6.07262, 4.31354, -5.46536],
							"size": [12.14524, 13.66339, 9.10893],
							"pivot": [0, 11.14524, -0.91089],
							"rotation": [-6.5, 0, 0],
							"uv": {
								"north": {"uv": [4, 3], "uv_size": [8, 9]},
								"east": {"uv": [14, 12], "uv_size": [-6, 9]},
								"south": {"uv": [0, 12], "uv_size": [8, 9]},
								"west": {"uv": [8, 12], "uv_size": [6, 9]},
								"up": {"uv": [14, 9], "uv_size": [8, 6]},
								"down": {"uv": [14, 21], "uv_size": [8, -6]}
							}
						}
					]
				},
				{
					"name": "TAIL_BASE",
					"parent": "armorBody",
					"pivot": [0, 5.37625, 4.25083],
					"cubes": [
						{
							"origin": [-1.51815, 3.70628, 3.03631],
							"size": [3.0363, 3.03631, 3.03631],
							"uv": {
								"north": {"uv": [12, 9], "uv_size": [2, 2]},
								"east": {"uv": [29, 10], "uv_size": [2, 2]},
								"south": {"uv": [24, 31], "uv_size": [2, 2]},
								"west": {"uv": [31, 24], "uv_size": [2, 2]},
								"up": {"uv": [26, 31], "uv_size": [2, 2]},
								"down": {"uv": [31, 28], "uv_size": [2, -2]}
							}
						}
					]
				},
				{
					"name": "TAIL_LOWMID",
					"parent": "TAIL_BASE",
					"pivot": [0, 5.37625, 5.76899],
					"cubes": [
						{
							"origin": [-1.36634, 3.85809, 5.46536],
							"size": [2.73268, 2.73268, 3.64357],
							"uv": {
								"north": {"uv": [31, 28], "uv_size": [2, 2]},
								"east": {"uv": [31, 30], "uv_size": [2, 2]},
								"south": {"uv": [32, 6], "uv_size": [2, 2]},
								"west": {"uv": [32, 8], "uv_size": [2, 2]},
								"up": {"uv": [32, 15], "uv_size": [2, 2]},
								"down": {"uv": [32, 19], "uv_size": [2, -2]}
							}
						}
					]
				},
				{
					"name": "TAIL_HIGHMID",
					"parent": "TAIL_LOWMID",
					"pivot": [0, 5.37625, 8.8053],
					"cubes": [
						{
							"origin": [-1.21452, 3.85809, 8.19803],
							"size": [2.42904, 2.42905, 3.94721],
							"uv": {
								"north": {"uv": [24, 33], "uv_size": [2, 2]},
								"east": {"uv": [18, 33], "uv_size": [-2, 2]},
								"south": {"uv": [14, 33], "uv_size": [2, 2]},
								"west": {"uv": [16, 33], "uv_size": [2, 2]},
								"up": {"uv": [18, 33], "uv_size": [2, 2]},
								"down": {"uv": [20, 35], "uv_size": [2, -2]}
							}
						}
					]
				},
				{
					"name": "armorLeftArm",
					"pivot": [7.5, 15.275, 0.2]
				},
				{
					"name": "LeftArm",
					"parent": "armorLeftArm",
					"pivot": [7.3334, 15.05208, 0.49],
					"rotation": [0, 0, -30],
					"cubes": [
						{
							"origin": [2.8695, 5.1114, -1.7],
							"size": [4.38, 11.68, 4.38],
							"uv": {
								"north": {"uv": [0, 27], "uv_size": [3, 8]},
								"east": {"uv": [3, 27], "uv_size": [3, 8]},
								"south": {"uv": [6, 27], "uv_size": [3, 8]},
								"west": {"uv": [9, 27], "uv_size": [3, 8]},
								"up": {"uv": [21, 30], "uv_size": [3, 3]},
								"down": {"uv": [31, 3], "uv_size": [3, -3]}
							}
						}
					]
				},
				{
					"name": "armorRightArm",
					"pivot": [-5.51, 14.64, 0.67]
				},
				{
					"name": "RightArm",
					"parent": "armorRightArm",
					"pivot": [-4.8334, 14.57708, 0.44],
					"rotation": [0, 0, 30],
					"cubes": [
						{
							"origin": [-7.18219, 3.77522, -1.75],
							"size": [4.38, 11.68, 4.38],
							"uv": {
								"north": {"uv": [3, 27], "uv_size": [-3, 8]},
								"east": {"uv": [12, 27], "uv_size": [-3, 8]},
								"south": {"uv": [9, 27], "uv_size": [-3, 8]},
								"west": {"uv": [6, 27], "uv_size": [-3, 8]},
								"up": {"uv": [24, 30], "uv_size": [-3, 3]},
								"down": {"uv": [34, 3], "uv_size": [-3, -3]}
							}
						}
					]
				},
				{
					"name": "armorLeftLeg",
					"pivot": [3.73, 7.21, 0.644]
				},
				{
					"name": "LeftLeg",
					"parent": "armorLeftLeg",
					"pivot": [3.72628, 4.68547, -0.75908],
					"cubes": [
						{
							"origin": [1.51815, 0, -3.03631],
							"size": [4.55447, 6.07262, 4.55446],
							"pivot": [0.75908, 1.51815, 0],
							"rotation": [0, 0, -2.5],
							"uv": {
								"north": {"uv": [0, 6], "uv_size": [3, 4]},
								"east": {"uv": [25, 27], "uv_size": [3, 4]},
								"south": {"uv": [28, 12], "uv_size": [3, 4]},
								"west": {"uv": [28, 21], "uv_size": [3, 4]},
								"up": {"uv": [18, 6], "uv_size": [3, 3]},
								"down": {"uv": [12, 33], "uv_size": [3, -3]}
							}
						},
						{
							"origin": [1.36634, 0, -4.70628],
							"size": [4.85809, 1.9736, 6.37625],
							"pivot": [0.75908, 1.66997, 0],
							"rotation": [0, -2.5, -2.5],
							"uv": {
								"north": {"uv": [28, 15], "uv_size": [3, 1]},
								"east": {"uv": [25, 30], "uv_size": [2, 1]},
								"south": {"uv": [0, 9], "uv_size": [3, 1]},
								"west": {"uv": [31, 24], "uv_size": [-3, 1]},
								"up": {"uv": [18, 9], "uv_size": [3, -3]},
								"down": {"uv": [12, 33], "uv_size": [3, -3]}
							}
						}
					]
				},
				{
					"name": "armorRightLeg",
					"pivot": [-3.805, 7.21, 0.644]
				},
				{
					"name": "RightLeg",
					"parent": "armorRightLeg",
					"pivot": [-3.72628, 4.68547, -0.75908],
					"cubes": [
						{
							"origin": [-6.07262, 0, -3.03631],
							"size": [4.55447, 6.07262, 4.55446],
							"pivot": [-0.75908, 1.51815, 0],
							"rotation": [0, 0, 2.5],
							"uv": {
								"north": {"uv": [3, 6], "uv_size": [-3, 4]},
								"east": {"uv": [31, 21], "uv_size": [-3, 4]},
								"south": {"uv": [31, 12], "uv_size": [-3, 4]},
								"west": {"uv": [28, 27], "uv_size": [-3, 4]},
								"up": {"uv": [21, 6], "uv_size": [-3, 3]},
								"down": {"uv": [15, 33], "uv_size": [-3, -3]}
							}
						},
						{
							"origin": [-6.22443, 0, -4.70628],
							"size": [4.85809, 1.9736, 6.37625],
							"pivot": [-0.75908, 1.66997, 0],
							"rotation": [0, 2.5, 2.5],
							"uv": {
								"north": {"uv": [28, 15], "uv_size": [3, 1]},
								"east": {"uv": [28, 24], "uv_size": [3, 1]},
								"south": {"uv": [3, 9], "uv_size": [-3, 1]},
								"west": {"uv": [27, 30], "uv_size": [-2, 1]},
								"up": {"uv": [21, 9], "uv_size": [-3, -3]},
								"down": {"uv": [15, 33], "uv_size": [-3, -3]}
							}
						}
					]
				}
			]
		}
	]
}