{
	"format_version": "1.12.0",
	"minecraft:geometry": [
		{
			"description": {
				"identifier": "geometry.evo3",
				"texture_width": 16,
				"texture_height": 16,
				"visible_bounds_width": 5,
				"visible_bounds_height": 4.5,
				"visible_bounds_offset": [0, 1.25, 0]
			},
			"bones": [
				{
					"name": "armorHead",
					"pivot": [-5.69053, 29.89026, 3.7099],
					"rotation": [2.5, 0, 0]
				},
				{
					"name": "BaseHead",
					"parent": "armorHead",
					"pivot": [14.76073, 30.7629, 11.57711]
				},
				{
					"name": "Jaw",
					"parent": "armorHead",
					"pivot": [-5.69053, 42.228, 0.73174]
				},
				{
					"name": "armorBody",
					"pivot": [0, 12.1452, -0.9109]
				},
				{
					"name": "TAIL_BASE",
					"parent": "armorBody",
					"pivot": [-5.69053, 1.80239, 13.15678]
				},
				{
					"name": "TAIL_LOWMID",
					"parent": "TAIL_BASE",
					"pivot": [-5.69053, 1.80239, 16.25547]
				},
				{
					"name": "TAIL_HIGHMID",
					"parent": "TAIL_LOWMID",
					"pivot": [-5.69053, 1.80239, 22.4528]
				},
				{
					"name": "TORSO",
					"parent": "armorBody",
					"pivot": [0.0345, 11.08454, 3.08377],
					"cubes": [
						{
							"origin": [-1.62171, 8.10442, -6.50705],
							"size": [3.24969, 3.24969, 1.70635],
							"inflate": 0.15,
							"pivot": [-0.51814, 12.1452, -6.5686],
							"rotation": [-5.91408, 0.91397, -0.08169],
							"uv": {
								"north": {"uv": [0, 0], "uv_size": [8, 8]},
								"east": {"uv": [12, 0], "uv_size": [1, 2]},
								"south": {"uv": [13, 0], "uv_size": [2, 2]},
								"west": {"uv": [11, 0], "uv_size": [1, 2]},
								"up": {"uv": [9, 0], "uv_size": [2, 1]},
								"down": {"uv": [11, 2], "uv_size": [-2, -1]}
							}
						}
					]
				},
				{
					"name": "armorLeftArm",
					"pivot": [11.60958, 19.49959, 2.326]
				},
				{
					"name": "leftarm_rot",
					"parent": "armorLeftArm",
					"pivot": [6.39798, 19.31827, 6.33969],
					"rotation": [0, 0, -30]
				},
				{
					"name": "armorRightArm",
					"pivot": [-17.77537, 21.31181, 4.32556]
				},
				{
					"name": "rightarm_rot",
					"parent": "armorRightArm",
					"pivot": [-17.00656, 21.0084, 4.79036],
					"rotation": [0, 0, 27.5]
				},
				{
					"name": "armorLeftLeg",
					"pivot": [2.05615, 4.28133, 2.62129]
				},
				{
					"name": "armorRightLeg",
					"pivot": [-13.51468, 0.56291, 4.48049]
				}
			]
		}
	]
}