{
  "display": {
    "title": {
      "text": "Remains of the Ancients",
      "color": "green"
    },
    "description": {
      "text": "Seems like it leads down there.."
    },
    "icon": {
      "item": "alienevo:galvan_metal"
    },
    "frame": "task",
    "show_toast": true,
    "announce_to_chat": true,
    "hidden": true
  },
  "parent": "omni_extras:root",
  "criteria": {
    "find": {
      "trigger": "minecraft:location",
      "conditions": {
        "player": {
          "type": "minecraft:player",
          "location": {
            "structure": "omni_extras:ruined_galvan_tower"
          }
        }
      }
    }
  }
}