{
  "criteria": {
    "requirement": {
      "trigger": "minecraft:entity_hurt_player",
      "conditions": {
        "damage": {
          "type": {
            "tags": [
              {
                "id": "minecraft:is_lightning",
                "expected": true
              },
              {
                "id": "minecraft:bypasses_invulnerability",
                "expected": false
              }
            ]
          }
        }
      }
    }
  },
  "rewards": {
    "function": "omni_extras:givebuzzshock"
  }
}