{
  "transformers": [
        {
            "type": "palladium:color",
            "color": "##SKIN_PROTO_1",
            "filter": "#b5eb20",
            "ignore_blank": true
          },
          {
            "type": "palladium:color",
            "color": "##SKIN_PROTO_2",
            "filter": "#9dda13",
            "ignore_blank": true
          },
           {
            "type": "palladium:color",
            "color": "##SKIN_PROTO_4",
            "filter": "#659e0e",
            "ignore_blank": true
          },
          {
            "type": "palladium:color",
            "color": "##SKIN_PROTO_P2_2",
            "filter": "#457e0c",
            "ignore_blank": true
          },
          {
            "type": "palladium:color",
            "color": "##SKIN_PROTO_P2_3",
            "filter": "#335e08",
            "ignore_blank": true
          },
          {
            "type": "palladium:color",
            "color": "##SKIN_DEFAULT_1",
            "filter": "#fc2b2b",
            "ignore_blank": true
          },
          {
            "type": "palladium:color",
            "color": "##SKIN_DEFAULT_2",
            "filter": "#de3939",
            "ignore_blank": true
          },
           {
            "type": "palladium:color",
            "color": "##SKIN_DEFAULT_4",
            "filter": "#8f2828",
            "ignore_blank": true
          },
          {
            "type": "palladium:color",
            "color": "##SKIN_DEFAULT_P2_2",
            "filter": "#800d0d",
            "ignore_blank": true
          },
          {
            "type": "palladium:color",
            "color": "##SKIN_DEFAULT_P2_3",
            "filter": "#5e0707",
            "ignore_blank": true
          },
          {
            "type": "palladium:color",
            "color": "##SKIN_10K_1",
            "filter": "#76ede6",
            "ignore_blank": true
          },
          {
            "type": "palladium:color",
            "color": "##SKIN_10K_2",
            "filter": "#56eae1",
            "ignore_blank": true
          },
          {
            "type": "palladium:color",
            "color": "##SKIN_10K_4",
            "filter": "#1cbfb5",
            "ignore_blank": true
          },
          {
            "type": "palladium:color",
            "color": "##SKIN_10K_P2_2",
            "filter": "#3f5fc6",
            "ignore_blank": true
          },
          {
            "type": "palladium:color",
            "color": "##SKIN_10K_P2_3",
            "filter": "#2040a8",
            "ignore_blank": true
          }

        ],
        "variables": {
            "UNIFORM": {
            "type": "palladium:string_property",
            "property": "uniform"
          },
          "SKIN_PROTO_1": {
            "type": "palladium:string_property",
            "property": "perk_gourmand_prototype_skincolor_palette_1_color_1"
          },
          "SKIN_PROTO_2": {
            "type": "palladium:string_property",
            "property": "perk_gourmand_prototype_skincolor_palette_1_color_2"
          },
          "SKIN_PROTO_4": {
            "type": "palladium:string_property",
            "property": "perk_gourmand_prototype_skincolor_palette_1_color_4"
          },
           "SKIN_PROTO_P2_2": {
            "type": "palladium:string_property",
            "property": "perk_gourmand_prototype_skincolor_palette_2_color_2"
          },
          "SKIN_PROTO_P2_3": {
            "type": "palladium:string_property",
            "property": "perk_gourmand_prototype_skincolor_palette_2_color_3"
          },
          "SKIN_DEFAULT_1": {
            "type": "palladium:string_property",
            "property": "perk_gourmand_default_skincolor_palette_1_color_1"
          },
          "SKIN_DEFAULT_2": {
            "type": "palladium:string_property",
            "property": "perk_gourmand_default_skincolor_palette_1_color_2"
          },
          "SKIN_DEFAULT_4": {
            "type": "palladium:string_property",
            "property": "perk_gourmand_default_skincolor_palette_1_color_4"
          },
           "SKIN_DEFAULT_P2_2": {
            "type": "palladium:string_property",
            "property": "perk_gourmand_default_skincolor_palette_2_color_2"
          },
          "SKIN_DEFAULT_P2_3": {
            "type": "palladium:string_property",
            "property": "perk_gourmand_default_skincolor_palette_2_color_3"
          },
          "SKIN_10K_1": {
            "type": "palladium:string_property",
            "property": "perk_gourmand_10k_skincolor_palette_1_color_1"
          },
          "SKIN_10K_2": {
            "type": "palladium:string_property",
            "property": "perk_gourmand_10k_skincolor_palette_1_color_2"
          },
          "SKIN_10K_4": {
            "type": "palladium:string_property",
            "property": "perk_gourmand_10k_skincolor_palette_1_color_4"
          },
           "SKIN_10K_P2_2": {
            "type": "palladium:string_property",
            "property": "perk_gourmand_10k_skincolor_palette_2_color_2"
          },
          "SKIN_10K_P2_3": {
            "type": "palladium:string_property",
            "property": "perk_gourmand_10k_skincolor_palette_2_color_3"
          }
        },
  "base": "omni_extras:textures/gui/playlists/gourmand/perk/tongue_spin_#UNIFORM.png"
}