[
  {
    "type": "palladium:lightning",
    "segments": 4,
    "frequency": 1,
    "spread": 2,
    "body_part": "chest",
    "glow_color": {
      "type": "palladium:string_property",
      "property": "galvanic_mechamorph_beam_color"
    },
    "core_color": "#FFFFFF",
    "bloom": 2,
    "size": [1, 1],
    "rotation_speed": 30,
        "offset": { 
      "first_person": [3, 10, 0],
      "third_person": [4.5, 6, -0]}
  },
  {
    "type": "palladium:lightning",
    "body_part": "chest",
    "segments": 4,
    "frequency": 1,
    "spread": 2,
    "glow_color": {
      "type": "palladium:string_property",
      "property": "galvanic_mechamorph_beam_color"
    },
    "core_color": "#FFFFFF",
    "bloom": 2,
    "size": [1, 1],
    "rotation_speed": 30,
      "offset": { 
      "first_person": [-3, 10, 0],
      "third_person": [-4.5, 6, -0]}
}
]