{
	"format_version": "1.12.0",
	"minecraft:geometry": [
		{
			"description": {
				"identifier": "geometry.Xylene",
				"texture_width": 64,
				"texture_height": 64,
				"visible_bounds_width": 4,
				"visible_bounds_height": 3.5,
				"visible_bounds_offset": [0, 1.25, 0]
			},
			"bones": [
				{
					"name": "armorHead",
					"pivot": [0, 30.50779, 1.28312],
					"cubes": [
						{
							"origin": [-2.1, 29.8, -1.3],
							"size": [4.2, 7.2, 5.2],
							"uv": {
								"north": {"uv": [0, 50], "uv_size": [6, 9]},
								"east": {"uv": [12, 12], "uv_size": [5, 7]},
								"south": {"uv": [6, 51], "uv_size": [6, 9]},
								"west": {"uv": [17, 12], "uv_size": [-5, 7]},
								"up": {"uv": [29, 34], "uv_size": [4, 5]},
								"down": {"uv": [35, 5], "uv_size": [4, -5]}
							}
						},
						{
							"origin": [0.8, 32.4, -1.31],
							"size": [0.7, 1.9, 0.2],
							"pivot": [1.3, 32.8, 1.3],
							"rotation": [0, 0, 67.5],
							"uv": {
								"north": {"uv": [39, 45], "uv_size": [1, 2]},
								"east": {"uv": [42, 47], "uv_size": [1, 2]},
								"south": {"uv": [4, 48], "uv_size": [1, 2]},
								"west": {"uv": [48, 12], "uv_size": [1, 2]},
								"up": {"uv": [27, 18], "uv_size": [1, 1]},
								"down": {"uv": [28, 6], "uv_size": [1, -1]}
							}
						},
						{
							"origin": [1.68572, 32.37591, -1.31],
							"size": [0.4, 2, 0.2],
							"pivot": [1.88572, 33.32591, -1.2],
							"rotation": [0, 0, 60],
							"uv": {
								"north": {"uv": [39, 45], "uv_size": [1, 2]},
								"east": {"uv": [42, 47], "uv_size": [1, 2]},
								"south": {"uv": [4, 48], "uv_size": [1, 2]},
								"west": {"uv": [48, 12], "uv_size": [1, 2]},
								"up": {"uv": [27, 18], "uv_size": [1, 1]},
								"down": {"uv": [28, 6], "uv_size": [1, -1]}
							}
						},
						{
							"origin": [-2.08572, 32.37591, -1.31],
							"size": [0.4, 2, 0.2],
							"pivot": [-1.88572, 33.32591, -1.2],
							"rotation": [0, 0, -60],
							"uv": {
								"north": {"uv": [40, 45], "uv_size": [-1, 2]},
								"east": {"uv": [49, 12], "uv_size": [-1, 2]},
								"south": {"uv": [5, 48], "uv_size": [-1, 2]},
								"west": {"uv": [43, 47], "uv_size": [-1, 2]},
								"up": {"uv": [28, 18], "uv_size": [-1, 1]},
								"down": {"uv": [29, 6], "uv_size": [-1, -1]}
							}
						},
						{
							"origin": [0.9, 32.5, -1.35],
							"size": [0.5, 1.6, 0.2],
							"pivot": [1.3, 32.8, 1.1],
							"rotation": [0, 0, 67.5],
							"uv": {
								"north": {"uv": [48, 14], "uv_size": [1, 2]},
								"east": {"uv": [16, 48], "uv_size": [1, 2]},
								"south": {"uv": [48, 16], "uv_size": [1, 2]},
								"west": {"uv": [17, 48], "uv_size": [1, 2]},
								"up": {"uv": [34, 27], "uv_size": [1, 1]},
								"down": {"uv": [8, 36], "uv_size": [1, -1]}
							}
						},
						{
							"origin": [-0.3, 34.3, -1.31],
							"size": [0.7, 2, 0.2],
							"uv": {
								"north": {"uv": [39, 45], "uv_size": [1, 2]},
								"east": {"uv": [42, 47], "uv_size": [1, 2]},
								"south": {"uv": [4, 48], "uv_size": [1, 2]},
								"west": {"uv": [48, 12], "uv_size": [1, 2]},
								"up": {"uv": [27, 18], "uv_size": [1, 1]},
								"down": {"uv": [28, 6], "uv_size": [1, -1]}
							}
						},
						{
							"origin": [-0.2, 34.4, -1.35],
							"size": [0.5, 1.6, 0.2],
							"uv": {
								"north": {"uv": [48, 14], "uv_size": [1, 2]},
								"east": {"uv": [16, 48], "uv_size": [1, 2]},
								"south": {"uv": [48, 16], "uv_size": [1, 2]},
								"west": {"uv": [17, 48], "uv_size": [1, 2]},
								"up": {"uv": [34, 27], "uv_size": [1, 1]},
								"down": {"uv": [8, 36], "uv_size": [1, -1]}
							}
						},
						{
							"origin": [-1.5, 32.4, -1.31],
							"size": [0.7, 1.9, 0.2],
							"pivot": [-1.3, 32.8, 1.3],
							"rotation": [0, 0, -67.5],
							"uv": {
								"north": {"uv": [40, 45], "uv_size": [-1, 2]},
								"east": {"uv": [49, 12], "uv_size": [-1, 2]},
								"south": {"uv": [5, 48], "uv_size": [-1, 2]},
								"west": {"uv": [43, 47], "uv_size": [-1, 2]},
								"up": {"uv": [28, 18], "uv_size": [-1, 1]},
								"down": {"uv": [29, 6], "uv_size": [-1, -1]}
							}
						},
						{
							"origin": [-1.4, 32.5, -1.35],
							"size": [0.5, 1.6, 0.2],
							"pivot": [-1.3, 32.8, 1.1],
							"rotation": [0, 0, -67.5],
							"uv": {
								"north": {"uv": [49, 14], "uv_size": [-1, 2]},
								"east": {"uv": [18, 48], "uv_size": [-1, 2]},
								"south": {"uv": [49, 16], "uv_size": [-1, 2]},
								"west": {"uv": [17, 48], "uv_size": [-1, 2]},
								"up": {"uv": [35, 27], "uv_size": [-1, 1]},
								"down": {"uv": [9, 36], "uv_size": [-1, -1]}
							}
						},
						{
							"origin": [-2.02996, 28.53517, -1.2],
							"size": [4.7, 5.8, 5],
							"pivot": [5.40321, 27.1671, 3.28312],
							"rotation": [0, 0, 27.5],
							"uv": {
								"north": {"uv": [18, 19], "uv_size": [5, 6]},
								"east": {"uv": [21, 0], "uv_size": [5, 6]},
								"south": {"uv": [0, 22], "uv_size": [5, 6]},
								"west": {"uv": [23, 19], "uv_size": [5, 6]},
								"up": {"uv": [14, 25], "uv_size": [5, 5]},
								"down": {"uv": [19, 30], "uv_size": [5, -5]}
							}
						},
						{
							"origin": [-1.27038, 27.17801, 0.89672],
							"size": [5, 4.6, 4.5],
							"pivot": [5.40321, 27.1671, 3.28312],
							"rotation": [-6.3891, -18.04175, 55.09983],
							"uv": {
								"north": {"uv": [24, 25], "uv_size": [5, 5]},
								"east": {"uv": [26, 0], "uv_size": [5, 5]},
								"south": {"uv": [0, 28], "uv_size": [5, 5]},
								"west": {"uv": [28, 18], "uv_size": [5, 5]},
								"up": {"uv": [29, 5], "uv_size": [5, 5]},
								"down": {"uv": [29, 28], "uv_size": [5, -5]}
							}
						},
						{
							"origin": [-2.87116, 28.14836, -1.2],
							"size": [4.7, 5.8, 5],
							"pivot": [-6.29415, 27.38466, 3.30812],
							"rotation": [0, 0, -27.5],
							"uv": {
								"north": {"uv": [23, 19], "uv_size": [-5, 6]},
								"east": {"uv": [28, 19], "uv_size": [-5, 6]},
								"south": {"uv": [5, 22], "uv_size": [-5, 6]},
								"west": {"uv": [26, 0], "uv_size": [-5, 6]},
								"up": {"uv": [19, 25], "uv_size": [-5, 5]},
								"down": {"uv": [24, 30], "uv_size": [-5, -5]}
							}
						},
						{
							"origin": [-11.9855, 25.9441, 7.04041],
							"size": [3.3, 0.5, 1.7],
							"pivot": [-6.46059, 26.42422, 3.67845],
							"rotation": [-53.44738, -14.88521, -35.60246],
							"uv": {
								"north": {"uv": [11, 18], "uv_size": [-3, 1]},
								"east": {"uv": [28, 5], "uv_size": [-2, 1]},
								"south": {"uv": [24, 6], "uv_size": [-3, 1]},
								"west": {"uv": [27, 18], "uv_size": [-2, 1]},
								"up": {"uv": [50, 42], "uv_size": [-3, 2]},
								"down": {"uv": [50, 46], "uv_size": [-3, -2]}
							}
						},
						{
							"origin": [-11.55259, 26.70124, 4.83884],
							"size": [3.3, 1.8, 2.1],
							"pivot": [-6.46059, 26.42422, 3.67845],
							"rotation": [-30.25226, -14.10951, -83.51382],
							"uv": {
								"north": {"uv": [50, 36], "uv_size": [-3, 2]},
								"east": {"uv": [50, 10], "uv_size": [-2, 2]},
								"south": {"uv": [50, 38], "uv_size": [-3, 2]},
								"west": {"uv": [50, 8], "uv_size": [-2, 2]},
								"up": {"uv": [42, 47], "uv_size": [-3, 2]},
								"down": {"uv": [50, 42], "uv_size": [-3, -2]}
							}
						},
						{
							"origin": [-10.02792, 26.65731, 2.52031],
							"size": [3.3, 2, 2.4],
							"pivot": [-6.46059, 26.42422, 3.67845],
							"rotation": [-31.9864, 22.7213, -105.16806],
							"uv": {
								"north": {"uv": [50, 30], "uv_size": [-3, 2]},
								"east": {"uv": [10, 48], "uv_size": [-2, 2]},
								"south": {"uv": [50, 32], "uv_size": [-3, 2]},
								"west": {"uv": [50, 4], "uv_size": [-2, 2]},
								"up": {"uv": [36, 47], "uv_size": [-3, 2]},
								"down": {"uv": [50, 36], "uv_size": [-3, -2]}
							}
						},
						{
							"origin": [-8.0265, 26.13159, 2.54264],
							"size": [3.3, 2.6, 2.7],
							"pivot": [-6.46059, 26.42422, 3.67845],
							"rotation": [-15.39097, 34.62078, -88.54124],
							"uv": {
								"north": {"uv": [3, 45], "uv_size": [-3, 3]},
								"east": {"uv": [22, 45], "uv_size": [-3, 3]},
								"south": {"uv": [19, 45], "uv_size": [-3, 3]},
								"west": {"uv": [48, 3], "uv_size": [-3, 3]},
								"up": {"uv": [25, 45], "uv_size": [-3, 3]},
								"down": {"uv": [48, 26], "uv_size": [-3, -3]}
							}
						},
						{
							"origin": [-5.73172, 25.86347, 1.82238],
							"size": [4.2, 3, 3.7],
							"pivot": [-6.46059, 26.42422, 3.67845],
							"rotation": [-12.89183, 14.21987, -78.19922],
							"uv": {
								"north": {"uv": [46, 8], "uv_size": [-4, 3]},
								"east": {"uv": [46, 17], "uv_size": [-4, 3]},
								"south": {"uv": [46, 14], "uv_size": [-4, 3]},
								"west": {"uv": [46, 11], "uv_size": [-4, 3]},
								"up": {"uv": [42, 5], "uv_size": [-4, 4]},
								"down": {"uv": [43, 4], "uv_size": [-4, -4]}
							}
						},
						{
							"origin": [-3.51001, 25.99572, 1.34143],
							"size": [5, 4.6, 4.5],
							"pivot": [-6.46059, 26.42422, 3.67845],
							"rotation": [-6.3891, 18.04175, -55.09983],
							"uv": {
								"north": {"uv": [29, 25], "uv_size": [-5, 5]},
								"east": {"uv": [33, 18], "uv_size": [-5, 5]},
								"south": {"uv": [5, 28], "uv_size": [-5, 5]},
								"west": {"uv": [31, 0], "uv_size": [-5, 5]},
								"up": {"uv": [34, 5], "uv_size": [-5, 5]},
								"down": {"uv": [34, 28], "uv_size": [-5, -5]}
							}
						},
						{
							"origin": [4.52702, 27.84568, 1.76391],
							"size": [3.3, 2.6, 2.7],
							"pivot": [5.40321, 27.1671, 3.28312],
							"rotation": [-15.39097, -34.62078, 88.54124],
							"uv": {
								"north": {"uv": [0, 45], "uv_size": [3, 3]},
								"east": {"uv": [45, 3], "uv_size": [3, 3]},
								"south": {"uv": [16, 45], "uv_size": [3, 3]},
								"west": {"uv": [19, 45], "uv_size": [3, 3]},
								"up": {"uv": [22, 45], "uv_size": [3, 3]},
								"down": {"uv": [45, 26], "uv_size": [3, -3]}
							}
						},
						{
							"origin": [1.48597, 27.501, 1.37767],
							"size": [4.2, 3, 3.7],
							"pivot": [5.40321, 27.1671, 3.28312],
							"rotation": [-12.89183, -14.21987, 78.19922],
							"uv": {
								"north": {"uv": [42, 8], "uv_size": [4, 3]},
								"east": {"uv": [42, 11], "uv_size": [4, 3]},
								"south": {"uv": [42, 14], "uv_size": [4, 3]},
								"west": {"uv": [42, 17], "uv_size": [4, 3]},
								"up": {"uv": [38, 5], "uv_size": [4, 4]},
								"down": {"uv": [39, 4], "uv_size": [4, -4]}
							}
						},
						{
							"origin": [7.93054, 28.57766, 4.46826],
							"size": [3.3, 1.8, 2.1],
							"pivot": [5.40321, 27.1671, 3.28312],
							"rotation": [-30.25226, 14.10951, 83.51382],
							"uv": {
								"north": {"uv": [47, 36], "uv_size": [3, 2]},
								"east": {"uv": [48, 8], "uv_size": [2, 2]},
								"south": {"uv": [47, 38], "uv_size": [3, 2]},
								"west": {"uv": [48, 10], "uv_size": [2, 2]},
								"up": {"uv": [39, 47], "uv_size": [3, 2]},
								"down": {"uv": [47, 42], "uv_size": [3, -2]}
							}
						},
						{
							"origin": [6.2294, 28.53373, 1.64644],
							"size": [3.3, 2, 2.4],
							"pivot": [5.40321, 27.1671, 3.28312],
							"rotation": [-31.9864, -22.7213, 105.16806],
							"uv": {
								"north": {"uv": [47, 30], "uv_size": [3, 2]},
								"east": {"uv": [48, 4], "uv_size": [2, 2]},
								"south": {"uv": [47, 32], "uv_size": [3, 2]},
								"west": {"uv": [8, 48], "uv_size": [2, 2]},
								"up": {"uv": [33, 47], "uv_size": [3, 2]},
								"down": {"uv": [47, 36], "uv_size": [3, -2]}
							}
						},
						{
							"origin": [8.77541, 27.26743, 7.06105],
							"size": [3.3, 0.5, 1.7],
							"pivot": [5.40321, 27.1671, 3.28312],
							"rotation": [-53.44738, 14.88521, 35.60246],
							"uv": {
								"north": {"uv": [8, 18], "uv_size": [3, 1]},
								"east": {"uv": [25, 18], "uv_size": [2, 1]},
								"south": {"uv": [21, 6], "uv_size": [3, 1]},
								"west": {"uv": [26, 5], "uv_size": [2, 1]},
								"up": {"uv": [47, 42], "uv_size": [3, 2]},
								"down": {"uv": [47, 46], "uv_size": [3, -2]}
							}
						}
					]
				},
				{
					"name": "armorBody",
					"pivot": [0, 27.25779, 0.98312],
					"cubes": [
						{
							"origin": [-1, 15.50048, 0.06543],
							"size": [2, 2, 4],
							"pivot": [0, 18.25095, 2.04362],
							"rotation": [2.5, 0, 0],
							"uv": {
								"north": {"uv": [34, 14], "uv_size": [2, 2]},
								"east": {"uv": [45, 6], "uv_size": [4, 2]},
								"south": {"uv": [36, 33], "uv_size": [2, 2]},
								"west": {"uv": [45, 26], "uv_size": [4, 2]},
								"up": {"uv": [25, 45], "uv_size": [2, 4]},
								"down": {"uv": [45, 32], "uv_size": [2, -4]}
							}
						},
						{
							"origin": [-2.6, 17.50143, 0.02181],
							"size": [5.2, 5, 4],
							"pivot": [0, 18.25095, 2.04362],
							"rotation": [2.5, 0, 0],
							"uv": {
								"north": {"uv": [9, 25], "uv_size": [5, 5]},
								"east": {"uv": [38, 5], "uv_size": [-4, 5]},
								"south": {"uv": [25, 13], "uv_size": [5, 5]},
								"west": {"uv": [34, 5], "uv_size": [4, 5]},
								"up": {"uv": [34, 10], "uv_size": [5, 4]},
								"down": {"uv": [34, 27], "uv_size": [5, -4]}
							}
						},
						{
							"origin": [-1.3, 27.80982, 0.11627],
							"size": [2.6, 3, 2.4],
							"pivot": [0, 27.25779, 2.48312],
							"rotation": [2.5, 0, 0],
							"uv": {
								"north": {"uv": [43, 0], "uv_size": [3, 3]},
								"east": {"uv": [43, 45], "uv_size": [2, 3]},
								"south": {"uv": [10, 44], "uv_size": [3, 3]},
								"west": {"uv": [45, 43], "uv_size": [2, 3]},
								"up": {"uv": [30, 16], "uv_size": [3, 2]},
								"down": {"uv": [46, 2], "uv_size": [3, -2]}
							}
						},
						{
							"origin": [-3.8, 22.56255, -1.69476],
							"size": [7.6, 3.2, 3.2],
							"pivot": [0, 25.77118, 1.2024],
							"rotation": [-50, 0, 0],
							"uv": {
								"north": {"uv": [16, 7], "uv_size": [8, 4]},
								"east": {"uv": [16, 37], "uv_size": [4, 4]},
								"south": {"uv": [17, 11], "uv_size": [8, 4]},
								"west": {"uv": [20, 37], "uv_size": [-4, 4]},
								"up": {"uv": [17, 15], "uv_size": [8, 4]},
								"down": {"uv": [0, 22], "uv_size": [8, -4]}
							}
						},
						{
							"origin": [-4, 22.4, -0.9],
							"size": [8, 6.1, 5.1],
							"pivot": [0, 25.37118, 0.6024],
							"rotation": [-5, 0, 0],
							"uv": {
								"north": {"uv": [0, 0], "uv_size": [8, 6]},
								"east": {"uv": [12, 12], "uv_size": [-6, 6]},
								"south": {"uv": [0, 6], "uv_size": [8, 6]},
								"west": {"uv": [6, 12], "uv_size": [6, 6]},
								"up": {"uv": [8, 0], "uv_size": [8, 6]},
								"down": {"uv": [8, 12], "uv_size": [8, -6]}
							}
						},
						{
							"origin": [-2.2, 15.61009, 7.80596],
							"size": [4.5, 6, 4.4],
							"pivot": [0.05, 8.74617, 9.3198],
							"rotation": [37.5, 0, 0],
							"uv": {
								"north": {"uv": [8, 19], "uv_size": [5, 6]},
								"east": {"uv": [29, 28], "uv_size": [4, 6]},
								"south": {"uv": [13, 19], "uv_size": [5, 6]},
								"west": {"uv": [33, 28], "uv_size": [-4, 6]},
								"down": {"uv": [33, 39], "uv_size": [5, -4]}
							}
						},
						{
							"origin": [-1.7, 9.75504, 5.8467],
							"size": [3.5, 6, 3.4],
							"pivot": [0.05, 5.60452, 7.49264],
							"rotation": [12.5, 0, 0],
							"uv": {
								"north": {"uv": [30, 10], "uv_size": [4, 6]},
								"east": {"uv": [36, 14], "uv_size": [3, 6]},
								"south": {"uv": [13, 30], "uv_size": [4, 6]},
								"west": {"uv": [39, 14], "uv_size": [-3, 6]},
								"up": {"uv": [10, 41], "uv_size": [4, 3]},
								"down": {"uv": [14, 44], "uv_size": [4, -3]}
							}
						},
						{
							"origin": [-1.2, 7.62097, 7.8122],
							"size": [2.5, 5, 3.4],
							"inflate": -0.025,
							"pivot": [0.05, 6.4437, 10.44595],
							"rotation": [35, 0, 0],
							"uv": {
								"north": {"uv": [39, 24], "uv_size": [3, 5]},
								"east": {"uv": [28, 39], "uv_size": [3, 5]},
								"south": {"uv": [31, 39], "uv_size": [3, 5]},
								"west": {"uv": [31, 39], "uv_size": [-3, 5]},
								"up": {"uv": [13, 44], "uv_size": [3, 3]},
								"down": {"uv": [44, 23], "uv_size": [3, -3]}
							}
						},
						{
							"origin": [-0.7, 3.68499, 7.89623],
							"size": [1.5, 5, 3.4],
							"inflate": -0.2,
							"pivot": [0.05, 6.4437, 10.44595],
							"rotation": [49.6624, 0, 0],
							"uv": {
								"north": {"uv": [42, 20], "uv_size": [2, 5]},
								"east": {"uv": [0, 40], "uv_size": [3, 5]},
								"south": {"uv": [43, 25], "uv_size": [2, 5]},
								"west": {"uv": [3, 40], "uv_size": [-3, 5]},
								"up": {"uv": [46, 8], "uv_size": [2, 3]},
								"down": {"uv": [46, 14], "uv_size": [2, -3]}
							}
						},
						{
							"origin": [-0.6, 0.95054, 6.9146],
							"size": [1.3, 5, 2.4],
							"inflate": -0.2,
							"pivot": [0.05, 6.4437, 10.44595],
							"rotation": [87.1624, 0, 0],
							"uv": {
								"north": {"uv": [43, 30], "uv_size": [2, 5]},
								"east": {"uv": [43, 35], "uv_size": [2, 5]},
								"south": {"uv": [43, 40], "uv_size": [2, 5]},
								"west": {"uv": [45, 35], "uv_size": [-2, 5]},
								"up": {"uv": [47, 46], "uv_size": [2, 2]},
								"down": {"uv": [0, 50], "uv_size": [2, -2]}
							}
						}
					]
				},
				{
					"name": "armorLeftArm",
					"pivot": [5.23171, 25.41061, 5.0011]
				},
				{
					"name": "rotleft",
					"parent": "armorLeftArm",
					"pivot": [4.94325, 22.6669, 5.39106],
					"rotation": [90, 0, 0],
					"cubes": [
						{
							"origin": [5.73662, 15.11767, 2.05266],
							"size": [2.7, 4.8, 3.7],
							"pivot": [6.41748, 13.85639, 3.69448],
							"rotation": [-28.0593, -62.98276, 11.72786],
							"uv": {
								"north": {"uv": [40, 34], "uv_size": [3, 5]},
								"east": {"uv": [8, 36], "uv_size": [4, 5]},
								"south": {"uv": [40, 39], "uv_size": [3, 5]},
								"west": {"uv": [12, 36], "uv_size": [4, 5]},
								"up": {"uv": [18, 41], "uv_size": [3, 4]},
								"down": {"uv": [21, 45], "uv_size": [3, -4]}
							}
						},
						{
							"origin": [5.97822, 11.42473, 2.36295],
							"size": [2.2, 4.2, 3.2],
							"pivot": [6.41748, 13.85639, 3.69448],
							"rotation": [-27.15963, -61.41574, 18.25466],
							"uv": {
								"north": {"uv": [45, 32], "uv_size": [2, 4]},
								"east": {"uv": [37, 41], "uv_size": [3, 4]},
								"south": {"uv": [45, 36], "uv_size": [2, 4]},
								"west": {"uv": [42, 4], "uv_size": [3, 4]},
								"up": {"uv": [46, 14], "uv_size": [2, 3]},
								"down": {"uv": [46, 20], "uv_size": [2, -3]}
							}
						},
						{
							"origin": [5.82242, 8.64848, 1.85862],
							"size": [2.4, 3.1, 3.2],
							"pivot": [6.41748, 13.85639, 3.69448],
							"rotation": [-20.01578, -60.50591, 23.23916],
							"uv": {
								"north": {"uv": [45, 46], "uv_size": [2, 3]},
								"east": {"uv": [28, 44], "uv_size": [3, 3]},
								"south": {"uv": [10, 47], "uv_size": [2, 3]},
								"west": {"uv": [31, 44], "uv_size": [3, 3]},
								"up": {"uv": [12, 47], "uv_size": [2, 3]},
								"down": {"uv": [14, 50], "uv_size": [2, -3]}
							}
						},
						{
							"origin": [6.44951, 10.18743, 1.75862],
							"size": [0.8, 1.6, 0.9],
							"pivot": [6.41748, 13.85639, 3.69448],
							"rotation": [-46.5764, -47.70269, 55.53527],
							"uv": {
								"north": {"uv": [28, 23], "uv_size": [1, 2]},
								"east": {"uv": [28, 37], "uv_size": [1, 2]},
								"south": {"uv": [37, 39], "uv_size": [1, 2]},
								"west": {"uv": [44, 23], "uv_size": [1, 2]},
								"up": {"uv": [16, 11], "uv_size": [1, 1]},
								"down": {"uv": [11, 19], "uv_size": [1, -1]}
							}
						},
						{
							"origin": [5.93662, 16.21767, 2.75266],
							"size": [2.8, 3.4, 2.3],
							"pivot": [6.41748, 13.85639, 3.69448],
							"rotation": [-28.0593, -62.98276, 11.72786],
							"uv": {
								"north": {"uv": [34, 44], "uv_size": [3, 3]},
								"east": {"uv": [47, 20], "uv_size": [2, 3]},
								"south": {"uv": [40, 44], "uv_size": [3, 3]},
								"west": {"uv": [28, 47], "uv_size": [2, 3]},
								"up": {"uv": [47, 28], "uv_size": [3, 2]},
								"down": {"uv": [30, 49], "uv_size": [3, -2]}
							}
						},
						{
							"origin": [4.04325, 19.0669, 4.24106],
							"size": [1.8, 7.6, 2.3],
							"pivot": [4.94325, 22.6669, 5.39106],
							"rotation": [9.74407, -33.95045, -5.71779],
							"uv": {
								"north": {"uv": [3, 33], "uv_size": [2, 8]},
								"east": {"uv": [24, 37], "uv_size": [2, 8]},
								"south": {"uv": [26, 37], "uv_size": [2, 8]},
								"west": {"uv": [38, 33], "uv_size": [2, 8]},
								"up": {"uv": [2, 48], "uv_size": [2, 2]},
								"down": {"uv": [48, 4], "uv_size": [2, -2]}
							}
						}
					]
				},
				{
					"name": "armorRightArm",
					"pivot": [-5.23171, 25.41061, 5.0011]
				},
				{
					"name": "rotright",
					"parent": "armorRightArm",
					"pivot": [-4.94325, 22.6669, 5.39106],
					"rotation": [90, 0, 0],
					"cubes": [
						{
							"origin": [-5.37536, 13.83484, -2.8399],
							"size": [2.7, 4.8, 3.7],
							"pivot": [-0.75, 14.04743, 3.61834],
							"rotation": [-28.0593, 62.98276, -11.72786],
							"uv": {
								"north": {"uv": [43, 34], "uv_size": [-3, 5]},
								"east": {"uv": [16, 36], "uv_size": [-4, 5]},
								"south": {"uv": [43, 39], "uv_size": [-3, 5]},
								"west": {"uv": [12, 36], "uv_size": [-4, 5]},
								"up": {"uv": [21, 41], "uv_size": [-3, 4]},
								"down": {"uv": [24, 45], "uv_size": [-3, -4]}
							}
						},
						{
							"origin": [-5.18137, 10.86914, -2.6602],
							"size": [2.2, 4.2, 3.2],
							"pivot": [-0.75, 14.04743, 3.61834],
							"rotation": [-27.15963, 61.41574, -18.25466],
							"uv": {
								"north": {"uv": [47, 32], "uv_size": [-2, 4]},
								"east": {"uv": [45, 4], "uv_size": [-3, 4]},
								"south": {"uv": [47, 36], "uv_size": [-2, 4]},
								"west": {"uv": [40, 41], "uv_size": [-3, 4]},
								"up": {"uv": [48, 14], "uv_size": [-2, 3]},
								"down": {"uv": [48, 20], "uv_size": [-2, -3]}
							}
						},
						{
							"origin": [-5.22223, 9.21463, -3.20826],
							"size": [2.4, 3.1, 3.2],
							"pivot": [-0.75, 14.04743, 3.61834],
							"rotation": [-20.01578, 60.50591, -23.23916],
							"uv": {
								"north": {"uv": [47, 46], "uv_size": [-2, 3]},
								"east": {"uv": [34, 44], "uv_size": [-3, 3]},
								"south": {"uv": [12, 47], "uv_size": [-2, 3]},
								"west": {"uv": [31, 44], "uv_size": [-3, 3]},
								"up": {"uv": [14, 47], "uv_size": [-2, 3]},
								"down": {"uv": [16, 50], "uv_size": [-2, -3]}
							}
						},
						{
							"origin": [-3.90273, 11.74575, -3.30826],
							"size": [0.8, 1.6, 0.9],
							"pivot": [-0.75, 14.04743, 3.61834],
							"rotation": [-46.5764, 47.70269, -55.53527],
							"uv": {
								"north": {"uv": [29, 23], "uv_size": [-1, 2]},
								"east": {"uv": [45, 23], "uv_size": [-1, 2]},
								"south": {"uv": [38, 39], "uv_size": [-1, 2]},
								"west": {"uv": [29, 37], "uv_size": [-1, 2]},
								"up": {"uv": [17, 11], "uv_size": [-1, 1]},
								"down": {"uv": [12, 19], "uv_size": [-1, -1]}
							}
						},
						{
							"origin": [-5.67536, 14.93484, -2.1399],
							"size": [2.8, 3.4, 2.3],
							"pivot": [-0.75, 14.04743, 3.61834],
							"rotation": [-28.0593, 62.98276, -11.72786],
							"uv": {
								"north": {"uv": [37, 44], "uv_size": [-3, 3]},
								"east": {"uv": [30, 47], "uv_size": [-2, 3]},
								"south": {"uv": [43, 44], "uv_size": [-3, 3]},
								"west": {"uv": [49, 20], "uv_size": [-2, 3]},
								"up": {"uv": [50, 28], "uv_size": [-3, 2]},
								"down": {"uv": [33, 49], "uv_size": [-3, -2]}
							}
						},
						{
							"origin": [-5.84325, 19.0669, 4.24106],
							"size": [1.8, 7.6, 2.3],
							"pivot": [-4.94325, 22.6669, 5.39106],
							"rotation": [9.74407, 33.95045, 5.71779],
							"uv": {
								"north": {"uv": [5, 33], "uv_size": [-2, 8]},
								"east": {"uv": [40, 33], "uv_size": [-2, 8]},
								"south": {"uv": [28, 37], "uv_size": [-2, 8]},
								"west": {"uv": [26, 37], "uv_size": [-2, 8]},
								"up": {"uv": [4, 48], "uv_size": [-2, 2]},
								"down": {"uv": [50, 4], "uv_size": [-2, -2]}
							}
						}
					]
				},
				{
					"name": "armorLeftLeg",
					"pivot": [1.2491, 16.96028, 1.1206],
					"cubes": [
						{
							"origin": [0.79369, 11.02308, -1.69404],
							"size": [3.3, 7, 3.4],
							"pivot": [3.2491, 7.96028, 0.7206],
							"rotation": [-15.13275, -7.84638, -1.46112],
							"uv": {
								"north": {"uv": [17, 30], "uv_size": [3, 7]},
								"east": {"uv": [20, 30], "uv_size": [3, 7]},
								"south": {"uv": [23, 30], "uv_size": [3, 7]},
								"west": {"uv": [26, 30], "uv_size": [3, 7]},
								"up": {"uv": [5, 22], "uv_size": [3, 3]},
								"down": {"uv": [36, 23], "uv_size": [3, -3]}
							}
						},
						{
							"origin": [1.67071, 5.12002, 1.44524],
							"size": [2.3, 7.2, 2.9],
							"pivot": [3.3491, 7.96028, 1.3206],
							"rotation": [25.10461, -5.69695, -6.44029],
							"uv": {
								"north": {"uv": [3, 41], "uv_size": [2, 7]},
								"east": {"uv": [5, 32], "uv_size": [3, 7]},
								"south": {"uv": [8, 41], "uv_size": [2, 7]},
								"west": {"uv": [0, 33], "uv_size": [3, 7]},
								"up": {"uv": [37, 45], "uv_size": [2, 3]},
								"down": {"uv": [45, 43], "uv_size": [2, -3]}
							}
						},
						{
							"origin": [2.36982, 1.85903, 3.65848],
							"size": [1.3, 6.7, 2.5],
							"pivot": [3.3491, 6.76028, 2.2206],
							"rotation": [-22.42444, -7.14727, -2.28334],
							"uv": {
								"north": {"uv": [7, 44], "uv_size": [1, 7]},
								"east": {"uv": [33, 16], "uv_size": [3, 7]},
								"south": {"uv": [27, 45], "uv_size": [1, 7]},
								"west": {"uv": [33, 28], "uv_size": [3, 7]},
								"up": {"uv": [29, 10], "uv_size": [1, 3]},
								"down": {"uv": [8, 35], "uv_size": [1, -3]}
							}
						},
						{
							"origin": [2.69726, 5.00886, 5.16555],
							"size": [1.3, 4.7, 2.5],
							"pivot": [3.3491, 6.76028, 1.1206],
							"rotation": [-90, -7.5, -1],
							"uv": {
								"north": {"uv": [24, 6], "uv_size": [1, 5]},
								"east": {"uv": [5, 39], "uv_size": [3, 5]},
								"south": {"uv": [36, 47], "uv_size": [1, 5]},
								"west": {"uv": [39, 9], "uv_size": [3, 5]},
								"up": {"uv": [39, 29], "uv_size": [1, 3]},
								"down": {"uv": [42, 28], "uv_size": [1, -3]}
							}
						},
						{
							"origin": [1.69726, 2.00886, 7.66555],
							"size": [3.3, 4.7, 0],
							"pivot": [3.3491, 6.76028, 1.1206],
							"rotation": [-90, -7.5, -1],
							"uv": {
								"north": {"uv": [39, 14], "uv_size": [3, 5]},
								"east": {"uv": [0, 0], "uv_size": [0, 5]},
								"south": {"uv": [39, 19], "uv_size": [3, 5]},
								"west": {"uv": [0, 0], "uv_size": [0, 5]},
								"up": {"uv": [0, 0], "uv_size": [3, 0]},
								"down": {"uv": [0, 0], "uv_size": [3, 0]}
							}
						}
					]
				},
				{
					"name": "armorRightLeg",
					"pivot": [-1.2491, 17.96028, 1.1206],
					"cubes": [
						{
							"origin": [-4.09369, 11.02308, -1.69404],
							"size": [3.3, 7, 3.4],
							"pivot": [-3.2491, 7.96028, 0.7206],
							"rotation": [-15.13275, 7.84638, 1.46112],
							"uv": {
								"north": {"uv": [20, 30], "uv_size": [-3, 7]},
								"east": {"uv": [29, 30], "uv_size": [-3, 7]},
								"south": {"uv": [26, 30], "uv_size": [-3, 7]},
								"west": {"uv": [23, 30], "uv_size": [-3, 7]},
								"up": {"uv": [8, 22], "uv_size": [-3, 3]},
								"down": {"uv": [39, 23], "uv_size": [-3, -3]}
							}
						},
						{
							"origin": [-3.97071, 5.12002, 1.44524],
							"size": [2.3, 7.2, 2.9],
							"pivot": [-3.3491, 7.96028, 1.3206],
							"rotation": [25.10461, 5.69695, 6.44029],
							"uv": {
								"north": {"uv": [5, 41], "uv_size": [-2, 7]},
								"east": {"uv": [3, 33], "uv_size": [-3, 7]},
								"south": {"uv": [10, 41], "uv_size": [-2, 7]},
								"west": {"uv": [8, 32], "uv_size": [-3, 7]},
								"up": {"uv": [39, 45], "uv_size": [-2, 3]},
								"down": {"uv": [47, 43], "uv_size": [-2, -3]}
							}
						},
						{
							"origin": [-3.66982, 1.85903, 3.65848],
							"size": [1.3, 6.7, 2.5],
							"pivot": [-3.3491, 6.76028, 2.2206],
							"rotation": [-22.42444, 7.14727, 2.28334],
							"uv": {
								"north": {"uv": [8, 44], "uv_size": [-1, 7]},
								"east": {"uv": [36, 28], "uv_size": [-3, 7]},
								"south": {"uv": [28, 45], "uv_size": [-1, 7]},
								"west": {"uv": [36, 16], "uv_size": [-3, 7]},
								"up": {"uv": [30, 10], "uv_size": [-1, 3]},
								"down": {"uv": [9, 35], "uv_size": [-1, -3]}
							}
						},
						{
							"origin": [-3.99726, 5.00886, 5.16555],
							"size": [1.3, 4.7, 2.5],
							"pivot": [-3.3491, 6.76028, 1.1206],
							"rotation": [-90, 7.5, 1],
							"uv": {
								"north": {"uv": [25, 6], "uv_size": [-1, 5]},
								"east": {"uv": [42, 9], "uv_size": [-3, 5]},
								"south": {"uv": [37, 47], "uv_size": [-1, 5]},
								"west": {"uv": [8, 39], "uv_size": [-3, 5]},
								"up": {"uv": [40, 29], "uv_size": [-1, 3]},
								"down": {"uv": [43, 28], "uv_size": [-1, -3]}
							}
						},
						{
							"origin": [-4.99726, 2.00886, 7.66555],
							"size": [3.3, 4.7, 0],
							"pivot": [-3.3491, 6.76028, 1.1206],
							"rotation": [-90, 7.5, 1],
							"uv": {
								"north": {"uv": [42, 14], "uv_size": [-3, 5]},
								"east": {"uv": [0, 0], "uv_size": [0, 5]},
								"south": {"uv": [42, 19], "uv_size": [-3, 5]},
								"west": {"uv": [0, 0], "uv_size": [0, 5]},
								"up": {"uv": [3, 0], "uv_size": [-3, 0]},
								"down": {"uv": [3, 0], "uv_size": [-3, 0]}
							}
						}
					]
				}
			]
		}
	]
}