{
	"format_version": "1.12.0",
	"minecraft:geometry": [
		{
			"description": {
				"identifier": "geometry.unknown",
				"texture_width": 16,
				"texture_height": 16,
				"visible_bounds_width": 4,
				"visible_bounds_height": 4.5,
				"visible_bounds_offset": [0, 1.75, 0]
			},
			"bones": [
				{
					"name": "armorLeftLeg",
					"pivot": [1.75, 10, 1]
				},
				{
					"name": "armorRightArm",
					"pivot": [-3, 17.75, 1]
				},
				{
					"name": "armorLeftArm",
					"pivot": [3, 17.75, 1]
				},
				{
					"name": "armorHead",
					"pivot": [0, 18, 1]
				},
				{
					"name": "armorRightLeg",
					"pivot": [-1.75, 10, 1]
				},
				{
					"name": "armorBody",
					"pivot": [0, 20, 0],
					"cubes": [
						{
							"origin": [-1, 15, -3.2],
							"size": [2, 2, 1],
							"uv": {
								"north": {"uv": [0, 0], "uv_size": [8, 8]},
								"east": {"uv": [11, 0], "uv_size": [1, 2]},
								"south": {"uv": [13, 0], "uv_size": [2, 2]},
								"west": {"uv": [12, 0], "uv_size": [1, 2]},
								"up": {"uv": [11, 0], "uv_size": [-2, 1]},
								"down": {"uv": [11, 2], "uv_size": [-2, -1]}
							}
						}
					]
				}
			]
		}
	]
}