{
	"format_version": "1.12.0",
	"minecraft:geometry": [
		{
			"description": {
				"identifier": "geometry.unknown",
				"texture_width": 64,
				"texture_height": 64,
				"visible_bounds_width": 3,
				"visible_bounds_height": 3.5,
				"visible_bounds_offset": [0, 1.25, 0]
			},
			"bones": [
				{
					"name": "armorHead",
					"pivot": [-0.00057, 20.24136, -0.06094],
					"cubes": [
						{
							"origin": [-3.29994, 20.22336, -4.39391],
							"size": [6.6, 9.9, 6.6],
							"pivot": [0.00006, 24.07336, -1.09391],
							"rotation": [14.69108, -43.55182, -10.28573],
							"uv": {
								"north": {"uv": [6, 28], "uv_size": [6, 9]},
								"east": {"uv": [0, 28], "uv_size": [6, 9]},
								"south": {"uv": [18, 28], "uv_size": [6, 9]},
								"west": {"uv": [12, 28], "uv_size": [6, 9]},
								"up": {"uv": [6, 22], "uv_size": [6, 6]},
								"down": {"uv": [12, 28], "uv_size": [6, -6]}
							}
						},
						{
							"origin": [-2.02533, 26.26, -4.12392],
							"size": [3.3, 1.1, 0],
							"pivot": [-1.31301, 26.88635, -1.88259],
							"rotation": [30.59002, 35.85529, 35.02653],
							"uv": {
								"north": {"uv": [9, 54], "uv_size": [-3, 1]},
								"east": {"uv": [9, 54], "uv_size": [0, 1]},
								"south": {"uv": [12, 54], "uv_size": [-3, 1]},
								"west": {"uv": [6, 54], "uv_size": [0, 1]},
								"up": {"uv": [9, 54], "uv_size": [-3, 0]},
								"down": {"uv": [12, 54], "uv_size": [-3, 0]}
							}
						},
						{
							"origin": [-3.23155, 26.4133, -2.86842],
							"size": [3.7125, 1.595, 0],
							"pivot": [-3.42301, 27.11635, -2.60759],
							"rotation": [30.60107, 35.75569, 35.033],
							"uv": {
								"north": {"uv": [15, 52], "uv_size": [-3, 1]}
							}
						},
						{
							"origin": [-5.2175, 22.95264, -5.11001],
							"size": [3.7675, 1.5675, 0],
							"pivot": [-0.82693, 23.7252, -5.3108],
							"rotation": [30.50267, 36.63388, 34.97489],
							"uv": {
								"north": {"uv": [17, 55], "uv_size": [-3, 1]}
							}
						},
						{
							"origin": [-4.45, 24.6, -3.06684],
							"size": [3.3, 1.1, 0],
							"pivot": [-3.31301, 24.88635, -3.88259],
							"rotation": [30.57895, 35.95489, 35.02004],
							"uv": {
								"north": {"uv": [9, 56], "uv_size": [-3, 1]},
								"east": {"uv": [9, 56], "uv_size": [0, 1]},
								"south": {"uv": [12, 56], "uv_size": [-2, 1]},
								"west": {"uv": [6, 56], "uv_size": [0, 1]},
								"up": {"uv": [9, 56], "uv_size": [-3, 0]},
								"down": {"uv": [12, 56], "uv_size": [-3, 0]}
							}
						},
						{
							"origin": [-1.27467, 26.26, -4.12392],
							"size": [3.3, 1.1, 0],
							"pivot": [1.31301, 26.88635, -1.88259],
							"rotation": [30.59002, -35.85529, -35.02653],
							"uv": {
								"north": {"uv": [6, 54], "uv_size": [3, 1]},
								"east": {"uv": [6, 54], "uv_size": [0, 1]},
								"south": {"uv": [9, 54], "uv_size": [3, 1]},
								"west": {"uv": [9, 54], "uv_size": [0, 1]},
								"up": {"uv": [6, 54], "uv_size": [3, 0]},
								"down": {"uv": [9, 54], "uv_size": [3, 0]}
							}
						},
						{
							"origin": [-0.48095, 26.4133, -2.86842],
							"size": [3.7125, 1.595, 0],
							"pivot": [3.42301, 27.11635, -2.60759],
							"rotation": [30.60107, -35.75569, -35.033],
							"uv": {
								"north": {"uv": [12, 52], "uv_size": [3, 1]}
							}
						},
						{
							"origin": [1.45, 22.95264, -5.11001],
							"size": [3.7675, 1.5675, 0],
							"pivot": [0.82693, 23.7252, -5.3108],
							"rotation": [30.50267, -36.63388, -34.97489],
							"uv": {
								"north": {"uv": [14, 55], "uv_size": [3, 1]}
							}
						},
						{
							"origin": [1.15, 24.6, -3.06684],
							"size": [3.3, 1.1, 0],
							"pivot": [3.31301, 24.88635, -3.88259],
							"rotation": [30.57895, -35.95489, -35.02004],
							"uv": {
								"north": {"uv": [6, 56], "uv_size": [3, 1]},
								"east": {"uv": [6, 56], "uv_size": [0, 1]},
								"south": {"uv": [10, 56], "uv_size": [2, 1]},
								"west": {"uv": [9, 56], "uv_size": [0, 1]},
								"up": {"uv": [6, 56], "uv_size": [3, 0]},
								"down": {"uv": [9, 56], "uv_size": [3, 0]}
							}
						},
						{
							"origin": [-3.20994, 20.23336, -4.3],
							"size": [6.5, 9.88, 6.5],
							"inflate": -0.1,
							"pivot": [0.00006, 24.07336, -1.09391],
							"rotation": [14.69108, -43.55182, -10.28573],
							"uv": {
								"north": {"uv": [30, 28], "uv_size": [6, 9]},
								"east": {"uv": [24, 28], "uv_size": [6, 9]},
								"south": {"uv": [42, 28], "uv_size": [6, 9]},
								"west": {"uv": [36, 28], "uv_size": [6, 9]},
								"up": {"uv": [30, 22], "uv_size": [6, 6]},
								"down": {"uv": [36, 28], "uv_size": [6, -6]}
							}
						}
					]
				},
				{
					"name": "armorBody",
					"pivot": [0.0001, 19.7477, -0.42853],
					"cubes": [
						{
							"origin": [-5.49994, 13.47586, -2.64391],
							"size": [11, 6.6, 5.5],
							"uv": {
								"north": {"uv": [5, 5], "uv_size": [10, 6]},
								"east": {"uv": [0, 5], "uv_size": [5, 6]},
								"south": {"uv": [20, 5], "uv_size": [10, 6]},
								"west": {"uv": [15, 5], "uv_size": [5, 6]},
								"up": {"uv": [5, 0], "uv_size": [10, 5]},
								"down": {"uv": [15, 5], "uv_size": [10, -5]}
							}
						},
						{
							"origin": [-4.94994, 6.87586, -2.64391],
							"size": [9.9, 6.6, 5.5],
							"uv": {
								"north": {"uv": [5, 16], "uv_size": [9, 6]},
								"east": {"uv": [0, 16], "uv_size": [5, 6]},
								"south": {"uv": [19, 16], "uv_size": [9, 6]},
								"west": {"uv": [14, 16], "uv_size": [5, 6]},
								"up": {"uv": [5, 11], "uv_size": [9, 5]},
								"down": {"uv": [14, 16], "uv_size": [9, -5]}
							}
						}
					]
				},
				{
					"name": "armorRightArm",
					"pivot": [-4.99987, 16.74766, 0],
					"cubes": [
						{
							"origin": [-5.60847, 14.47166, -2.08391],
							"size": [4.38, 5.48, 4.38],
							"inflate": -0.1,
							"pivot": [-5.42135, 19.87569, 0.10609],
							"rotation": [0, 0, 40],
							"uv": {
								"north": {"uv": [36, 15], "uv_size": [-4, 5]},
								"east": {"uv": [40, 15], "uv_size": [-4, 5]},
								"south": {"uv": [44, 15], "uv_size": [-4, 5]},
								"west": {"uv": [32, 15], "uv_size": [-4, 5]},
								"up": {"uv": [36, 11], "uv_size": [-4, 4]},
								"down": {"uv": [40, 15], "uv_size": [-4, -4]}
							}
						},
						{
							"origin": [-4.62053, 17.93851, -0.97391],
							"size": [1.06, 2.16, 2.16],
							"inflate": -0.2,
							"pivot": [-7.74342, 23.33254, 0.10609],
							"rotation": [0, 0, 40],
							"uv": {
								"north": {"uv": [27, 46], "uv_size": [-1, 2]},
								"east": {"uv": [29, 46], "uv_size": [-2, 2]},
								"south": {"uv": [30, 46], "uv_size": [-1, 2]},
								"west": {"uv": [26, 46], "uv_size": [-2, 2]},
								"up": {"uv": [27, 44], "uv_size": [-1, 2]},
								"down": {"uv": [28, 46], "uv_size": [-1, -2]}
							}
						},
						{
							"origin": [-7.86324, 9.6612, -1.54391],
							"size": [3.3, 5.5, 3.3],
							"pivot": [-5.42135, 19.98569, 0.10609],
							"rotation": [0, 0, 10],
							"uv": {
								"north": {"uv": [34, 39], "uv_size": [-3, 5]},
								"east": {"uv": [37, 39], "uv_size": [-3, 5]},
								"south": {"uv": [40, 39], "uv_size": [-3, 5]},
								"west": {"uv": [31, 39], "uv_size": [-3, 5]},
								"up": {"uv": [34, 36], "uv_size": [-3, 3]},
								"down": {"uv": [37, 39], "uv_size": [-3, -3]}
							}
						},
						{
							"origin": [-8.56311, 10.80424, -0.97391],
							"size": [1.06, 2.16, 2.16],
							"inflate": -0.2,
							"pivot": [-8.34122, 21.10872, -0.44391],
							"rotation": [0, 0, 10],
							"uv": {
								"north": {"uv": [33, 46], "uv_size": [-1, 2]},
								"east": {"uv": [35, 46], "uv_size": [-2, 2]},
								"south": {"uv": [36, 46], "uv_size": [-1, 2]},
								"west": {"uv": [32, 46], "uv_size": [-2, 2]},
								"up": {"uv": [33, 44], "uv_size": [-1, 2]},
								"down": {"uv": [34, 46], "uv_size": [-1, -2]}
							}
						},
						{
							"origin": [-7.73061, 10.78424, -0.99391],
							"size": [0, 2.2, 2.2],
							"pivot": [-8.58872, 21.10872, -0.44391],
							"rotation": [0, 0, 10],
							"uv": {
								"north": {"uv": [30, 54], "uv_size": [0, 2]},
								"east": {"uv": [32, 54], "uv_size": [-2, 2]},
								"south": {"uv": [32, 54], "uv_size": [0, 2]},
								"west": {"uv": [30, 54], "uv_size": [-2, 2]},
								"up": {"uv": [30, 52], "uv_size": [0, 2]},
								"down": {"uv": [30, 54], "uv_size": [0, -2]}
							}
						},
						{
							"origin": [-7.34612, 7.78068, -1.97391],
							"size": [1.08, 2.18, 1.08],
							"inflate": -0.1,
							"pivot": [-6.80612, 8.87068, -1.43391],
							"rotation": [0, 0, -20],
							"uv": {
								"north": {"uv": [46, 20], "uv_size": [-1, 2]},
								"east": {"uv": [47, 20], "uv_size": [-1, 2]},
								"south": {"uv": [48, 20], "uv_size": [-1, 2]},
								"west": {"uv": [45, 20], "uv_size": [-1, 2]},
								"up": {"uv": [46, 19], "uv_size": [-1, 1]},
								"down": {"uv": [47, 20], "uv_size": [-1, -1]}
							}
						},
						{
							"origin": [-8.70086, 6.81187, -1.53391],
							"size": [3.28, 3.28, 3.28],
							"inflate": -0.1,
							"pivot": [-5.42135, 19.98569, 0.10609],
							"rotation": [0, 0, 5],
							"uv": {
								"north": {"uv": [6, 46], "uv_size": [-3, 3]},
								"east": {"uv": [9, 46], "uv_size": [-3, 3]},
								"south": {"uv": [12, 46], "uv_size": [-3, 3]},
								"west": {"uv": [3, 46], "uv_size": [-3, 3]},
								"up": {"uv": [6, 43], "uv_size": [-3, 3]},
								"down": {"uv": [9, 46], "uv_size": [-3, -3]}
							}
						}
					]
				},
				{
					"name": "armorLeftArm",
					"pivot": [5.00013, 16.74766, 0],
					"cubes": [
						{
							"origin": [1.22858, 14.47166, -2.08391],
							"size": [4.38, 5.48, 4.38],
							"inflate": -0.1,
							"pivot": [5.42146, 19.87569, 0.10609],
							"rotation": [0, 0, -40],
							"uv": {
								"north": {"uv": [32, 15], "uv_size": [4, 5]},
								"east": {"uv": [28, 15], "uv_size": [4, 5]},
								"south": {"uv": [40, 15], "uv_size": [4, 5]},
								"west": {"uv": [36, 15], "uv_size": [4, 5]},
								"up": {"uv": [32, 11], "uv_size": [4, 4]},
								"down": {"uv": [36, 15], "uv_size": [4, -4]}
							}
						},
						{
							"origin": [3.56065, 17.93851, -0.97391],
							"size": [1.06, 2.16, 2.16],
							"inflate": -0.2,
							"pivot": [7.74353, 23.33254, 0.10609],
							"rotation": [0, 0, -40],
							"uv": {
								"north": {"uv": [26, 46], "uv_size": [1, 2]},
								"east": {"uv": [24, 46], "uv_size": [2, 2]},
								"south": {"uv": [29, 46], "uv_size": [1, 2]},
								"west": {"uv": [27, 46], "uv_size": [2, 2]},
								"up": {"uv": [26, 44], "uv_size": [1, 2]},
								"down": {"uv": [27, 46], "uv_size": [1, -2]}
							}
						},
						{
							"origin": [4.56335, 9.6612, -1.54391],
							"size": [3.3, 5.5, 3.3],
							"pivot": [5.42146, 19.98569, 0.10609],
							"rotation": [0, 0, -10],
							"uv": {
								"north": {"uv": [31, 39], "uv_size": [3, 5]},
								"east": {"uv": [28, 39], "uv_size": [3, 5]},
								"south": {"uv": [37, 39], "uv_size": [3, 5]},
								"west": {"uv": [34, 39], "uv_size": [3, 5]},
								"up": {"uv": [31, 36], "uv_size": [3, 3]},
								"down": {"uv": [34, 39], "uv_size": [3, -3]}
							}
						},
						{
							"origin": [7.50323, 10.80424, -0.97391],
							"size": [1.06, 2.16, 2.16],
							"inflate": -0.2,
							"pivot": [8.34134, 21.10872, -0.44391],
							"rotation": [0, 0, -10],
							"uv": {
								"north": {"uv": [32, 46], "uv_size": [1, 2]},
								"east": {"uv": [30, 46], "uv_size": [2, 2]},
								"south": {"uv": [35, 46], "uv_size": [1, 2]},
								"west": {"uv": [33, 46], "uv_size": [2, 2]},
								"up": {"uv": [32, 44], "uv_size": [1, 2]},
								"down": {"uv": [33, 46], "uv_size": [1, -2]}
							}
						},
						{
							"origin": [7.73073, 10.78424, -0.99391],
							"size": [0, 2.2, 2.2],
							"pivot": [8.58884, 21.10872, -0.44391],
							"rotation": [0, 0, -10],
							"uv": {
								"north": {"uv": [30, 54], "uv_size": [0, 2]},
								"east": {"uv": [28, 54], "uv_size": [2, 2]},
								"south": {"uv": [32, 54], "uv_size": [0, 2]},
								"west": {"uv": [30, 54], "uv_size": [2, 2]},
								"up": {"uv": [30, 52], "uv_size": [0, 2]},
								"down": {"uv": [30, 54], "uv_size": [0, -2]}
							}
						},
						{
							"origin": [5.42098, 6.81187, -1.53391],
							"size": [3.28, 3.28, 3.28],
							"inflate": -0.1,
							"pivot": [5.42146, 19.98569, 0.10609],
							"rotation": [0, 0, -5],
							"uv": {
								"north": {"uv": [3, 46], "uv_size": [3, 3]},
								"east": {"uv": [0, 46], "uv_size": [3, 3]},
								"south": {"uv": [9, 46], "uv_size": [3, 3]},
								"west": {"uv": [6, 46], "uv_size": [3, 3]},
								"up": {"uv": [3, 43], "uv_size": [3, 3]},
								"down": {"uv": [6, 46], "uv_size": [3, -3]}
							}
						},
						{
							"origin": [6.26623, 7.78068, -1.97391],
							"size": [1.08, 2.18, 1.08],
							"inflate": -0.1,
							"pivot": [6.80623, 8.87068, -1.43391],
							"rotation": [0, 0, 20],
							"uv": {
								"north": {"uv": [45, 20], "uv_size": [1, 2]},
								"east": {"uv": [44, 20], "uv_size": [1, 2]},
								"south": {"uv": [47, 20], "uv_size": [1, 2]},
								"west": {"uv": [46, 20], "uv_size": [1, 2]},
								"up": {"uv": [45, 19], "uv_size": [1, 1]},
								"down": {"uv": [46, 20], "uv_size": [1, -1]}
							}
						}
					]
				},
				{
					"name": "armorRightLeg",
					"pivot": [2.99987, 6.74766, 0.57147],
					"cubes": [
						{
							"origin": [-4.94994, 3.57586, -2.09391],
							"size": [3.3, 3.3, 4.4],
							"uv": {
								"north": {"uv": [4, 40], "uv_size": [3, 3]},
								"east": {"uv": [0, 40], "uv_size": [4, 3]},
								"south": {"uv": [11, 40], "uv_size": [3, 3]},
								"west": {"uv": [7, 40], "uv_size": [4, 3]},
								"up": {"uv": [4, 36], "uv_size": [3, 4]},
								"down": {"uv": [7, 40], "uv_size": [3, -4]}
							}
						},
						{
							"origin": [-4.39994, 0.27586, -0.99391],
							"size": [2.2, 3.3, 2.2],
							"uv": {
								"north": {"uv": [46, 11], "uv_size": [2, 3]},
								"east": {"uv": [44, 11], "uv_size": [2, 3]},
								"south": {"uv": [50, 11], "uv_size": [2, 3]},
								"west": {"uv": [48, 11], "uv_size": [2, 3]},
								"up": {"uv": [46, 9], "uv_size": [2, 2]},
								"down": {"uv": [48, 11], "uv_size": [2, -2]}
							}
						},
						{
							"origin": [-5, 4.78424, -0.99391],
							"size": [0, 2.2, 2.2],
							"uv": {
								"north": {"uv": [30, 54], "uv_size": [0, 2]},
								"east": {"uv": [32, 54], "uv_size": [-2, 2]},
								"south": {"uv": [32, 54], "uv_size": [0, 2]},
								"west": {"uv": [30, 54], "uv_size": [-2, 2]},
								"up": {"uv": [30, 52], "uv_size": [0, 2]},
								"down": {"uv": [30, 54], "uv_size": [0, -2]}
							}
						},
						{
							"origin": [-5.56323, 4.80424, -0.97391],
							"size": [1.06, 2.16, 2.16],
							"inflate": -0.2,
							"uv": {
								"north": {"uv": [33, 46], "uv_size": [-1, 2]},
								"east": {"uv": [35, 46], "uv_size": [-2, 2]},
								"south": {"uv": [36, 46], "uv_size": [-1, 2]},
								"west": {"uv": [32, 46], "uv_size": [-2, 2]},
								"up": {"uv": [33, 44], "uv_size": [-1, 2]},
								"down": {"uv": [34, 46], "uv_size": [-1, -2]}
							}
						}
					]
				},
				{
					"name": "armorLeftLeg",
					"pivot": [3.00013, 6.74766, 0.57147],
					"cubes": [
						{
							"origin": [2.20006, 0.27586, -0.99391],
							"size": [2.2, 3.3, 2.2],
							"uv": {
								"north": {"uv": [46, 16], "uv_size": [2, 3]},
								"east": {"uv": [44, 16], "uv_size": [2, 3]},
								"south": {"uv": [50, 16], "uv_size": [2, 3]},
								"west": {"uv": [48, 16], "uv_size": [2, 3]},
								"up": {"uv": [46, 14], "uv_size": [2, 2]},
								"down": {"uv": [48, 16], "uv_size": [2, -2]}
							}
						},
						{
							"origin": [1.65006, 3.57586, -2.09391],
							"size": [3.3, 3.3, 4.4],
							"uv": {
								"north": {"uv": [18, 40], "uv_size": [3, 3]},
								"east": {"uv": [14, 40], "uv_size": [4, 3]},
								"south": {"uv": [25, 40], "uv_size": [3, 3]},
								"west": {"uv": [21, 40], "uv_size": [4, 3]},
								"up": {"uv": [18, 36], "uv_size": [3, 4]},
								"down": {"uv": [21, 40], "uv_size": [3, -4]}
							}
						},
						{
							"origin": [4.50323, 4.80424, -0.97391],
							"size": [1.06, 2.16, 2.16],
							"inflate": -0.2,
							"uv": {
								"north": {"uv": [32, 46], "uv_size": [1, 2]},
								"east": {"uv": [30, 46], "uv_size": [2, 2]},
								"south": {"uv": [35, 46], "uv_size": [1, 2]},
								"west": {"uv": [33, 46], "uv_size": [2, 2]},
								"up": {"uv": [32, 44], "uv_size": [1, 2]},
								"down": {"uv": [33, 46], "uv_size": [1, -2]}
							}
						},
						{
							"origin": [5, 4.78424, -0.99391],
							"size": [0, 2.2, 2.2],
							"uv": {
								"north": {"uv": [30, 54], "uv_size": [0, 2]},
								"east": {"uv": [28, 54], "uv_size": [2, 2]},
								"south": {"uv": [32, 54], "uv_size": [0, 2]},
								"west": {"uv": [30, 54], "uv_size": [2, 2]},
								"up": {"uv": [30, 52], "uv_size": [0, 2]},
								"down": {"uv": [30, 54], "uv_size": [0, -2]}
							}
						}
					]
				}
			]
		}
	]
}