{
  "targets": [
    "swap"
  ],
  "passes": [
    {
  "name": "blur",
  "intarget": "minecraft:main",
  "outtarget": "swap",
  "uniforms": [
    {
      "name": "Radius",
      "values": [ 1.0 ]
    }
  ]
},

    {
      "name": "color_convolve",
      "intarget": "swap",
      "outtarget": "minecraft:main",
      "uniforms": [
        {
          "name": "RedMatrix",
          "values": [ 0.6, 0.0, 0.0 ]
        },
        {
          "name": "GreenMatrix",
          "values": [ 0.0, 1.1, 0.0 ]
        },
        {
          "name": "BlueMatrix",
          "values": [ 0.0, 0.0, 0.6 ]
        }
      ]
    }
  ]
}
