{
	"format_version": "1.12.0",
	"minecraft:geometry": [
		{
			"description": {
				"identifier": "geometry.evo2",
				"texture_width": 64,
				"texture_height": 64,
				"visible_bounds_width": 3,
				"visible_bounds_height": 3.5,
				"visible_bounds_offset": [0, 1.25, 0]
			},
			"bones": [
				{
					"name": "armorHead",
					"pivot": [0, 18.6182, 0.4104],
					"rotation": [2.5, 0, 0]
				},
				{
					"name": "head",
					"parent": "armorHead",
					"pivot": [0, 22.80214, 0.63343]
				},
				{
					"name": "BaseHead",
					"parent": "head",
					"pivot": [0.91089, 20.67672, 3.36611],
					"cubes": [
						{
							"origin": [-5.46536, 20.53285, -5.65159],
							"size": [11.08253, 9.56437, 9.10892],
							"uv": {
								"north": {"uv": [18, 0], "uv_size": [7, 6]},
								"east": {"uv": [31, 0], "uv_size": [-6, 6]},
								"south": {"uv": [0, 21], "uv_size": [7, 6]},
								"west": {"uv": [25, 0], "uv_size": [6, 6]},
								"up": {"uv": [7, 21], "uv_size": [7, 6]},
								"down": {"uv": [14, 27], "uv_size": [7, -6]}
							}
						},
						{
							"origin": [4.60763, 30.14254, -0.40737],
							"size": [1.9736, 1.82178, 1.66997],
							"pivot": [9.868, 34.49193, 5.49152],
							"rotation": [17.84366, 14.97416, 0.78828],
							"uv": {
								"north": {"uv": [31, 15], "uv_size": [1, 1]},
								"east": {"uv": [32, 19], "uv_size": [2, 1]},
								"south": {"uv": [34, 12], "uv_size": [1, 1]},
								"west": {"uv": [22, 33], "uv_size": [2, 1]},
								"up": {"uv": [3, 10], "uv_size": [1, 2]},
								"down": {"uv": [21, 8], "uv_size": [1, -2]}
							}
						},
						{
							"origin": [-6.51045, 24.1386, 2.45037],
							"size": [1.9736, 1.82179, 2.73268],
							"pivot": [0.15182, 28.41931, 8.52783],
							"rotation": [18.32895, -14.9742, 2.41406],
							"uv": {
								"north": {"uv": [34, 21], "uv_size": [1, 1]},
								"east": {"uv": [34, 6], "uv_size": [2, 1]},
								"south": {"uv": [22, 34], "uv_size": [1, 1]},
								"west": {"uv": [34, 7], "uv_size": [2, 1]},
								"up": {"uv": [34, 8], "uv_size": [1, 2]},
								"down": {"uv": [34, 12], "uv_size": [1, -2]}
							}
						},
						{
							"origin": [-6.6262, 27.14751, 2.51407],
							"size": [1.9736, 1.82178, 2.73268],
							"pivot": [0.15182, 31.45562, 8.52783],
							"rotation": [18.06707, -14.9742, 1.59063],
							"uv": {
								"north": {"uv": [34, 19], "uv_size": [1, 1]},
								"east": {"uv": [34, 0], "uv_size": [2, 1]},
								"south": {"uv": [34, 20], "uv_size": [1, 1]},
								"west": {"uv": [34, 1], "uv_size": [2, 1]},
								"up": {"uv": [34, 2], "uv_size": [1, 2]},
								"down": {"uv": [34, 6], "uv_size": [1, -2]}
							}
						},
						{
							"origin": [-6.73903, 30.16071, 2.57248],
							"size": [1.9736, 1.82178, 1.66997],
							"pivot": [0.30363, 34.49193, 8.52783],
							"rotation": [17.84366, -14.9742, 0.78828],
							"uv": {
								"north": {"uv": [34, 17], "uv_size": [1, 1]},
								"east": {"uv": [29, 33], "uv_size": [2, 1]},
								"south": {"uv": [34, 18], "uv_size": [1, 1]},
								"west": {"uv": [33, 30], "uv_size": [2, 1]},
								"up": {"uv": [33, 31], "uv_size": [1, 2]},
								"down": {"uv": [33, 35], "uv_size": [1, -2]}
							}
						},
						{
							"origin": [4.8841, 27.10623, -0.39571],
							"size": [1.9736, 1.82178, 2.73268],
							"pivot": [10.01982, 31.45562, 5.49152],
							"rotation": [18.06707, 17.35244, 1.59063],
							"uv": {
								"north": {"uv": [34, 13], "uv_size": [1, 1]},
								"east": {"uv": [24, 33], "uv_size": [2, 1]},
								"south": {"uv": [34, 14], "uv_size": [1, 1]},
								"west": {"uv": [33, 24], "uv_size": [2, 1]},
								"up": {"uv": [28, 16], "uv_size": [1, 2]},
								"down": {"uv": [33, 27], "uv_size": [1, -2]}
							}
						},
						{
							"origin": [5.00815, 24.06992, -0.37862],
							"size": [1.9736, 1.82178, 2.73268],
							"pivot": [10.01982, 28.41931, 5.49152],
							"rotation": [18.32895, 19.72744, 2.41406],
							"uv": {
								"north": {"uv": [34, 15], "uv_size": [1, 1]},
								"east": {"uv": [26, 33], "uv_size": [2, 1]},
								"south": {"uv": [34, 16], "uv_size": [1, 1]},
								"west": {"uv": [33, 27], "uv_size": [2, 1]},
								"up": {"uv": [28, 33], "uv_size": [1, 2]},
								"down": {"uv": [33, 30], "uv_size": [1, -2]}
							}
						},
						{
							"origin": [-4.25083, 19.16651, -5.49978],
							"size": [9.10892, 1.51815, 0],
							"uv": {
								"north": {"uv": [39, 2], "uv_size": [6, 5]},
								"east": {"uv": [39, 2], "uv_size": [0, 1]},
								"south": {"uv": [45, 2], "uv_size": [6, 1]},
								"west": {"uv": [45, 2], "uv_size": [0, 1]},
								"up": {"uv": [39, 2], "uv_size": [6, 0]},
								"down": {"uv": [45, 2], "uv_size": [6, 0]}
							}
						}
					]
				},
				{
					"name": "LEFT_EYE",
					"parent": "BaseHead",
					"pivot": [3.06397, 26.37234, -5.89463],
					"cubes": [
						{
							"origin": [-0.07591, 24.97322, -5.79041],
							"size": [5.76899, 2.88449, 0.37954],
							"pivot": [2.58086, 26.94682, -5.79041],
							"rotation": [0.43389, -0.75175, -39.98419],
							"uv": {
								"north": {"uv": [59, 0], "uv_size": [5, 3]}
							}
						}
					]
				},
				{
					"name": "PUPIL",
					"parent": "LEFT_EYE",
					"pivot": [3.03631, 27.20479, -5.13556],
					"cubes": [
						{
							"origin": [1.36634, 25.58048, -6.05609],
							"size": [2.58086, 1.66997, 0.37954],
							"pivot": [2.58086, 26.94682, -5.79041],
							"rotation": [0.43389, -0.75175, -39.98419],
							"uv": {
								"north": {"uv": [62, 6], "uv_size": [2, 1]}
							}
						}
					]
				},
				{
					"name": "RIGHT_EYE",
					"parent": "BaseHead",
					"pivot": [-2.91132, 26.35646, -5.89463],
					"cubes": [
						{
							"origin": [-5.69308, 24.97322, -5.79041],
							"size": [5.76899, 2.88449, 0.37954],
							"pivot": [-2.58086, 26.94682, -5.79041],
							"rotation": [0.43389, 0.75175, 39.98419],
							"uv": {
								"north": {"uv": [64, 0], "uv_size": [-5, 3]}
							}
						}
					]
				},
				{
					"name": "PUPIL2",
					"parent": "RIGHT_EYE",
					"pivot": [-2.73268, 26.90116, -5.13556],
					"cubes": [
						{
							"origin": [-3.9472, 25.58048, -6.05609],
							"size": [2.58086, 1.66997, 0.37954],
							"pivot": [-2.58086, 26.94682, -5.79041],
							"rotation": [0.43389, 0.75175, 39.98419],
							"uv": {
								"north": {"uv": [64, 6], "uv_size": [-2, 1]}
							}
						}
					]
				},
				{
					"name": "Jaw",
					"parent": "head",
					"pivot": [-0.34158, 20.02498, -3.3699],
					"cubes": [
						{
							"origin": [-5.31354, 20.53285, -5.80341],
							"size": [9.10893, 1.51815, 0.45545],
							"uv": {
								"north": {"uv": [44, 2], "uv_size": [6, 5]},
								"east": {"uv": [60, 25], "uv_size": [4, 4]},
								"south": {"uv": [45, 2], "uv_size": [6, 1]},
								"west": {"uv": [45, 2], "uv_size": [0, 1]},
								"down": {"uv": [45, 2], "uv_size": [6, 0]}
							}
						},
						{
							"origin": [-5.46536, 16.7613, -6.51611],
							"size": [11.08253, 4.09901, 9.41256],
							"pivot": [0, 33.58104, -0.27746],
							"rotation": [2.5, 0, 0],
							"uv": {
								"north": {"uv": [22, 18], "uv_size": [7, 3]},
								"east": {"uv": [6, 0], "uv_size": [6, 3]},
								"south": {"uv": [12, 27], "uv_size": [7, 3]},
								"west": {"uv": [12, 0], "uv_size": [-6, 3]},
								"up": {"uv": [14, 21], "uv_size": [7, 6]},
								"down": {"uv": [22, 12], "uv_size": [7, -6]}
							}
						}
					]
				},
				{
					"name": "TONGE_BASE",
					"parent": "Jaw",
					"pivot": [0.15182, 19.58752, -0.18167],
					"cubes": [
						{
							"origin": [-2.12542, 19.58752, -1.69983],
							"size": [4.55447, 0, 1.51816],
							"uv": {
								"north": {"uv": [58, 18], "uv_size": [3, 0]},
								"east": {"uv": [50, 18], "uv_size": [8, 0]},
								"south": {"uv": [69, 18], "uv_size": [3, 0]},
								"west": {"uv": [61, 18], "uv_size": [8, 0]},
								"up": {"uv": [56, 9], "uv_size": [7, 2]},
								"down": {"uv": [57, 33], "uv_size": [3, -8]}
							}
						}
					]
				},
				{
					"name": "TONGUE_LOWMID",
					"parent": "TONGE_BASE",
					"pivot": [0.15182, 19.58752, -1.69983],
					"cubes": [
						{
							"origin": [-2.12542, 19.58752, -3.21798],
							"size": [4.55447, 0, 1.51815],
							"uv": {
								"north": {"uv": [58, 18], "uv_size": [3, 0]},
								"east": {"uv": [50, 18], "uv_size": [8, 0]},
								"south": {"uv": [69, 18], "uv_size": [3, 0]},
								"west": {"uv": [61, 18], "uv_size": [8, 0]},
								"up": {"uv": [56, 9], "uv_size": [7, 2]},
								"down": {"uv": [57, 33], "uv_size": [3, -8]}
							}
						}
					]
				},
				{
					"name": "TONGUE_HIGHMID",
					"parent": "TONGUE_LOWMID",
					"pivot": [0.15182, 19.58752, -3.21798],
					"cubes": [
						{
							"origin": [-2.12542, 19.58752, -4.73613],
							"size": [4.55447, 0, 1.51815],
							"uv": {
								"north": {"uv": [58, 18], "uv_size": [3, 0]},
								"east": {"uv": [50, 18], "uv_size": [8, 0]},
								"south": {"uv": [69, 18], "uv_size": [3, 0]},
								"west": {"uv": [61, 18], "uv_size": [8, 0]},
								"up": {"uv": [56, 11], "uv_size": [7, 2]},
								"down": {"uv": [57, 33], "uv_size": [3, -8]}
							}
						}
					]
				},
				{
					"name": "TONGUE_HIGH",
					"parent": "TONGUE_HIGHMID",
					"pivot": [0.15182, 19.58752, -4.73613],
					"rotation": [-177.5, 0, 0],
					"cubes": [
						{
							"origin": [-2.12542, 19.58752, -6.25429],
							"size": [4.55447, 0, 1.51816],
							"uv": {
								"north": {"uv": [58, 18], "uv_size": [3, 0]},
								"east": {"uv": [50, 18], "uv_size": [8, 0]},
								"south": {"uv": [69, 18], "uv_size": [3, 0]},
								"west": {"uv": [61, 18], "uv_size": [8, 0]},
								"up": {"uv": [56, 12], "uv_size": [7, 2]},
								"down": {"uv": [57, 33], "uv_size": [3, -8]}
							}
						}
					]
				},
				{
					"name": "TONGUE_HIGHER",
					"parent": "TONGUE_HIGH",
					"pivot": [0.15182, 19.58752, -6.25429],
					"cubes": [
						{
							"origin": [-2.12542, 19.58752, -7.77244],
							"size": [4.55447, 0, 1.51815],
							"uv": {
								"north": {"uv": [58, 18], "uv_size": [3, 0]},
								"east": {"uv": [50, 18], "uv_size": [8, 0]},
								"south": {"uv": [69, 18], "uv_size": [3, 0]},
								"west": {"uv": [61, 18], "uv_size": [8, 0]},
								"up": {"uv": [56, 13], "uv_size": [7, 2]},
								"down": {"uv": [57, 33], "uv_size": [3, -8]}
							}
						}
					]
				},
				{
					"name": "TONGUE_HIGHEST",
					"parent": "TONGUE_HIGHER",
					"pivot": [0.15182, 19.58752, -7.77244],
					"cubes": [
						{
							"origin": [-2.12542, 19.58752, -9.2906],
							"size": [4.55447, 0, 1.51816],
							"uv": {
								"north": {"uv": [58, 18], "uv_size": [3, 0]},
								"east": {"uv": [50, 18], "uv_size": [8, 0]},
								"south": {"uv": [69, 18], "uv_size": [3, 0]},
								"west": {"uv": [61, 18], "uv_size": [8, 0]},
								"up": {"uv": [56, 14], "uv_size": [7, 2]},
								"down": {"uv": [57, 33], "uv_size": [3, -8]}
							}
						}
					]
				},
				{
					"name": "TONGUE_FINAL",
					"parent": "TONGUE_HIGHEST",
					"pivot": [0.15182, 19.58752, -9.2906],
					"cubes": [
						{
							"origin": [-2.12542, 19.58752, -10.80875],
							"size": [4.55447, 0, 1.51815],
							"uv": {
								"north": {"uv": [58, 18], "uv_size": [3, 0]},
								"east": {"uv": [50, 18], "uv_size": [8, 0]},
								"south": {"uv": [69, 18], "uv_size": [3, 0]},
								"west": {"uv": [61, 18], "uv_size": [8, 0]},
								"up": {"uv": [56, 16], "uv_size": [7, 2]},
								"down": {"uv": [57, 33], "uv_size": [3, -8]}
							}
						}
					]
				},
				{
					"name": "TONGUE_FINALIST",
					"parent": "TONGUE_FINAL",
					"pivot": [0.15182, 19.58752, -10.80875],
					"cubes": [
						{
							"origin": [-2.12542, 19.58752, -12.32691],
							"size": [4.55447, 0, 1.51816],
							"uv": {
								"north": {"uv": [58, 18], "uv_size": [3, 0]},
								"east": {"uv": [50, 18], "uv_size": [8, 0]},
								"south": {"uv": [69, 18], "uv_size": [3, 0]},
								"west": {"uv": [61, 18], "uv_size": [8, 0]},
								"up": {"uv": [56, 17], "uv_size": [7, 2]},
								"down": {"uv": [57, 33], "uv_size": [3, -8]}
							}
						}
					]
				},
				{
					"name": "armorBody",
					"pivot": [0, 12.14524, -0.91089],
					"cubes": [
						{
							"origin": [-1.9736, 4.70628, 2.73268],
							"size": [3.9472, 3.64357, 1.51815],
							"pivot": [0, 6.45216, 3.49176],
							"rotation": [-10, 0, 0],
							"uv": {
								"north": {"uv": [12, 9], "uv_size": [2, 2]},
								"east": {"uv": [29, 10], "uv_size": [2, 2]},
								"south": {"uv": [26, 31], "uv_size": [-2, 2]},
								"west": {"uv": [31, 24], "uv_size": [2, 2]},
								"up": {"uv": [28, 31], "uv_size": [-2, 2]},
								"down": {"uv": [31, 28], "uv_size": [2, -2]}
							}
						}
					]
				},
				{
					"name": "TORSO",
					"parent": "armorBody",
					"pivot": [0, 12.14524, -0.91089],
					"cubes": [
						{
							"origin": [-6.07262, 5.31354, -5.46536],
							"size": [12.14524, 13.66339, 9.10893],
							"pivot": [0, 12.14524, -0.91089],
							"rotation": [-6.5, 0, 0],
							"uv": {
								"north": {"uv": [4, 3], "uv_size": [8, 9]},
								"east": {"uv": [14, 12], "uv_size": [-6, 9]},
								"south": {"uv": [0, 12], "uv_size": [8, 9]},
								"west": {"uv": [8, 12], "uv_size": [6, 9]},
								"up": {"uv": [14, 9], "uv_size": [8, 6]},
								"down": {"uv": [14, 21], "uv_size": [8, -6]}
							}
						}
					]
				},
				{
					"name": "TAIL_BASE",
					"parent": "armorBody",
					"pivot": [0, 6.37625, 4.25083],
					"cubes": [
						{
							"origin": [-1.51815, 4.70628, 3.03631],
							"size": [3.0363, 3.03631, 3.03631],
							"uv": {
								"north": {"uv": [12, 9], "uv_size": [2, 2]},
								"east": {"uv": [29, 10], "uv_size": [2, 2]},
								"south": {"uv": [24, 31], "uv_size": [2, 2]},
								"west": {"uv": [31, 24], "uv_size": [2, 2]},
								"up": {"uv": [26, 31], "uv_size": [2, 2]},
								"down": {"uv": [31, 28], "uv_size": [2, -2]}
							}
						}
					]
				},
				{
					"name": "TAIL_LOWMID",
					"parent": "TAIL_BASE",
					"pivot": [0, 6.37625, 5.76899],
					"cubes": [
						{
							"origin": [-1.36634, 4.85809, 5.46536],
							"size": [2.73268, 2.73268, 3.64357],
							"uv": {
								"north": {"uv": [31, 28], "uv_size": [2, 2]},
								"east": {"uv": [31, 30], "uv_size": [2, 2]},
								"south": {"uv": [32, 6], "uv_size": [2, 2]},
								"west": {"uv": [32, 8], "uv_size": [2, 2]},
								"up": {"uv": [32, 15], "uv_size": [2, 2]},
								"down": {"uv": [32, 19], "uv_size": [2, -2]}
							}
						}
					]
				},
				{
					"name": "TAIL_HIGHMID",
					"parent": "TAIL_LOWMID",
					"pivot": [0, 6.37625, 8.8053],
					"cubes": [
						{
							"origin": [-1.21452, 4.85809, 8.19803],
							"size": [2.42904, 2.42905, 3.94721],
							"uv": {
								"north": {"uv": [24, 33], "uv_size": [2, 2]},
								"east": {"uv": [12, 33], "uv_size": [2, 2]},
								"south": {"uv": [14, 33], "uv_size": [2, 2]},
								"west": {"uv": [16, 33], "uv_size": [2, 2]},
								"up": {"uv": [18, 33], "uv_size": [2, 2]},
								"down": {"uv": [20, 35], "uv_size": [2, -2]}
							}
						}
					]
				},
				{
					"name": "armorLeftArm",
					"pivot": [7.5, 17.575, -0.7]
				},
				{
					"name": "LeftArm2",
					"parent": "armorLeftArm",
					"pivot": [7.3334, 17.35208, -0.41],
					"rotation": [0, 0, -30],
					"cubes": [
						{
							"origin": [2.8695, 7.4114, -2.6],
							"size": [4.38, 11.68, 4.38],
							"uv": {
								"north": {"uv": [0, 27], "uv_size": [3, 8]},
								"east": {"uv": [3, 27], "uv_size": [3, 8]},
								"south": {"uv": [6, 27], "uv_size": [3, 8]},
								"west": {"uv": [9, 27], "uv_size": [3, 8]},
								"up": {"uv": [21, 30], "uv_size": [3, 3]},
								"down": {"uv": [31, 3], "uv_size": [3, -3]}
							}
						}
					]
				},
				{
					"name": "armorRightArm",
					"pivot": [-5.51, 16.94, -0.23]
				},
				{
					"name": "RightArm2",
					"parent": "armorRightArm",
					"pivot": [-4.8334, 16.87708, -0.46],
					"rotation": [0, 0, 30],
					"cubes": [
						{
							"origin": [-7.18219, 6.07522, -2.65],
							"size": [4.38, 11.68, 4.38],
							"uv": {
								"north": {"uv": [3, 27], "uv_size": [-3, 8]},
								"east": {"uv": [12, 27], "uv_size": [-3, 8]},
								"south": {"uv": [9, 27], "uv_size": [-3, 8]},
								"west": {"uv": [6, 27], "uv_size": [-3, 8]},
								"up": {"uv": [24, 30], "uv_size": [-3, 3]},
								"down": {"uv": [34, 3], "uv_size": [-3, -3]}
							}
						}
					]
				},
				{
					"name": "armorLeftLeg",
					"pivot": [3.73, 5.46, 0.644]
				},
				{
					"name": "LeftLeg",
					"parent": "armorLeftLeg",
					"pivot": [3.72628, 4.68547, -0.75908],
					"cubes": [
						{
							"origin": [1.51815, 0, -3.03631],
							"size": [4.55447, 6.07262, 4.55446],
							"pivot": [0.75908, 1.51815, 0],
							"rotation": [0, 0, -2.5],
							"uv": {
								"north": {"uv": [0, 6], "uv_size": [3, 4]},
								"east": {"uv": [25, 27], "uv_size": [3, 4]},
								"south": {"uv": [28, 12], "uv_size": [3, 4]},
								"west": {"uv": [28, 21], "uv_size": [3, 4]},
								"up": {"uv": [18, 6], "uv_size": [3, 3]},
								"down": {"uv": [12, 33], "uv_size": [3, -3]}
							}
						},
						{
							"origin": [1.36634, 0, -4.70628],
							"size": [4.85809, 1.9736, 6.37625],
							"pivot": [0.75908, 1.66997, 0],
							"rotation": [0, -2.5, -2.5],
							"uv": {
								"north": {"uv": [0, 9], "uv_size": [3, 1]},
								"east": {"uv": [25, 30], "uv_size": [2, 1]},
								"south": {"uv": [28, 15], "uv_size": [3, 1]},
								"west": {"uv": [28, 24], "uv_size": [3, 1]},
								"up": {"uv": [18, 6], "uv_size": [3, 3]},
								"down": {"uv": [12, 33], "uv_size": [3, -3]}
							}
						}
					]
				},
				{
					"name": "armorRightLeg",
					"pivot": [-3.805, 5.46, 0.644]
				},
				{
					"name": "RightLeg",
					"parent": "armorRightLeg",
					"pivot": [-3.72628, 4.68547, -0.75908],
					"cubes": [
						{
							"origin": [-6.07262, 0, -3.03631],
							"size": [4.55447, 6.07262, 4.55446],
							"pivot": [-0.75908, 1.51815, 0],
							"rotation": [0, 0, 2.5],
							"uv": {
								"north": {"uv": [3, 6], "uv_size": [-3, 4]},
								"east": {"uv": [31, 21], "uv_size": [-3, 4]},
								"south": {"uv": [31, 12], "uv_size": [-3, 4]},
								"west": {"uv": [28, 27], "uv_size": [-3, 4]},
								"up": {"uv": [21, 6], "uv_size": [-3, 3]},
								"down": {"uv": [15, 33], "uv_size": [-3, -3]}
							}
						},
						{
							"origin": [-6.22443, 0, -4.70628],
							"size": [4.85809, 1.9736, 6.37625],
							"pivot": [-0.75908, 1.66997, 0],
							"rotation": [0, 2.5, 2.5],
							"uv": {
								"north": {"uv": [3, 9], "uv_size": [-3, 1]},
								"east": {"uv": [31, 24], "uv_size": [-3, 1]},
								"south": {"uv": [31, 15], "uv_size": [-3, 1]},
								"west": {"uv": [27, 30], "uv_size": [-2, 1]},
								"up": {"uv": [21, 6], "uv_size": [-3, 3]},
								"down": {"uv": [15, 33], "uv_size": [-3, -3]}
							}
						}
					]
				}
			]
		}
	]
}