{
  "transformers": [
        {
            "type": "palladium:color",
            "color": "##SKIN_PROTO_P3_1",
            "filter": "#8f3e50",
            "ignore_blank": true
          },
          {
            "type": "palladium:color",
            "color": "##SKIN_PROTO_P3_2",
            "filter": "#783436",
            "ignore_blank": true
          },
          {
            "type": "palladium:color",
            "color": "##SKIN_PROTO_P3_3",
            "filter": "#61332a",
            "ignore_blank": true
          },
          {
            "type": "palladium:color",
            "color": "##SKIN_PROTO_P3_4",
            "filter": "#4a2f20",
            "ignore_blank": true
          },
          {
            "type": "palladium:color",
            "color": "##SKIN_PROTO_P3_5",
            "filter": "#332616",
            "ignore_blank": true
          },
          {
            "type": "palladium:color",
            "color": "##SKIN_DEFAULT_1",
            "filter": "#fc2b2b",
            "ignore_blank": true
          },
          {
            "type": "palladium:color",
            "color": "##SKIN_DEFAULT_2",
            "filter": "#de3939",
            "ignore_blank": true
          },
           {
            "type": "palladium:color",
            "color": "##SKIN_DEFAULT_4",
            "filter": "#8f2828",
            "ignore_blank": true
          },
          {
            "type": "palladium:color",
            "color": "##SKIN_DEFAULT_P2_2",
            "filter": "#800d0d",
            "ignore_blank": true
          },
          {
            "type": "palladium:color",
            "color": "##SKIN_DEFAULT_P2_3",
            "filter": "#5e0707",
            "ignore_blank": true
          }

        ],
        "variables": {
            "UNIFORM": {
            "type": "palladium:string_property",
            "property": "uniform"
          },
          "SKIN_PROTO_P3_1": {
            "type": "palladium:string_property",
            "property": "murkgourmand_prototype_skincolor_palette_3_color_1"
          },
          "SKIN_PROTO_P3_2": {
            "type": "palladium:string_property",
            "property": "murkgourmand_prototype_skincolor_palette_3_color_2"
          },
          "SKIN_PROTO_P3_3": {
            "type": "palladium:string_property",
            "property": "murkgourmand_prototype_skincolor_palette_3_color_3"
          },
           "SKIN_PROTO_P3_4": {
            "type": "palladium:string_property",
            "property": "murkgourmand_prototype_skincolor_palette_3_color_4"
          },
          "SKIN_PROTO_P3_5": {
            "type": "palladium:string_property",
            "property": "murkgourmand_prototype_skincolor_palette_3_color_5"
          },
          "SKIN_DEFAULT_1": {
            "type": "palladium:string_property",
            "property": "murkgourmand_default_skincolor_palette_1_color_1"
          },
          "SKIN_DEFAULT_2": {
            "type": "palladium:string_property",
            "property": "murkgourmand_default_skincolor_palette_1_color_2"
          },
          "SKIN_DEFAULT_4": {
            "type": "palladium:string_property",
            "property": "murkgourmand_default_skincolor_palette_1_color_4"
          },
           "SKIN_DEFAULT_P2_2": {
            "type": "palladium:string_property",
            "property": "murkgourmand_default_skincolor_palette_2_color_2"
          },
          "SKIN_DEFAULT_P2_3": {
            "type": "palladium:string_property",
            "property": "murkgourmand_default_skincolor_palette_2_color_3"
          }
        },
  "base": "omni_extras:textures/gui/playlists/gourmand/murk/tongue_spin_#UNIFORM.png"
}