{
  "name": "Opticoid",
  "icon": "#omni_extras:opticoid/opticoid",
  "energy_bars": {
    "energy_meter": {
      "max": 800,
      "auto_increase_per_tick": 8,
      "color": "#4AFF00"
    }
  },
  "persistent_data": true,
  "background": "alienevo:textures/gui/power_screen/power_screen.png",
  "primary_color": "#8ed721",
  "allow_bar_shrinking": false,
  "secondary_color": "#332e27",
  "ability_bar_texture": "alienevo:textures/gui/ability_bar/interface.png",
  "hidden": false,
  "abilities": {
    "opticoid_loop": {
      "type": "palladium:command",
      "hidden": false,
      "title": "Opticoid",
      "gui_position": [
        0,
        0
      ],
      "description": "Dude, watch the puns! Pretty soon, you use up all the eye-conic ones, and they just get cornea and cornea...",
      "icon": "#omni_extras:opticoid/opticoid",
      "first_tick_commands": [
        "scale easing set palladium:ability pehkui:exponential_out",
        "scale set pehkui:eye_height 1",
        "scale set pehkui:hitbox_height 1",
        "scale set pehkui:entity_reach 0.70",
        "scale divide pehkui:drops 2",
        "scale set pehkui:falling 1.2",
        "scoreboard objectives add Opticoid.XP dummy",
        "scoreboard objectives add Opticoid.BeamIntensity dummy",
        "scoreboard objectives add Opticoid.ElementSelect dummy",
        "scoreboard players set @s Opticoid.BeamIntensity 0",
        "scoreboard players set @s Opticoid.ElementSelect 0",
        "scoreboard objectives add Opticoid.Level dummy",
        "scoreboard objectives add Opticoid.SkillPoint dummy",
        "tag @s add Opticoid.Unlocked"
      ],
      "last_tick_commands": [
        "scale reset",
        "scoreboard players set @s Opticoid.BeamIntensity 0",
        "scoreboard players set @s Opticoid.ElementSelect 0",
        "tag @s remove Opticoid.Overcharge",
        "tag @s remove Opticoid.Discharged"
      ],
      "commands": [
        "scoreboard players add @s[palladium.power=selfdestruct:prototype_omnitrix_sdm] AlienEvo.SelfDestruct 1",
        "scoreboard players set @s[scores={Opticoid.BeamIntensity=3}] Opticoid.BeamIntensity 2",
        "scoreboard players set @s[scores={Opticoid.BeamIntensity=-1}] Opticoid.BeamIntensity 0",
        "scoreboard players set @s[scores={Opticoid.ElementSelect=3}] Opticoid.ElementSelect 1",
        "scoreboard players set @s[scores={Opticoid.ElementSelect=-1}] Opticoid.ElementSelect 2",
        "execute if entity @s[palladium.power=omni_extras:not_aliens/electrocuted] run superpower remove omni_extras:not_aliens/electrocuted"
      ]
    },
    "effect_removal": {
      "type": "palladium:command",
      "hidden": true,
      "commands": [
        "effect clear @s alienevo:freeze_effect",
        "effect clear @s minecraft:slowness"
      ],
      "conditions": {
        "enabling": [
          {
            "type": "omni_extras:has_effect",
            "effect": "alienevo:freeze_effect"
          }
        ]
      }
    },
    "lock_beam_intensity2": {
      "type": "palladium:command",
      "hidden": true,
      "hidden_in_bar": true,
      "commands": [
        "scoreboard players set @s[scores={Opticoid.BeamIntensity=1}] Opticoid.BeamIntensity 0"
      ],
      "conditions": {
        "enabling": [
          {
            "type": "palladium:not",
            "conditions": [
              {
                "type": "palladium:ability_unlocked",
                "ability": "eye_beam_unlock"
              }
            ]
          }
        ]
      }
    },
    "lock_beam_intensity3": {
      "type": "palladium:command",
      "hidden": true,
      "hidden_in_bar": true,
      "commands": [
        "scoreboard players set @s[scores={Opticoid.BeamIntensity=2}] Opticoid.BeamIntensity 1"
      ],
      "conditions": {
        "enabling": [
          {
            "type": "palladium:not",
            "conditions": [
              {
                "type": "palladium:ability_unlocked",
                "ability": "super_beam_unlock"
              }
            ]
          }
        ]
      }
    },
    "increase_intensity": {
      "type": "palladium:command",
      "hidden": true,
      "list_index": -1,
      "hidden_in_bar": true,
      "commands": [
        "scoreboard players remove @s Opticoid.BeamIntensity 1"
      ],
      "conditions": {
        "enabling": [
          {
            "type": "palladium:action",
            "key_type": "scroll_down",
            "cooldown": 0,
            "needs_empty_hand": false
          },
          {
            "type": "palladium:ability_enabled",
            "ability": "intensity_adjust"
          }
        ],
        "unlocking": [
          {
            "type": "palladium:ability_enabled",
            "ability": "intensity_adjust"
          },
          {
            "type": "palladium:not",
            "conditions":[
              {
                "type": "palladium:has_tag",
                "tag": "Opticoid.Discharged"
              }
            ]
          }
        ]
      }
    },
    "decrease_intensity": {
      "type": "palladium:command",
      "hidden": true,
      "list_index": -1,
      "hidden_in_bar": true,
      "commands": [
        "scoreboard players add @s Opticoid.BeamIntensity 1"
      ],
      "conditions": {
        "enabling": [
          {
            "type": "palladium:action",
            "key_type": "scroll_up",
            "cooldown": 0,
            "needs_empty_hand": false
          },
          {
            "type": "palladium:ability_enabled",
            "ability": "intensity_adjust"
          }
        ],
        "unlocking": [
          {
            "type": "palladium:ability_enabled",
            "ability": "intensity_adjust"
          },
          {
            "type": "palladium:not",
            "conditions":[
              {
                "type": "palladium:has_tag",
                "tag": "Opticoid.Discharged"
              }
            ]
          }
        ]
      }
    },
    "intensity_level": {
      "type": "palladium:gui_overlay",
      "alignment": "bottom_center",
      "texture": "#omni_extras:opticoid/beam_intensity",
      "hidden_in_bar": true,
      "hidden": true,
      "list_index": -1,
      "texture_width": 167,
      "texture_height": 84,
      "translate": [
        0,
        -35,
        0
      ],
      "conditions": {
        "enabling": [
          {
            "type": "palladium:objective_score",
            "objective": "Opticoid.ElementSelect",
            "min_score": 0,
            "max_score": 0
          }
        ]
      }
    },
    "intensity_adjust": {
      "type": "palladium:dummy",
      "title": "Intensity Level",
      "icon": "minecraft:ender_eye",
      "hidden": true,
      "list_index": 0,
      "bar_color": "orange",
      "conditions": {
        "enabling": [
          {
            "type": "palladium:held",
            "cooldown": 0,
            "needs_empty_hand": false
          }
        ],
        "unlocking": [
          {
            "type": "palladium:or",
            "conditions": [
              {
                "type": "palladium:not",
                "conditions": [
                  {
                    "type": "palladium:crouching"
                  },
                  {
                    "type": "palladium:has_tag",
                    "tag": "Opticoid.Discharged"
                  }
                ]
              },
              {
                "type": "palladium:objective_score",
                "objective": "Opticoid.ElementSelect",
                "min_score": 0,
                "max_score": 0
              }
            ]
          }
        ]
      }
    },
    "element_select": {
      "type": "palladium:ability_wheel",
      "icon": "minecraft:blaze_rod",
      "title": "Element Select",
      "bar_color": "light_gray",
      "hidden": true,
      "hidden_in_bar": false,
      "list_index": 0,
      "abilities": [
        "mode_lightning",
        "mode_ice",
        "mode_fire"
      ],
      "texture": "null",
      "disable_mouse_scrolling": false,
      "disable_center_icon": false,
      "conditions": {
        "enabling": [
          {
            "type": "palladium:held",
            "cooldown": 0,
            "needs_empty_hand": false
          },
          {
            "type": "palladium:crouching"
          }
        ],
        "unlocking": [
          {
            "type": "palladium:or",
            "conditions": [
              {
                "type": "palladium:crouching"
              },
              {
                "type": "palladium:objective_score",
                "objective": "Opticoid.ElementSelect",
                "min_score": 1,
                "max_score": 1
              },
              {
                "type": "palladium:objective_score",
                "objective": "Opticoid.ElementSelect",
                "min_score": 2,
                "max_score": 2
              }
            ]
          },
          {
            "type": "palladium:not",
            "conditions":[
              {
                "type": "palladium:has_tag",
                "tag": "Opticoid.Discharged"
              }
            ]
          }
        ]
      }
    },
    "mode_fire": {
      "type": "palladium:command",
      "icon": "#omni_extras:opticoid/fire_beam",
      "title": "Mode: §cFire",
      "hidden": true,
      "list_index": -1,
      "hidden_in_bar": true,
      "commands": [
        "scoreboard players set @s Opticoid.ElementSelect 1",
        "playsound minecraft:block.beacon.activate master @s ~ ~ ~ 10 2"
      ],
      "conditions": {
        "enabling": [
          {
            "type": "palladium:ability_wheel",
            "cooldown": 0
          }
        ],
        "unlocking": [
          {
            "type": "palladium:ability_enabled",
            "ability": "element_select"
          }
        ]
      }
    },
    "mode_lightning": {
      "type": "palladium:command",
      "icon": "#omni_extras:opticoid/eye_beam",
      "title": "Mode: §eElectric",
      "hidden": true,
      "list_index": -1,
      "hidden_in_bar": true,
      "commands": [
        "scoreboard players set @s Opticoid.ElementSelect 0",
        "playsound minecraft:block.beacon.activate master @s ~ ~ ~ 10 2"
      ],
      "conditions": {
        "enabling": [
          {
            "type": "palladium:ability_wheel",
            "cooldown": 0
          }
        ],
        "unlocking": [
          {
            "type": "palladium:ability_enabled",
            "ability": "element_select"
          }
        ]
      }
    },
    "mode_ice": {
      "type": "palladium:command",
      "icon": "#omni_extras:opticoid/ice_beam",
      "title": "Mode: §bIce",
      "hidden": true,
      "list_index": -1,
      "hidden_in_bar": true,
      "commands": [
        "playsound minecraft:block.beacon.activate master @s ~ ~ ~ 10 2",
        "scoreboard players set @s Opticoid.ElementSelect 2"
      ],
      "conditions": {
        "enabling": [
          {
            "type": "palladium:ability_wheel",
            "cooldown": 0
          }
        ],
        "unlocking": [
          {
            "type": "palladium:ability_enabled",
            "ability": "element_select"
          }
        ]
      }
    },
    "element_indicator": {
      "type": "palladium:gui_overlay",
      "alignment": "bottom_center",
      "texture": "#omni_extras:opticoid/element_picker",
      "hidden": true,
      "hidden_in_bar": true,
      "list_index": -1,
      "texture_width": 167,
      "texture_height": 84,
      "translate": [
        0,
        -70,
        0
      ]
    },
    "hearing_sense": {
      "type": "palladium:entity_glow",
      "icon": "minecraft:glow_berries",
      "hidden": true,
      "list_index": -1,
      "mode": "others",
      "color": "#7fba18",
      "distance": 50,
      "conditions": {
        "enabling": [
          {
            "type": "palladium:ability_unlocked",
            "ability": "eyeguy_sense_unlock"
          }
        ]
      }
    },
    "hideBody": {
      "type": "palladium:hide_body_part",
      "icon": "alienevo:textures/gui/ability_bar/interface.png",
      "bar_color": "light_gray",
      "hidden": true,
      "hidden_in_bar": true,
      "affects_first_person": true,
      "body_parts": [
        "right_arm",
        "left_arm",
        "chest",
        "chest_overlay",
        "right_arm_overlay",
        "left_arm_overlay",
        "right_leg",
        "left_leg",
        "cape",
        "right_leg_overlay",
        "left_leg_overlay",
        "head",
        "head_overlay"
      ]
    },
    "name_change": {
      "type": "palladium:name_change",
      "icon": "minecraft:blaze_rod",
      "title": "null",
      "bar_color": "light_gray",
      "hidden": true,
      "hidden_in_bar": true,
      "list_index": -1,
      "name": {
        "translate": "species.alienevo_aliens.110"
      },
      "conditions": {
        "enabling": [],
        "unlocking": [
          {
            "type": "palladium:and",
            "conditions": [
              {
                "type": "alienevo:current_alien_nickname",
                "value": "species.alienevo_aliens.110"
              },
              {
                "type": "palladium:not",
                "conditions": [
                  {
                    "type": "palladium:has_tag",
                    "tag": "alienevo.nickname"
                  }
                ]
              }
            ]
          }
        ]
      }
    },
    "nickname": {
      "type": "palladium:name_change",
      "icon": "minecraft:blaze_rod",
      "title": "null",
      "bar_color": "light_gray",
      "hidden": true,
      "hidden_in_bar": true,
      "list_index": -1,
      "name": [
        {
          "nbt": "KubeJSPersistentData.alienevo_110",
          "entity": "@s"
        }
      ],
      "conditions": {
        "enabling": [],
        "unlocking": [
          {
            "type": "palladium:and",
            "conditions": [
              {
                "type": "palladium:not",
                "conditions": [
                  {
                    "type": "alienevo:current_alien_nickname",
                    "value": "species.alienevo_aliens.110"
                  }
                ]
              },
              {
                "type": "palladium:not",
                "conditions": [
                  {
                    "type": "palladium:has_tag",
                    "tag": "alienevo.nickname"
                  }
                ]
              }
            ]
          }
        ]
      }
    },
    "renderLayer": {
      "type": "palladium:render_layer",
      "hidden": true,
      "render_layer": "omni_extras:opticoid"
    },
    "sizeChange": {
      "type": "palladium:size",
      "title": "Size Change",
      "hidden": true,
      "scale": 1.8,
      "pehkui:width": 5
    },
    "Health": {
      "type": "palladium:attribute_modifier",
      "attribute": "minecraft:generic.max_health",
      "hidden": true,
      "amount": 15
    },
    "jump_height": {
      "type": "palladium:attribute_modifier",
      "attribute": "palladium:jump_power",
      "uuid": "ed74bb2c-839a-4862-8187-54cbc724028a",
      "hidden": true,
      "amount": 0.3
    },
    "jump_height_beam": {
      "type": "palladium:attribute_modifier",
      "attribute": "palladium:jump_power",
      "uuid": "04d20296-5542-446b-badd-5990cc76ecf7",
      "hidden": true,
      "amount": -5,
      "conditions": {
        "enabling": [
          {
            "type": "palladium:or",
            "conditions": [
              {
                "type": "palladium:ability_enabled",
                "ability": "normal_beam_timer"
              },
              {
                "type": "palladium:ability_enabled",
                "ability": "super_beam_timer"
              }
            ]
          }
        ]
      }
    },
    "Strength": {
      "type": "palladium:attribute_modifier",
      "attribute": "minecraft:generic.attack_damage",
      "hidden": true,
      "amount": 5
    },
    "fall_resistance": {
      "type": "palladium:attribute_modifier",
      "attribute": "palladium:fall_resistance",
      "hidden": true,
      "uuid": "20b779e7-a3e4-4f74-967b-12b3bd19b748",
      "amount": 10
    },
    "fall_resistance_beam": {
      "type": "palladium:attribute_modifier",
      "attribute": "palladium:fall_resistance",
      "hidden": true,
      "uuid": "94211002-f947-4dc6-ad56-1b4097a4155c",
      "amount": 30,
      "conditions": {
        "enabling": [
          {
            "type": "palladium:ability_enabled",
            "ability": "normal_beam_timer"
          }
        ]
      }
    },
    "knockbackResistance": {
      "type": "palladium:attribute_modifier",
      "attribute": "minecraft:generic.knockback_resistance",
      "hidden": true,
      "amount": 1
    },
    "Armor": {
      "type": "palladium:attribute_modifier",
      "attribute": "minecraft:generic.armor",
      "hidden": true,
      "amount": 10
    },
    "armorToughness": {
      "type": "palladium:attribute_modifier",
      "attribute": "minecraft:generic.armor_toughness",
      "hidden": true,
      "amount": 15
    },
    "Speed": {
      "type": "palladium:attribute_modifier",
      "attribute": "minecraft:generic.movement_speed",
      "uuid": "a9a48154-df71-4786-8072-634ed74849cd",
      "hidden": true,
      "amount": -0.0025,
      "conditions": {
        "enabling": [
          {
            "type": "palladium:ability_unlocked",
            "ability": "opticoid_loop"
          }
        ]
      }
    },
    "my_eyes": {
      "type": "palladium:command",
      "hidden": true,
      "hidden_in_bar": true,
      "commands": [
        "effect give @s minecraft:blindness 3 1 true"
      ],
      "conditions": {
        "enabling": [
          {
            "type": "palladium:in_lava"
          }
        ]
      }
    },
    "overcharge_command": {
      "type": "palladium:command",
      "icon": "minecraft:redstone",
      "hidden": true,
      "hidden_in_bar": false,
      "list_index": 3,
      "commands": [
        "tag @s add Opticoid.Overcharge",
        "effect give @s omni_extras:overcharged 12 0 false",
        "superpower add alienevo:transform_bubble",
        "playsound alienevo:prototype_failsafe master @s ~ ~ ~ 10"
      ],
      "conditions": {
        "enabling": [
          {
            "type": "palladium:action",
            "cooldown": 850,
            "key_type": "key_bind"
          }
        ],
        "unlocking": [
          {
            "type": "palladium:not",
            "conditions": [
              {
                "type": "palladium:crouching"
              },
              {
                "type": "palladium:has_tag",
                "tag": "Opticoid.Discharged"
              }
            ]
          }
        ]
      }
    },
    "discharged_slowness":{
      "type": "palladium:command",
      "hidden": true,
      "hidden_in_bar": true,
      "commands": "",
      "first_tick_commands":[
        "tag @s add Opticoid.Discharged",
        "effect give @s minecraft:slowness 15 4 true"
      ],
      "last_tick_commands":[
        "tag @s remove Opticoid.Discharged",
        "effect clear @s"
      ],
      "conditions": {
        "enabling": [
          {
            "type": "palladium:animation_timer_ability",
            "ability": "overcharge_timer",
            "min": 241,
            "max": 340
          }
        ]
      }
    },
    "overcharge_energy": {
      "type": "palladium:command",
      "icon": "minecraft:redstone",
      "hidden": true,
      "hidden_in_bar": false,
      "list_index": 3,
      "commands": [
        "energybar value set @s omni_extras:opticoid energy_meter 1200"
      ],
      "conditions": {
        "enabling": [
          {
            "type": "palladium:animation_timer_ability",
            "ability": "overcharge_timer",
            "min": 1,
            "max": 240
          }
        ]
      }
    },
    "overcharge_remove": {
      "type": "palladium:command",
      "icon": "minecraft:redstone",
      "hidden": true,
      "hidden_in_bar": true,
      "commands": [
        "tag @s remove Opticoid.Overcharge"
      ],
      "conditions": {
        "enabling": [
          {
            "type": "palladium:animation_timer_ability",
            "ability": "overcharge_timer",
            "min": 340,
            "max": 340
          }
        ]
      }
    },
    "overcharge_timer": {
      "type": "palladium:animation_timer",
      "icon": "minecraft:redstone",
      "hidden": true,
      "hidden_in_bar": true,
      "start_value": 0,
      "max_value": 340,
      "conditions": {
        "enabling": [
          {
            "type": "palladium:has_tag",
            "tag": "Opticoid.Overcharge"
          }
        ]
      }
    },
    "aoe_freeze": {
      "type": "omni_extras:freeze_nearby_entities",
      "title": "Surround Freeze",
      "icon": "minecraft:ice",
      "hidden": true,
      "hidden_in_bar": false,
      "list_index": 1,
      "search_radius": 10,
      "freeze_seconds": 6,
      "slow_seconds": 6,
      "freeze_amp": 6,
      "slow_amp": 3,
      "conditions": {
        "enabling": [
          {
            "type": "palladium:action",
            "cooldown": 500,
            "key_type": "key_bind"
          }
        ],
        "unlocking": [
          {
            "type": "palladium:objective_score",
            "objective": "Opticoid.ElementSelect",
            "min_score": 2,
            "max_score": 2
          },
          {
            "type": "palladium:not",
            "conditions":[
              {
                "type": "palladium:has_tag",
                "tag": "Opticoid.Discharged"
              }
            ]
          }
        ]
      }
    },
    "aoe_electro": {
      "type": "omni_extras:zap_nearby_entities",
      "title": "Surround Zap",
      "icon": "minecraft:lightning_rod",
      "hidden": true,
      "hidden_in_bar": false,
      "list_index": 1,
      "search_radius": 8,
      "conditions": {
        "enabling": [
          {
            "type": "palladium:action",
            "cooldown": 500,
            "key_type": "key_bind"
          }
        ],
        "unlocking": [
          {
            "type": "palladium:objective_score",
            "objective": "Opticoid.ElementSelect",
            "min_score": 0,
            "max_score": 0
          },
          {
            "type": "palladium:not",
            "conditions":[
              {
                "type": "palladium:has_tag",
                "tag": "Opticoid.Discharged"
              }
            ]
          }
        ]
      }
    },
    "aoe_fire": {
      "type": "omni_extras:ignite_nearby_entities",
      "title": "Surround Ignite",
      "icon": "minecraft:flint_and_steel",
      "hidden": true,
      "hidden_in_bar": false,
      "list_index": 1,
      "search_radius": 8,
      "fire_seconds": 8,
      "conditions": {
        "enabling": [
          {
            "type": "palladium:action",
            "cooldown": 500,
            "key_type": "key_bind"
          }
        ],
        "unlocking": [
          {
            "type": "palladium:objective_score",
            "objective": "Opticoid.ElementSelect",
            "min_score": 1,
            "max_score": 1
          },
          {
            "type": "palladium:not",
            "conditions":[
              {
                "type": "palladium:has_tag",
                "tag": "Opticoid.Discharged"
              }
            ]
          }
        ]
      }
    },
    "test":{
    "type": "alienevo:particle_ring",
    "icon": "minecraft:nether_star",
    "title": "null",
    "bar_color": "light_gray",
    "hidden": false,
    "hidden_in_bar": false,
    "list_index": -1,
    "gui_position": "null",
    "description": "null",
    "particle_id": "minecraft:flame",
    "mode": "spread",
    "particle_count": 128,
    "spawn_delay": 0,
    "ring_distance": 3,
    "ring_height": 1,
    "layer_count": 3,
    "layer_height": 0.5,
    "distance_decrease": 0.5,
    "particle_speed": 4,
    "rotation_speed": 2,
    "particle_spread": 0.1,
    "vertical_spread": 0,
    "conditions":{
      "enabling":[
        {
          "type": "palladium:ability_enabled",
          "ability": "aoe_fire"
        }
      ]
    }
},
    "energy_upgrade": {
      "type": "palladium:command",
      "hidden": true,
      "uuid": "b3ca0d9e-0cda-4f52-9d79-680c3f657b69",
      "first_tick_commands": [
        "energybar max set @s omni_extras:opticoid energy_meter 1200"
      ],
      "last_tick_commands": [],
      "commands": [],
      "conditions": {
        "enabling": [
          {
            "type": "palladium:ability_unlocked",
            "ability": "energy_bar_unlock"
          }
        ]
      }
    },
    "leap": {
      "type": "alienevo:motion",
      "bar_color": "orange",
      "title": "Leap",
      "icon": "alienevo:textures/gui/aliens/alien_2/leap.png",
      "uuid": "a88f311f-4438-4608-aeea-acd8eef9fdd6",
      "hidden": true,
      "hidden_in_bar": false,
      "list_index": 3,
      "motion": 1.5,
      "conditions": {
        "enabling": [
          {
            "type": "palladium:action",
            "cooldown": 50,
            "key_type": "key_bind"
          }
        ],
        "unlocking": [
          {
            "type": "palladium:crouching"
          },
          {
            "type": "palladium:ability_unlocked",
            "ability": "leap_unlock"
          },
          {
            "type": "palladium:on_ground"
          },
          {
            "type": "palladium:not",
            "conditions":[
              {
                "type": "palladium:has_tag",
                "tag": "Opticoid.Discharged"
              }
            ]
          }
        ]
      }
    },
    "leap_sound": {
      "type": "palladium:play_sound",
      "hidden": true,
      "list_index": -1,
      "sound": "minecraft:entity.ender_dragon.shoot",
      "volume": 0.5,
      "pitch": 2,
      "looping": false,
      "play_self": false,
      "conditions": {
        "enabling": [
          {
            "type": "palladium:ability_enabled",
            "ability": "leap"
          }
        ]
      }
    },
    "normal_beam_timer": {
      "type": "palladium:animation_timer",
      "title": "Eye Beam",
      "icon": "#omni_extras:opticoid/eye_beam",
      "bar_color": "orange",
      "hidden": true,
      "hidden_in_bar": false,
      "start_value": 0,
      "max_value": 20,
      "list_index": 2,
      "gui_position": [
        0,
        1
      ],
      "conditions": {
        "enabling": [
          {
            "type": "palladium:held",
            "needs_empty_hand": true,
            "key_type": "right_click"
          },
          {
            "type": "palladium:objective_score",
            "objective": "Opticoid.BeamIntensity",
            "min_score": 1,
            "max_score": 1
          },
          {
            "type": "palladium:energy_bar",
            "energy_bar": "energy_meter",
            "min": 50
          },
          {
            "type": "palladium:not",
            "conditions": [
              {
                "type": "palladium:or",
                "conditions": [
                  {
                    "type": "palladium:objective_score",
                    "objective": "Opticoid.BeamIntensity",
                    "min_score": 0,
                    "max_score": 0
                  },
                  {
                    "type": "palladium:objective_score",
                    "objective": "Opticoid.BeamIntensity",
                    "min_score": 2,
                    "max_score": 2
                  }
                ]
              }
            ]
          }
        ],
        "unlocking": [
          {
            "type": "palladium:ability_unlocked",
            "ability": "eye_beam_unlock"
          },
          {
            "type": "palladium:objective_score",
            "objective": "Opticoid.ElementSelect",
            "min_score": 0,
            "max_score": 0
          },
          {
            "type": "palladium:objective_score",
            "objective": "Opticoid.BeamIntensity",
            "min_score": 1,
            "max_score": 1
          },
          {
            "type": "palladium:not",
            "conditions": [
              {
                "type": "palladium:or",
                "conditions": [
                  {
                    "type": "palladium:objective_score",
                    "objective": "Opticoid.BeamIntensity",
                    "min_score": 0,
                    "max_score": 0
                  },
                  {
                    "type": "palladium:objective_score",
                    "objective": "Opticoid.BeamIntensity",
                    "min_score": 2,
                    "max_score": 2
                  }
                ]
              },
              {
                "type": "palladium:has_tag",
                "tag": "Opticoid.Discharged"
              }
            ]
          }
        ]
      }
    },
    "eye_sound": {
      "type": "palladium:play_sound",
      "sound": "omni_extras:stalk",
      "hidden": true,
      "list_index": -1,
      "looping": false,
      "volume": 3,
      "play_self": false,
      "conditions": {
        "enabling": [
          {
            "type": "palladium:ability_enabled",
            "ability": "normal_beam_timer"
          }
        ]
      }
    },
    "beam_sound": {
      "type": "palladium:play_sound",
      "sound": "omni_extras:eyebeam",
      "hidden": true,
      "list_index": -1,
      "looping": true,
      "volume": 0.3,
      "play_self": false,
      "conditions": {
        "enabling": [
          {
            "type": "palladium:ability_enabled",
            "ability": "normal_beam_timer"
          }
        ]
      }
    },
    "otherbeam_sound": {
      "type": "palladium:play_sound",
      "sound": "omni_extras:otherbeam",
      "hidden": true,
      "list_index": -1,
      "looping": true,
      "volume": 0.3,
      "play_self": false,
      "conditions": {
        "enabling": [
          {
            "type": "palladium:or",
            "conditions": [
              {
                "type": "palladium:ability_enabled",
                "ability": "hand_beams"
              },
              {
                "type": "palladium:ability_enabled",
                "ability": "fire_beam"
              },
              {
                "type": "palladium:ability_enabled",
                "ability": "ice_beam"
              }
            ]
          }
        ]
      }
    },
    "beam_laser": {
      "type": "palladium:energy_beam",
      "energy_beam": "omni_extras:opticoid/eye_beam",
      "damage_type": "alienevo:energy_beam",
      "damage": 20,
      "speed": 0.35,
      "energy_bar_usage": {
        "energy_bar": "energy_meter",
        "amount": 15
      },
      "uuid": "3259f4f7-3b63-46ad-939a-57ada0cfe0f6",
      "max_distance": 50,
      "commands_on_entity_hit": [
        "execute as @s run scoreboard players add @s[scores={Opticoid.Level=..5}] Opticoid.XP 15",
        "scoreboard players add @p[distance=..1,tag=ChromastoneLight] afomni.ChromaEnergy 30"
      ],
      "commands_on_block_hit": [
        "function omni_extras:detection",
        "particle minecraft:explosion ~ ~ ~ 0.2 0.3 0.2 0.3 2"
      ],
      "hidden": true,
      "conditions": {
        "enabling": [
          {
            "type": "palladium:ability_enabled",
            "ability": "normal_beam_timer"
          },
          {
            "type": "palladium:animation_timer_ability",
            "ability": "normal_beam_timer",
            "min": 3,
            "max": 20
          }
        ]
      }
    },
    "super_beam_timer": {
      "type": "palladium:animation_timer",
      "title": "Super Beam",
      "icon": "#omni_extras:opticoid/eye_beam",
      "bar_color": "orange",
      "hidden": true,
      "hidden_in_bar": false,
      "start_value": 0,
      "max_value": 40,
      "list_index": 2,
      "gui_position": [
        0,
        1
      ],
      "conditions": {
        "enabling": [
          {
            "type": "palladium:held",
            "needs_empty_hand": true,
            "key_type": "right_click"
          },
          {
            "type": "palladium:objective_score",
            "objective": "Opticoid.BeamIntensity",
            "min_score": 2,
            "max_score": 2
          },
          {
            "type": "palladium:energy_bar",
            "energy_bar": "energy_meter",
            "min": 80
          },
          {
            "type": "palladium:not",
            "conditions": [
              {
                "type": "palladium:or",
                "conditions": [
                  {
                    "type": "palladium:objective_score",
                    "objective": "Opticoid.BeamIntensity",
                    "min_score": 0,
                    "max_score": 0
                  },
                  {
                    "type": "palladium:objective_score",
                    "objective": "Opticoid.BeamIntensity",
                    "min_score": 1,
                    "max_score": 1
                  }
                ]
              }
            ]
          }
        ],
        "unlocking": [
          {
            "type": "palladium:objective_score",
            "objective": "Opticoid.BeamIntensity",
            "min_score": 2,
            "max_score": 2
          },
          {
            "type": "palladium:objective_score",
            "objective": "Opticoid.ElementSelect",
            "min_score": 0,
            "max_score": 0
          },
          {
            "type": "palladium:not",
            "conditions": [
              {
                "type": "palladium:or",
                "conditions": [
                  {
                    "type": "palladium:objective_score",
                    "objective": "Opticoid.BeamIntensity",
                    "min_score": 0,
                    "max_score": 0
                  },
                  {
                    "type": "palladium:objective_score",
                    "objective": "Opticoid.BeamIntensity",
                    "min_score": 1,
                    "max_score": 1
                  }
                ]
              },
              {
                "type": "palladium:has_tag",
                "tag": "Opticoid.Discharged"
              }
            ]
          }
        ]
      }
    },
    "big_arms_out": {
      "type": "geckolib:render_layer_animation",
      "hidden": true,
      "hidden_in_bar": true,
      "render_layer": "omni_extras:opticoid",
      "controller": "eye",
      "animation_trigger": "super_beam",
      "conditions": {
        "enabling": [
          {
            "type": "palladium:ability_enabled",
            "power": "null",
            "ability": "super_beam_timer"
          }
        ]
      }
    },
    "big_arms_down": {
      "type": "geckolib:render_layer_animation",
      "hidden": true,
      "hidden_in_bar": true,
      "render_layer": "omni_extras:opticoid",
      "controller": "eye",
      "animation_trigger": "super_beam_down",
      "conditions": {
        "enabling": [
          {
            "type": "palladium:not",
            "conditions": [
              {
                "type": "palladium:ability_enabled",
                "power": "null",
                "ability": "super_beam_timer"
              }
            ]
          }
        ]
      }
    },
    "super_beam_laser": {
      "type": "palladium:energy_beam",
      "energy_beam": "omni_extras:opticoid/supa_beam",
      "damage_type": "alienevo:energy_beam",
      "damage": 42,
      "speed": 0.25,
      "energy_bar_usage": {
        "energy_bar": "energy_meter",
        "amount": 18
      },
      "max_distance": 80,
      "commands_on_entity_hit": [
        "execute as @s run scoreboard players add @s[scores={Opticoid.Level=..5}] Opticoid.XP 15",
        "execute as @e[distance=..4.8,nbt=!{HurtTime:0s}] run effect give @s minecraft:slowness 2 3 false",
        "scoreboard players add @p[distance=..1,tag=ChromastoneLight] afomni.ChromaEnergy 70"
      ],
      "commands_on_block_hit": [
        "function omni_extras:superbeam"
      ],
      "hidden": true,
      "conditions": {
        "enabling": [
          {
            "type": "palladium:ability_enabled",
            "ability": "super_beam_timer"
          },
          {
            "type": "palladium:animation_timer_ability",
            "ability": "super_beam_timer",
            "min": 18,
            "max": 40
          }
        ]
      }
    },
    "super_eye_sound": {
      "type": "palladium:play_sound",
      "sound": "omni_extras:stalk",
      "hidden": true,
      "list_index": -1,
      "looping": false,
      "volume": 3,
      "play_self": false,
      "conditions": {
        "enabling": [
          {
            "type": "palladium:animation_timer_ability",
            "ability": "super_beam_timer",
            "min": 15,
            "max": 40
          }
        ]
      }
    },
    "super_beam_sound": {
      "type": "palladium:play_sound",
      "sound": "omni_extras:eyebeam",
      "hidden": true,
      "list_index": -1,
      "looping": true,
      "volume": 0.3,
      "play_self": false,
      "conditions": {
        "enabling": [
          {
            "type": "palladium:ability_enabled",
            "ability": "super_beam_laser"
          }
        ]
      }
    },
    "hover": {
      "type": "palladium:attribute_modifier",
      "attribute": "forge:entity_gravity",
      "hidden": true,
      "amount": -0.13,
      "uuid": "f6c6a0eb-6c13-474f-ba07-a03a33bdfd27",
      "conditions": {
        "enabling": [
          {
            "type": "palladium:ability_enabled",
            "ability": "normal_beam_timer"
          },
          {
            "type": "palladium:has_tag",
            "tag": "Opticoid.Boost"
          },
          {
            "type": "palladium:not",
            "conditions": {
              "type": "palladium:on_ground"
            }
          }
        ]
      }
    },
    "hover2": {
      "type": "palladium:attribute_modifier",
      "attribute": "forge:entity_gravity",
      "hidden": true,
      "amount": -0.25,
      "uuid": "bae9bd4b-5049-47c6-a62d-98401e2098b1",
      "conditions": {
        "enabling": [
          {
            "type": "palladium:ability_enabled",
            "ability": "super_beam_laser"
          },
          {
            "type": "palladium:has_tag",
            "tag": "Opticoid.Boost"
          },
          {
            "type": "palladium:not",
            "conditions": {
              "type": "palladium:on_ground"
            }
          }
        ]
      }
    },
    "boost": {
      "type": "palladium:command",
      "hidden": true,
      "first_tick_commands": [],
      "last_tick_commands": [],
      "commands": [
        "function omni_extras:boost"
      ],
      "conditions": {
        "enabling": [
          {
            "type": "palladium:or",
            "conditions": [
              {
                "type": "palladium:ability_enabled",
                "ability": "normal_beam_timer"
              },
              {
                "type": "palladium:ability_enabled",
                "ability": "super_beam_laser"
              }
            ]
          }
        ]
      }
    },
    "arm_up": {
      "type": "geckolib:render_layer_animation",
      "hidden": true,
      "hidden_in_bar": true,
      "render_layer": "omni_extras:opticoid",
      "controller": "eye",
      "animation_trigger": "beam_normal",
      "conditions": {
        "enabling": [
          {
            "type": "palladium:ability_enabled",
            "power": "null",
            "ability": "normal_beam_timer"
          }
        ]
      }
    },
    "arm_down": {
      "type": "geckolib:render_layer_animation",
      "hidden": true,
      "hidden_in_bar": true,
      "render_layer": "omni_extras:opticoid",
      "controller": "eye",
      "animation_trigger": "beam_normal_down",
      "conditions": {
        "enabling": [
          {
            "type": "palladium:not",
            "conditions": [
              {
                "type": "palladium:ability_enabled",
                "power": "null",
                "ability": "normal_beam_timer"
              }
            ]
          }
        ]
      }
    },
    "BeamSpeed": {
      "type": "palladium:attribute_modifier",
      "attribute": "minecraft:generic.movement_speed",
      "uuid": "e6f01d28-c74f-4711-95a1-955cea6ff22f",
      "amount": -1,
      "hidden": true,
      "conditions": {
        "enabling": [
          {
            "type": "palladium:or",
            "conditions": [
              {
                "type": "palladium:ability_enabled",
                "ability": "normal_beam_timer"
              },
              {
                "type": "palladium:ability_enabled",
                "ability": "super_beam_timer"
              }
            ]
          }
        ]
      }
    },
    "surface_climbing_new": {
      "type": "alienevo:wall_climb",
      "climb_speed": 0.1,
      "data_name": "climb",
      "hidden": true,
      "hidden_in_bar": false,
      "list_index": 1,
      "icon": "alienevo:textures/gui/misc/climb.png",
      "title": "Climb",
      "bar_color": "orange",
      "conditions": {
        "enabling": [
          {
            "type": "palladium:toggle",
            "cooldown": 0,
            "needs_empty_hand": false,
            "key_type": "key_bind"
          }
        ],
        "unlocking": [
          {
            "type": "palladium:ability_unlocked",
            "power": "null",
            "ability": "climb_unlock"
          },
          {
            "type": "palladium:not",
            "conditions":[
              {
                "type": "palladium:has_tag",
                "tag": "Opticoid.Discharged"
              }
            ]
          },
          {
            "type": "palladium:or",
            "conditions": [
              {
                "type": "palladium:crouching"
              },
              {
                "type": "palladium:ability_enabled",
                "power": "null",
                "ability": "surface_climbing_new"
              }
            ]
          }
        ]
      }
    },
    "climb_unlock": {
      "type": "palladium:dummy",
      "icon": "alienevo:textures/gui/misc/climb.png",
      "title": {
        "translate": "ability.alienevo_aliens.2.climb"
      },
      "hidden": false,
      "list_index": -1,
      "gui_position": [
        -1,
        2
      ],
      "description": {
        "translate": "desc.alienevo_aliens.2.climb"
      },
      "conditions": {
        "unlocking": [
          {
            "type": "palladium:ability_unlocked",
            "power": "null",
            "ability": "defense1_unlock"
          },
          {
            "type": "palladium:scoreboard_score_buyable",
            "objective": "Opticoid.SkillPoint",
            "score": 1,
            "icon": "alienevo:textures/gui/playlists/playlist_1/alien_110.png",
            "description": {
              "translate": "§eOpticoid Skill Point"
            }
          }
        ]
      }
    },
    "leap_unlock": {
      "type": "palladium:dummy",
      "icon": "alienevo:textures/gui/aliens/alien_2/leap.png",
      "title": "Leap",
      "uuid": "c396487f-cdc6-4ca1-a990-b1ad538aebb2",
      "hidden": false,
      "list_index": -1,
      "gui_position": [
        0.5,
        0.5
      ],
      "description": "While §9crouching§f, launch yourself through the air and cover large distances quickly.",
      "conditions": {
        "unlocking": [
          {
            "type": "palladium:ability_unlocked",
            "power": "null",
            "ability": "opticoid_loop"
          },
          {
            "type": "palladium:scoreboard_score_buyable",
            "objective": "Opticoid.SkillPoint",
            "score": 1,
            "icon": "alienevo:textures/gui/playlists/playlist_1/alien_110.png",
            "description": {
              "translate": "§eOpticoid Skill Point"
            }
          }
        ]
      }
    },
    "eye_beam_unlock": {
      "type": "palladium:dummy",
      "icon": "#omni_extras:opticoid/eye_beam",
      "title": "§aEye Beam",
      "uuid": "30ac4f24-1e6a-4851-9558-f456f2d9b6cd",
      "hidden": false,
      "description": "Shoot out a highly damaging §aLaser§r from your §aChest Eye",
      "list_index": -1,
      "gui_position": [
        0,
        2.4
      ],
      "conditions": {
        "unlocking": [
          {
            "type": "palladium:scoreboard_score_buyable",
            "objective": "Opticoid.SkillPoint",
            "score": 1,
            "icon": "alienevo:textures/gui/playlists/playlist_1/alien_110.png",
            "description": {
              "translate": "§eOpticoid Skill Point"
            }
          },
          {
            "type": "palladium:ability_unlocked",
            "power": "null",
            "ability": "eyeguy_sense_unlock"
          }
        ]
      }
    },
    "super_beam_unlock": {
      "type": "palladium:dummy",
      "icon": "#omni_extras:opticoid/eye_beam",
      "title": "§aSuper Eye Beam",
      "uuid": "af952ae7-0ba9-4644-806f-3cbf9332decf",
      "hidden": false,
      "description": "Shoot out a very §4§lDESTRUCTIVE §r§aLaser§f from your §aChest Eye",
      "list_index": -1,
      "gui_position": [
        0,
        3.1
      ],
      "conditions": {
        "unlocking": [
          {
            "type": "palladium:scoreboard_score_buyable",
            "objective": "Opticoid.SkillPoint",
            "score": 2,
            "icon": "alienevo:textures/gui/playlists/playlist_1/alien_110.png",
            "description": {
              "translate": "§eOpticoid Skill Point"
            }
          },
          {
            "type": "palladium:ability_unlocked",
            "power": "null",
            "ability": "eye_beam_unlock"
          }
        ]
      }
    },
    "defense_upgrade": {
      "type": "palladium:attribute_modifier",
      "attribute": "minecraft:generic.armor",
      "hidden": true,
      "uuid": "31609334-f593-4a05-a8d9-7cac53b34083",
      "amount": 5,
      "conditions": {
        "enabling": [
          {
            "type": "palladium:ability_unlocked",
            "ability": "defense1_unlock"
          }
        ]
      }
    },
    "defense1_unlock": {
      "type": "palladium:dummy",
      "icon": "minecraft:iron_chestplate",
      "title": "Defense §a+2",
      "uuid": "698bcba6-7092-4386-b544-66d71134b882",
      "hidden_in_bar": true,
      "hidden": false,
      "list_index": -1,
      "gui_position": [
        -1,
        1
      ],
      "conditions": {
        "unlocking": [
          {
            "type": "palladium:ability_unlocked",
            "power": "null",
            "ability": "fire_beam_unlock"
          },
          {
            "type": "palladium:scoreboard_score_buyable",
            "objective": "Opticoid.SkillPoint",
            "score": 1,
            "icon": "alienevo:textures/gui/playlists/playlist_1/alien_110.png",
            "description": "§eOpticoid Skill Point"
          }
        ]
      }
    },
    "ice_beam": {
      "type": "palladium:aim",
      "title": "Freeze Beam",
      "arm": "main_arm",
      "time": 2,
      "icon": "#omni_extras:opticoid/ice_beam",
      "uuid": "59b2b689-d4ed-421c-9d9b-bab41d99eb5f",
      "bar_color": "green",
      "hidden": true,
      "hidden_in_bar": false,
      "list_index": 2,
      "description": "Shoot out a §bfreezing§r §aLaser§r from your §aHand-Eyes",
      "conditions": {
        "enabling": [
          {
            "type": "palladium:held",
            "cooldown": 50,
            "needs_empty_hand": true,
            "key_type": "right_click"
          }
        ],
        "unlocking": [
          {
            "type": "palladium:ability_unlocked",
            "power": "null",
            "ability": "freeze_beam_unlock"
          },
          {
            "type": "palladium:objective_score",
            "objective": "Opticoid.ElementSelect",
            "min_score": 2,
            "max_score": 2
          },
          {
            "type": "palladium:not",
            "conditions": [
              {
                "type": "palladium:ability_enabled",
                "ability": "normal_beam_timer"
              },
              {
                "type": "palladium:ability_enabled",
                "ability": "hand_beams"
              },
              {
                "type": "palladium:has_tag",
                "tag": "Opticoid.IceCooldown"
              },
              {
                "type": "palladium:has_tag",
                "tag": "Opticoid.Discharged"
              }
            ]
          },
          {
            "type": "palladium:energy_bar",
            "energy_bar": "energy_meter",
            "min": 300
          }
        ]
      }
    },
    "cooldown_ice_laser": {
      "type": "palladium:command",
      "hidden": true,
      "last_tick_commands": [
        "tag @s add Opticoid.IceCooldown"
      ],
      "commands": [
        ""
      ],
      "first_tick_commands": [],
      "conditions": {
        "enabling": [
          {
            "type": "palladium:ability_enabled",
            "power": "null",
            "ability": "ice_beam"
          }
        ]
      }
    },
    "ice_beam_reset": {
      "type": "palladium:repeating_animation_timer",
      "title": "icereset",
      "hidden": true,
      "hidden_in_bar": false,
      "bar_color": "yellow",
      "list_index": 2,
      "gui_position": "null",
      "description": "null",
      "start_value": 0,
      "max_value": 60,
      "conditions": {
        "enabling": [
          {
            "type": "palladium:has_tag",
            "tag": "Opticoid.IceCooldown"
          }
        ]
      }
    },
    "cooldown_motion_remove": {
      "type": "palladium:command",
      "hidden": true,
      "last_tick_commands": [
        "tag @s remove Opticoid.IceCooldown"
      ],
      "commands": [
        ""
      ],
      "first_tick_commands": [],
      "conditions": {
        "enabling": [
          {
            "type": "palladium:ability_integer_property",
            "power": "null",
            "ability": "ice_beam_reset",
            "property": "value",
            "min": 60,
            "max": 60
          }
        ]
      }
    },
    "freeze_beam_unlock": {
      "type": "palladium:dummy",
      "icon": "#omni_extras:opticoid/ice_beam",
      "title": "Freeze-Beam",
      "uuid": "97fcdc16-dd51-4c04-bdbd-d4c530e1aed1",
      "description": "Shoot out a §bfreezing§r §aLaser§r §ffrom your §aHand-Eyes",
      "hidden_in_bar": true,
      "hidden": false,
      "list_index": -1,
      "gui_position": [
        1,
        2
      ],
      "conditions": {
        "unlocking": [
          {
            "type": "palladium:ability_unlocked",
            "power": "null",
            "ability": "energy_bar_unlock"
          },
          {
            "type": "palladium:scoreboard_score_buyable",
            "objective": "Opticoid.SkillPoint",
            "score": 1,
            "icon": "alienevo:textures/gui/playlists/playlist_1/alien_110.png",
            "description": "§eOpticoid Skill Point"
          }
        ]
      }
    },
    "energy_bar_unlock": {
      "type": "palladium:dummy",
      "icon": "#omni_extras:opticoid/energy",
      "uuid": "4129de1f-9739-4348-94c1-2a2b9a6e5066",
      "title": "Energy Capacity §a+5",
      "hidden_in_bar": true,
      "hidden": false,
      "list_index": -1,
      "gui_position": [
        1,
        1
      ],
      "conditions": {
        "unlocking": [
          {
            "type": "palladium:ability_unlocked",
            "power": "null",
            "ability": "leap_unlock"
          },
          {
            "type": "palladium:scoreboard_score_buyable",
            "objective": "Opticoid.SkillPoint",
            "score": 1,
            "icon": "alienevo:textures/gui/playlists/playlist_1/alien_110.png",
            "description": "§eOpticoid Skill Point"
          }
        ]
      }
    },
    "shoulder_beams_unlock": {
      "type": "palladium:dummy",
      "icon": "#omni_extras:opticoid/shoulder_beams",
      "uuid": "fd0e711a-3af1-474e-899d-3e6870e6c409",
      "title": "Hand Blast",
      "description": "Shoot an §eelectrifying§r §aLaser §ffrom your §aHand-Eyes",
      "hidden_in_bar": true,
      "hidden": false,
      "list_index": -1,
      "gui_position": [
        0,
        1
      ],
      "conditions": {
        "unlocking": [
          {
            "type": "palladium:ability_unlocked",
            "power": "null",
            "ability": "opticoid_loop"
          }
        ]
      }
    },
    "eyeguy_sense_unlock": {
      "type": "palladium:dummy",
      "icon": "#omni_extras:opticoid/super_hearing",
      "uuid": "fd0e711a-3af1-474e-899d-3e6870e6c409",
      "title": "§aIncreased Awareness",
      "description": "Obtain the ability to detect any entity nearby due to their enhanced ears. ",
      "hidden_in_bar": true,
      "hidden": false,
      "list_index": -1,
      "gui_position": [
        0,
        1.7
      ],
      "conditions": {
        "unlocking": [
          {
            "type": "palladium:ability_unlocked",
            "power": "null",
            "ability": "opticoid_loop"
          },
          {
            "type": "palladium:scoreboard_score_buyable",
            "objective": "Opticoid.SkillPoint",
            "score": 1,
            "icon": "alienevo:textures/gui/playlists/playlist_1/alien_110.png",
            "description": "§eOpticoid Skill Point"
          }
        ]
      }
    },
    "freeze_laser": {
      "type": "palladium:energy_beam",
      "icon": "minecraft:snowball",
      "damage_type": "alienevo:energy_beam",
      "title": "Freeze-Beam",
      "bar_color": "green",
      "hidden": true,
      "hidden_in_bar": false,
      "list_index": 2,
      "gui_position": "null",
      "description": "null",
      "energy_beam": "omni_extras:opticoid/freeze_beam",
      "damage": 2,
      "max_distance": 10,
      "set_on_fire_seconds": 0,
      "cause_fire": false,
      "smelt_blocks": false,
      "commands_on_entity_hit": [
        "function omni_extras:freeze",
        "scoreboard players add @p[distance=..1,tag=ChromastoneLight] afomni.ChromaEnergy 10"
      ],
      "commands_on_block_hit": [
        "function omni_extras:freeze_block",
        "particle minecraft:snowflake ~ ~ ~ 0.2 0.3 0.2 0 10",
        "execute if block ~ ~ ~ minecraft:fire run setblock ~ ~ ~ minecraft:air replace"
      ],
      "conditions": {
        "enabling": [
          {
            "type": "palladium:ability_enabled",
            "ability": "ice_beam"
          }
        ]
      }
    },
    "show_both_arms": {
      "type": "palladium:show_both_arms",
      "icon": "minecraft:blaze_rod",
      "bar_color": "light_gray",
      "hidden": true,
      "hidden_in_bar": false,
      "list_index": -1,
      "conditions": {
        "enabling": [
          {
            "type": "palladium:or",
            "conditions": [
              {
                "type": "palladium:ability_enabled",
                "power": "null",
                "ability": "fire_beam"
              },
              {
                "type": "palladium:ability_enabled",
                "power": "null",
                "ability": "normal_beam_timer"
              },
              {
                "type": "palladium:ability_enabled",
                "power": "null",
                "ability": "hand_beams"
              },
              {
                "type": "palladium:ability_enabled",
                "power": "null",
                "ability": "super_beam_timer"
              }
            ]
          }
        ]
      }
    },
    "fire_beam": {
      "type": "palladium:aim",
      "title": "Fire-Beam",
      "arm": "left_arm",
      "time": 2,
      "icon": "#omni_extras:opticoid/fire_beam",
      "bar_color": "green",
      "hidden": true,
      "hidden_in_bar": false,
      "list_index": 2,
      "description": "Shoot out a §4burning§r §alaser§r from your §aHand-Eyes",
      "gui_position": [
        -2,
        1
      ],
      "conditions": {
        "enabling": [
          {
            "type": "palladium:held",
            "cooldown": 50,
            "needs_empty_hand": false,
            "key_type": "right_click"
          }
        ],
        "unlocking": [
          {
            "type": "palladium:objective_score",
            "objective": "Opticoid.ElementSelect",
            "min_score": 1,
            "max_score": 1
          },
          {
            "type": "palladium:ability_unlocked",
            "power": "null",
            "ability": "fire_beam_unlock"
          },
          {
            "type": "palladium:energy_bar",
            "energy_bar": "energy_meter",
            "min": 300
          },
          {
            "type": "palladium:not",
            "conditions": [
              {
                "type": "palladium:ability_enabled",
                "ability": "normal_beam_timer"
              },
              {
                "type": "palladium:ability_enabled",
                "ability": "hand_beams"
              },
              {
                "type": "palladium:has_tag",
                "tag": "Opticoid.Discharged"
              }
            ]
          }
        ]
      }
    },
    "fire_beam_unlock": {
      "type": "palladium:dummy",
      "icon": "#omni_extras:opticoid/fire_beam",
      "title": "Fire-Beam",
      "description": "Shoot out a §4burning§r §aLaser§r §ffrom your §aHand-Eyes",
      "hidden_in_bar": true,
      "hidden": false,
      "list_index": -1,
      "gui_position": [
        -0.5,
        0.5
      ],
      "conditions": {
        "unlocking": [
          {
            "type": "palladium:ability_unlocked",
            "power": "null",
            "ability": "opticoid_loop"
          },
          {
            "type": "palladium:scoreboard_score_buyable",
            "objective": "Opticoid.SkillPoint",
            "score": 1,
            "icon": "alienevo:textures/gui/playlists/playlist_1/alien_110.png",
            "description": "§eOpticoid Skill Point"
          }
        ]
      }
    },
    "fire_laser": {
      "type": "palladium:energy_beam",
      "icon": "minecraft:blaze_rod",
      "title": "Fire-Beam",
      "bar_color": "green",
      "hidden": true,
      "hidden_in_bar": false,
      "list_index": 0,
      "gui_position": "null",
      "description": "null",
      "energy_beam": "omni_extras:opticoid/fire_beam",
      "damage_type": "alienevo:energy_beam",
      "damage": 5,
      "max_distance": 14,
      "set_on_fire_seconds": 6,
      "cause_fire": true,
      "smelt_blocks": false,
      "commands_on_entity_hit": [
        "scoreboard players add @p[distance=..1,tag=ChromastoneLight] afomni.ChromaEnergy 12"
      ],
      "commands_on_block_hit": [
        "particle alienevo:flame ~ ~ ~ 0.1 0.2 0.1 0.1 7",
        "execute if block ~ ~ ~ air run setblock ~ ~ ~ minecraft:fire keep"
      ],
      "conditions": {
        "enabling": [
          {
            "type": "palladium:ability_enabled",
            "ability": "fire_beam"
          }
        ]
      }
    },
    "hand_beams": {
      "type": "palladium:aim",
      "title": "Hand Blasts",
      "arm": "both",
      "energy_bar_usage": {
        "energy_bar": "energy_meter",
        "amount": 12
      },
      "time": 3,
      "icon": "#omni_extras:opticoid/shoulder_beams",
      "bar_color": "green",
      "hidden": true,
      "hidden_in_bar": false,
      "list_index": 2,
      "conditions": {
        "enabling": [
          {
            "type": "palladium:held",
            "needs_empty_hand": true,
            "key_type": "right_click"
          },
          {
            "type": "palladium:energy_bar",
            "energy_bar": "energy_meter",
            "min": 30
          },
          {
            "type": "palladium:objective_score",
            "objective": "Opticoid.BeamIntensity",
            "min_score": 0,
            "max_score": 0
          },
          {
            "type": "palladium:not",
            "conditions": [
              {
                "type": "palladium:or",
                "conditions": [
                  {
                    "type": "palladium:objective_score",
                    "objective": "Opticoid.BeamIntensity",
                    "min_score": 1,
                    "max_score": 1
                  },
                  {
                    "type": "palladium:objective_score",
                    "objective": "Opticoid.BeamIntensity",
                    "min_score": 2,
                    "max_score": 2
                  }
                ]
              }
            ]
          }
        ],
        "unlocking": [
          {
            "type": "palladium:objective_score",
            "objective": "Opticoid.BeamIntensity",
            "min_score": 0,
            "max_score": 0
          },
          {
            "type": "palladium:objective_score",
            "objective": "Opticoid.ElementSelect",
            "min_score": 0,
            "max_score": 0
          },
          {
            "type": "palladium:not",
            "conditions": [
              {
                "type": "palladium:or",
                "conditions": [
                  {
                    "type": "palladium:objective_score",
                    "objective": "Opticoid.BeamIntensity",
                    "min_score": 1,
                    "max_score": 1
                  },
                  {
                    "type": "palladium:objective_score",
                    "objective": "Opticoid.BeamIntensity",
                    "min_score": 2,
                    "max_score": 2
                  }
                ]
              },
              {
                "type": "palladium:has_tag",
                "tag": "Opticoid.Discharged"
              }
            ]
          }
        ]
      }
    },
    "shot_delay": {
      "type": "palladium:repeating_animation_timer",
      "hidden": true,
      "hidden_in_bar": true,
      "start_value": 0,
      "max_value": 8,
      "conditions": {
        "enabling": [
          {
            "type": "palladium:ability_enabled",
            "ability": "hand_beams"
          }
        ]
      }
    },
    "hand_blasts": {
      "type": "alienevo:custom_projectile",
      "icon": "minecraft:blaze_rod",
      "title": "Hand Blasts",
      "bar_color": "green",
      "hidden": true,
      "hidden_in_bar": true,
      "list_index": 0,
      "entity_type": "palladium:custom_projectile",
      "entity_data": {
        "Damage": 6.5,
        "Gravity": 0,
        "Size": 0.2,
        "CommandsOnEntityHit": "function omni_extras:hand_blasts",
        "Lifetime": 40,
        "ExplosionBlockInteraction": "keep",
        "ExplosionRadius": 1,
        "DieOnEntityHit": true,
        "DieOnBlockHit": true,
        "Appearances": [
          {
            "Type": "trail",
            "Trail": "omni_extras:opticoid/hand_blast"
          }
        ]
      },
      "count": 1,
      "pitch_offset": 15,
      "yaw_inaccuracy": 25,
      "align_velocity_with_calculated_rotation": false,
      "speed": 1.4,
      "conditions": {
        "enabling": [
          {
            "type": "palladium:animation_timer_ability",
            "power": "omni_extras:opticoid",
            "min": 2,
            "max": 4,
            "ability": "shot_delay"
          }
        ]
      }
    },
    "base_form": {
      "type": "alienevo:omnitrix_detransform",
      "icon": "#alienevo:detransform",
      "title": {
        "translate": "ability.alienevo.omnitrix.base_form"
      },
      "hidden": true,
      "list_index": 4,
      "conditions": {
        "enabling": [
          {
            "type": "palladium:action",
            "key_type": "key_bind"
          }
        ],
        "unlocking": [
          {
            "type": "palladium:or",
            "conditions": [
              {
                "type": "palladium:has_tag",
                "tag": "AlienEvo.BaseForm"
              },
              {
                "type": "palladium:has_tag",
                "tag": "AlienEvo.MasterControl"
              }
            ]
          },
          {
            "type": "palladium:not",
            "conditions":[
              {
                "type": "palladium:has_tag",
                "tag": "Opticoid.Discharged"
              }
            ]
          }
        ]
      }
    },
    "timeout_function": {
      "type": "alienevo:omnitrix_timer",
      "hidden": true,
      "watch_name": "prototype",
      "detransform_sound": "prototype"
    },
    "slot_restriction": {
      "type": "palladium:restrict_slots",
      "hidden": true,
      "hidden_in_bar": false,
      "slots": [
        "head",
        "chest",
        "legs",
        "feet",
        "trinkets:head/hat",
        "trinkets:head/face",
        "trinkets:chest/back",
        "trinkets:chest/necklace",
        "trinkets:chest/cape",
        "trinkets:hand/ring",
        "trinkets:hand/glove",
        "trinkets:offhand/glove",
        "trinkets:offhand/ring",
        "curios:hands"
      ]
    }
  }
}