{
  "name": {
    "text": "Test Power"
  },
  "icon": {
    "type": "palladium:item",
    "item": "palladium:vibranium_circuit"
  },
  "abilities": {
    "command": {
      "hidden": true,
      "hidden_in_bar": true,
      "list_index": -1,
      "type": "palladium:command",
      "first_tick_commands": [
        "tag @s add Nosedeenian.Capable"
      ],
      "last_tick_commands": "",
      "commands": [""],
      "conditions": {
        "enabling": [
          {
            "type": "palladium:has_power",
            "power": "alienevo:prototype_omnitrix"
          }
        ]
      }
    },
    "command_recal": {
      "hidden": true,
      "hidden_in_bar": true,
      "list_index": -1,
      "type": "palladium:command",
      "first_tick_commands": [
                "tag @s add Nosedeenian.Capable"
      ],
      "last_tick_commands": "",
      "commands": [""],
      "conditions": {
        "enabling": [
          {
            "type": "palladium:has_power",
            "power": "evo_reds_alienpack:recal_omnitrix"
          }
        ]
      }
    },
    "command_recal2": {
      "hidden": true,
      "hidden_in_bar": true,
      "list_index": -1,
      "type": "palladium:command",
      "first_tick_commands": [
                "tag @s add Nosedeenian.Capable"
      ],
      "last_tick_commands": "",
      "commands": [""],
      "conditions": {
        "enabling": [
          {
            "type": "palladium:has_power",
            "power": "evo_reds_alienpack_noncustom:recal_omnitrix"
          }
        ]
      }
    },
    "command2": {
      "type": "palladium:command",
      "hidden": true,
      "hidden_in_bar": true,
      "list_index": -1,
      "first_tick_commands":[
                "tag @s remove Nosedeenian.Capable"
      ],
      "commands": [],
      "conditions":{
        "enabling": [
          {
            "type": "palladium:not",
            "conditions": [
              {
                "type": "palladium:or",
                "conditions": [
                  {
                    "type": "palladium:has_power",
                    "power": "alienevo:prototype_omnitrix"
                  }
                ]
              }
            ]
            
          }
        ]
      }
      
    },
     "command2_recal": {
      "type": "palladium:command",
      "hidden": true,
      "hidden_in_bar": true,
      "list_index": -1,
      "first_tick_commands":[
                "tag @s remove Nosedeenian.Capable"
      ],
      "commands": [],
      "conditions":{
        "enabling": [
          {
            "type": "palladium:not",
            "conditions": [
              {
                "type": "palladium:or",
                "conditions": [
                  {
                    "type": "palladium:has_power",
                    "power": "evo_reds_alienpack:recal_omnitrix"
                  }
                ]
              }
            ]
            
          }
        ]
      }
      
    },
    "command2_recal2": {
      "type": "palladium:command",
      "hidden": true,
      "hidden_in_bar": true,
      "list_index": -1,
      "first_tick_commands":[
                "tag @s remove Nosedeenian.Capable"
      ],
      "commands": [],
      "conditions":{
        "enabling": [
          {
            "type": "palladium:not",
            "conditions": [
              {
                "type": "palladium:or",
                "conditions": [
                  {
                    "type": "palladium:has_power",
                    "power": "evo_reds_alienpack_noncustom:recal_omnitrix"
                  }
                ]
              }
            ]
            
          }
        ]
      }
      
    },
    "command_ov": {
      "hidden": true,
      "hidden_in_bar": true,
      "list_index": -1,
      "type": "palladium:command",
      "first_tick_commands": [
                "tag @s add Nosedeenian.Capable"
      ],
      "last_tick_commands": "",
      "commands": [""],
      "conditions": {
        "enabling": [
          {
            "type": "palladium:has_power",
            "power": "aeo:omniverse_omnitrix"
          }
        ]
      }
    },
    "command_ov2": {
      "type": "palladium:command",
      "hidden": true,
      "hidden_in_bar": true,
      "list_index": -1,
      "first_tick_commands":[
        "tag @s remove Nosedeenian.Capable"
      ],
      "commands": [],
      "conditions":{
        "enabling": [
          {
            "type": "palladium:not",
            "conditions": [
              {
                "type": "palladium:or",
                "conditions": [
                  {
                    "type": "palladium:has_power",
                    "power": "aeo:omniverse_omnitrix"
                  }
                ]
              }
            ]
            
          }
        ]
      }
      
    },
    "command_ult": {
      "hidden": true,
      "hidden_in_bar": true,
      "list_index": -1,
      "type": "palladium:command",
      "first_tick_commands": [
                "tag @s add Nosedeenian.Capable"
      ],
      "last_tick_commands": "",
      "commands": [""],
      "conditions": {
        "enabling": [
          {
            "type": "palladium:has_power",
            "power": "evo_reds_alienpack_ult:ult_omnitrix"
          }
        ]
      }
    },
    "command_ult2": {
      "type": "palladium:command",
      "hidden": true,
      "hidden_in_bar": true,
      "list_index": -1,
      "first_tick_commands":[
        "tag @s remove Nosedeenian.Capable"
      ],
      "commands": [],
      "conditions":{
        "enabling": [
          {
            "type": "palladium:not",
            "conditions": [
              {
                "type": "palladium:or",
                "conditions": [
                  {
                    "type": "palladium:has_power",
                    "power": "evo_reds_alienpack_ult:ult_omnitrix"
                  }
                ]
              }
            ]
            
          }
        ]
      }
      
    },
    "command2_ult": {
      "hidden": true,
      "hidden_in_bar": true,
      "list_index": -1,
      "type": "palladium:command",
      "first_tick_commands": [
                "tag @s add Nosedeenian.Capable"
      ],
      "last_tick_commands": "",
      "commands": [""],
      "conditions": {
        "enabling": [
          {
            "type": "palladium:has_power",
            "power": "evo_reds_alienpack_ult_noncustom:ult_omnitrix"
          }
        ]
      }
    },
    "command2_ult2": {
      "type": "palladium:command",
      "hidden": true,
      "hidden_in_bar": true,
      "list_index": -1,
      "first_tick_commands":[
        "tag @s remove Nosedeenian.Capable"
      ],
      "commands": [],
      "conditions":{
        "enabling": [
          {
            "type": "palladium:not",
            "conditions": [
              {
                "type": "palladium:or",
                "conditions": [
                  {
                    "type": "palladium:has_power",
                    "power": "evo_reds_alienpack_ult_noncustom:ult_omnitrix"
                  }
                ]
              }
            ]
            
          }
        ]
      }
      
    }
  }
}
