{
  "name": "Talpaedan",
  "icon": "alienevo:textures/gui/playlists/playlist_1/alien_190.png",
  "energy_bars": {
    "Talpaedan.DigMeter": {
      "max": 300,
      "color": "#FFBF00",
      "synced_value": {
        "type": "score",
        "objective": "Talpaedan.DigMeter",
        "fallback": 0
      }
    }
  },
  "persistent_data": true,
  "background": "alienevo:textures/gui/power_screen/power_screen.png",
  "primary_color": "#aca11a",
  "allow_bar_shrinking": false,
  "secondary_color": "#332e27",
  "ability_bar_texture": "alienevo:textures/gui/ability_bar/interface.png",
  "hidden": false,
  "abilities": {
    "talpaedan_loop": {
      "type": "palladium:command",
      "hidden": false,
      "title": "Talpaedan",
      "gui_position": [
        0,
        0
      ],
      "description": "A species comprised of metal plates that is capable of shifting tectonic plates and burrowing underground.",
      "icon": "alienevo:textures/gui/playlists/playlist_1/alien_190.png",
      "first_tick_commands": [
        "scale easing set palladium:ability pehkui:exponential_out",
        "scale set pehkui:drops 0.5 @s",
        "scale set pehkui:hitbox_width 1.9 @s",
        "scale set pehkui:eye_height 1.1 @s",
        "scale set pehkui:hitbox_height 1 @s",
        "scoreboard objectives add Talpaedan.XP dummy",
        "scoreboard objectives add Talpaedan.Level dummy",
        "scoreboard objectives add Talpaedan.SkillPoint dummy",
        "scoreboard objectives add Talpaedan.DigMeter dummy"
      ],
      "last_tick_commands": [
        "scale reset",
        "scale easing reset",
        "scoreboard players set @s Talpaedan.DigMeter 0"
      ],
      "commands": [
        "scoreboard players add @s[palladium.power=selfdestruct:prototype_omnitrix_sdm] AlienEvo.SelfDestruct 1"
      ]
    },
    "hideBody": {
      "type": "palladium:hide_body_part",
      "icon": "minecraft:blaze_rod",
      "bar_color": "light_gray",
      "hidden": true,
      "hidden_in_bar": true,
      "affects_first_person": true,
      "body_parts": [
        "right_arm",
        "left_arm",
        "chest",
        "chest_overlay",
        "right_arm_overlay",
        "left_arm_overlay",
        "right_leg",
        "left_leg",
        "cape",
        "right_leg_overlay",
        "left_leg_overlay",
        "head",
        "head_overlay"
      ]
    },
    "name_change": {
      "type": "palladium:name_change",
      "icon": "minecraft:blaze_rod",
      "title": "null",
      "bar_color": "light_gray",
      "hidden": true,
      "hidden_in_bar": true,
      "list_index": -1,
      "name": {
        "translate": "species.alienevo_aliens.190"
      },
      "conditions": {
        "enabling": [],
        "unlocking": [
          {
            "type": "palladium:and",
            "conditions": [
              {
                "type": "alienevo:current_alien_nickname",
                "value": "species.alienevo_aliens.190"
              },
              {
                "type": "palladium:not",
                "conditions": [
                  {
                    "type": "palladium:has_tag",
                    "tag": "alienevo.nickname"
                  }
                ]
              }
            ]
          }
        ]
      }
    },
    "nickname": {
      "type": "palladium:name_change",
      "icon": "minecraft:blaze_rod",
      "title": "null",
      "bar_color": "light_gray",
      "hidden": true,
      "hidden_in_bar": true,
      "list_index": -1,
      "name": [
        {
          "nbt": "KubeJSPersistentData.alienevo_190",
          "entity": "@s"
        }
      ],
      "conditions": {
        "enabling": [],
        "unlocking": [
          {
            "type": "palladium:and",
            "conditions": [
              {
                "type": "palladium:not",
                "conditions": [
                  {
                    "type": "alienevo:current_alien_nickname",
                    "value": "species.alienevo_aliens.190"
                  }
                ]
              },
              {
                "type": "palladium:not",
                "conditions": [
                  {
                    "type": "palladium:has_tag",
                    "tag": "alienevo.nickname"
                  }
                ]
              }
            ]
          }
        ]
      }
    },
    "renderLayer": {
      "type": "palladium:render_layer",
      "hidden": true,
      "render_layer": "omni_extras:talpaedan"
    },
    "sizeChange": {
      "type": "palladium:size",
      "title": "Size Change",
      "hidden": true,
      "scale": 2
    },
    "base_health": {
      "type": "palladium:attribute_modifier",
      "attribute": "minecraft:generic.max_health",
      "hidden": true,
      "amount": 10
    },
    "base_strength": {
      "type": "palladium:attribute_modifier",
      "attribute": "minecraft:generic.attack_damage",
      "uuid": "03b40a11-e45e-4314-96ed-fe58da8ec9eb",
      "hidden": true,
      "amount": 4,
      "conditions": {
        "enabling": [
          {
            "type": "palladium:not",
            "conditions": [
              {
                "type": "palladium:ability_enabled",
                "power": "null",
                "ability": "drill_mode"
              }
            ]
          }
        ]
      }
    },
    "drill_mode_dmg": {
      "type": "palladium:attribute_modifier",
      "attribute": "minecraft:generic.attack_damage",
      "uuid": "ebf4bce2-83f6-47b7-bfb1-542c06c3fbe7",
      "hidden": true,
      "amount": 13,
      "conditions": {
        "enabling": [
          {
            "type": "palladium:ability_enabled",
            "power": "null",
            "ability": "drill_mode"
          }
        ]
      }
    },
    "destroy_speed": {
      "type": "palladium:attribute_modifier",
      "attribute": "palladium:destroy_speed",
      "hidden": true,
      "uuid": "4cfba929-444a-400e-9d2c-26ab3d1cb11f",
      "amount": 40,
      "conditions": {
        "enabling": [
          {
            "type": "palladium:ability_enabled",
            "power": "null",
            "ability": "drill_mode"
          }
        ]
      }
    },
    "drill_equivalent_to": {
      "type": "palladium:tool_hands",
      "icon": "minecraft:wooden_pickaxe",
      "title": "null",
      "bar_color": "light_gray",
      "hidden": true,
      "hidden_in_bar": true,
      "list_index": -1,
      "drop_block_tags": [
        "minecraft:mineable/pickaxe",
        "minecraft:needs_diamond_tool",
        "minecraft:mineable/shovel"
      ],
      "conditions": {
        "enabling": [
          {
            "type": "palladium:ability_enabled",
            "power": "null",
            "ability": "drill_mode"
          }
        ]
      }
    },
    "reach_distance": {
      "type": "palladium:attribute_modifier",
      "attribute": "forge:reach_distance",
      "hidden": true,
      "amount": 4
    },
    "destroy_speed_upgrade1": {
      "type": "palladium:attribute_modifier",
      "attribute": "palladium:destroy_speed",
      "hidden": true,
      "uuid": "ee4f9304-f0c3-4e87-a636-3a37e1ba2464",
      "amount": 80,
      "conditions": {
        "enabling": [
          {
            "type": "palladium:ability_enabled",
            "power": "null",
            "ability": "drill_mode"
          },
          {
            "type": "palladium:ability_enabled",
            "power": "null",
            "ability": "drill_mode_speed1_unlock"
          }
        ]
      }
    },
    "destroy_speed_upgrade2": {
      "type": "palladium:attribute_modifier",
      "attribute": "palladium:destroy_speed",
      "hidden": true,
      "uuid": "6bbe3154-f1bc-4f75-899e-1015b83f5e77",
      "amount": 120,
      "conditions": {
        "enabling": [
          {
            "type": "palladium:ability_enabled",
            "power": "null",
            "ability": "drill_mode"
          },
          {
            "type": "palladium:ability_enabled",
            "power": "null",
            "ability": "drill_mode_speed2_unlock"
          }
        ]
      }
    },
    "knockbackResistance": {
      "type": "palladium:attribute_modifier",
      "attribute": "minecraft:generic.knockback_resistance",
      "hidden": true,
      "amount": 30
    },
    "base_armor": {
      "type": "palladium:attribute_modifier",
      "attribute": "minecraft:generic.armor",
      "uuid": "bee30623-4e5a-4e3f-a8b3-f9a1fbdc2c1c",
      "hidden": true,
      "amount": 35
    },
    "explosion_immune": {
      "type": "palladium:damage_immunity",
      "hidden": true,
      "damage_sources": [
        "minecraft:is_projectile"
      ],
      "conditions": {
        "enabling": []
      }
    },
    "fall_immune": {
      "type": "palladium:damage_immunity",
      "hidden": true,
      "damage_sources": [
        "minecraft:is_fall"
      ],
      "conditions": {
        "enabling": []
      }
    },
    "base_armorToughness": {
      "type": "palladium:attribute_modifier",
      "attribute": "minecraft:generic.armor_toughness",
      "hidden": true,
      "amount": 30
    },
    "earthquake_tag": {
      "type": "palladium:command",
      "icon": "omni_extras:textures/gui/aliens/alien_190/rumble.png",
      "title": {
        "translate": "ability.talpaedan.burrow_rumble"
      },
      "hidden": true,
      "hidden_in_bar": false,
      "list_index": 2,
      "commands": [
        "tag @s add EarthQuake.Active"
      ],
      "conditions": {
        "enabling": [
          {
            "type": "palladium:held",
            "cooldown": 130,
            "needs_empty_hand": false,
            "key_type": "key_bind"
          },
          {
            "type": "palladium:crouching",
            "value": true
          }
        ],
        "unlocking": [
          {
            "type": "palladium:on_ground"
          },
          {
            "type": "palladium:and",
            "conditions": [
              {
                "type": "palladium:crouching",
                "value": true
              },
              {
                "type": "palladium:not",
                "conditions": [
                  {
                    "type": "palladium:ability_enabled",
                    "power": "null",
                    "ability": "drill_mode"
                  }
                ]
              }
            ]
          }
        ]
      }
    },
    "quake_generation": {
      "type": "palladium:repeating_animation_timer",
      "icon": "omni_extras:textures/gui/aliens/alien_190/rumble.png",
      "max_value": 25,
      "list_index": -1,
      "hidden": true,
      "hidden_in_bar": true,
      "conditions": {
        "enabling": [
          {
            "type": "palladium:has_tag",
            "tag": "EarthQuake.Active"
          }
        ]
      }
    },
    "earthquake_tag_removal": {
      "type": "palladium:command",
      "icon": "omni_extras:textures/gui/aliens/alien_190/rumble.png",
      "title": {
        "translate": "ability.talpaedan.burrow_rumble"
      },
      "hidden": true,
      "hidden_in_bar": true,
      "list_index": -1,
      "commands": [
        "tag @s remove EarthQuake.Active"
      ],
      "conditions": {
        "enabling": [
          {
            "type": "palladium:ability_last_tick",
            "ability": "earthquake_tag"
          }
        ]
      }
    },
    "line_quake_tag": {
      "type": "palladium:command",
      "icon": "omni_extras:textures/gui/aliens/alien_190/rumble.png",
      "title": "Line Quake",
      "hidden": true,
      "hidden_in_bar": false,
      "list_index": 3,
      "commands": [
        "tag @s add LineQuake.Active"
      ],
      "conditions": {
        "enabling": [
          {
            "type": "palladium:held",
            "cooldown": 130,
            "needs_empty_hand": false,
            "key_type": "key_bind"
          },
          {
            "type": "palladium:crouching",
            "value": true
          }
        ],
        "unlocking": [
          {
            "type": "palladium:on_ground"
          },
          {
            "type": "palladium:and",
            "conditions": [
              {
                "type": "palladium:crouching",
                "value": true
              },
              {
                "type": "palladium:not",
                "conditions": [
                  {
                    "type": "palladium:ability_enabled",
                    "power": "null",
                    "ability": "drill_mode"
                  }
                ]
              }
            ]
          }
        ]
      }
    },
    "line_quake_generation": {
      "type": "palladium:repeating_animation_timer",
      "icon": "omni_extras:textures/gui/aliens/alien_190/rumble.png",
      "max_value": 10,
      "list_index": -1,
      "hidden": true,
      "hidden_in_bar": true,
      "conditions": {
        "enabling": [
          {
            "type": "palladium:has_tag",
            "tag": "LineQuake.Active"
          }
        ]
      }
    },
    "line_quake_tag_removal": {
      "type": "palladium:command",
      "icon": "omni_extras:textures/gui/aliens/alien_190/rumble.png",
      "title": {
        "translate": "ability.talpaedan.burrow_rumble"
      },
      "hidden": true,
      "hidden_in_bar": true,
      "list_index": -1,
      "commands": [
        "tag @s remove LineQuake.Active"
      ],
      "conditions": {
        "enabling": [
          {
            "type": "palladium:ability_last_tick",
            "ability": "line_quake_tag"
          }
        ]
      }
    },
    "line_quake_visuals": {
      "type": "alienevo:line_block_wave",
      "title": "im quaking it",
      "bar_color": "light_gray",
      "hidden": true,
      "hidden_in_bar": true,
      "list_index": -1,
      "maxRange": 8,
      "waveDelay": 2,
      "enableVisuals": true,
      "isDestructionEnabled": true,
      "lineWidth": 6,
      "damageAmount": 15,
      "knockbackStrength": 0.1,
      "conditions": {
        "enabling": [
          {
            "type": "palladium:animation_timer_ability",
            "ability": "line_quake_generation",
            "min": 3,
            "max": 3
          }
        ]
      }
    },
    "earthquake_visuals": {
      "type": "alienevo:block_wave",
      "radius": 9,
      "hidden": true,
      "conditions": {
        "enabling": [
          {
            "type": "palladium:animation_timer_ability",
            "ability": "quake_generation",
            "min": 12,
            "max": 24
          }
        ]
      }
    },
    "dig_particles": {
      "type": "omni_extras:dig_particles",
      "hidden": true,
      "radius": 3,
      "conditions": {
        "enabling": [
          {
            "type": "palladium:animation_timer_ability",
            "ability": "quake_generation",
            "min": 1,
            "max": 12
          }
        ]
      }
    },
    "locked_inplace": {
      "type": "palladium:attribute_modifier",
      "attribute": "minecraft:generic.movement_speed",
      "hidden": true,
      "amount": -1,
      "uuid": "628a677f-e546-4a87-b1c8-5a0d76b96e08",
      "conditions": {
        "enabling": [
          {
            "type": "palladium:ability_enabled",
            "ability": "quake_generation"
          }
        ]
      }
    },
    "slam_damage": {
      "type": "afomni:aoe_damage",
      "hidden": true,
      "hidden_in_bar": false,
      "radius": 5,
      "damage": 20,
      "fire_seconds": 0,
      "damage_type": "minecraft:player_attack",
      "conditions": {
        "enabling": [
          {
            "type": "palladium:ability_integer_property",
            "ability": "quake_generation",
            "property": "value",
            "min": 15,
            "max": 15
          },
          {
            "type": "palladium:ability_enabled",
            "ability": "quake_generation"
          }
        ]
      }
    },
    "Speed": {
      "type": "palladium:attribute_modifier",
      "attribute": "minecraft:generic.movement_speed",
      "hidden": true,
      "amount": -0.020,
      "uuid": "3f9dba01-3f45-45bc-a1b5-8f4cdff1d6ae"
    },
    "Gravity": {
      "type": "palladium:attribute_modifier",
      "attribute": "forge:entity_gravity",
      "uuid": "a312cd26-1baf-4121-a1d4-3530458e7192",
      "list_index": -1,
      "hidden": true,
      "amount": 4,
      "conditions": {
        "enabling": [
          {
            "type": "palladium:in_water"
          }
        ]
      }
    },
    "drill_anim_off": {
      "type": "geckolib:render_layer_animation",
      "hidden": true,
      "hidden_in_bar": true,
      "render_layer": "omni_extras:talpaedan",
      "controller": "drill_mode",
      "animation_trigger": "drill_off",
      "conditions": {
        "enabling": [
          {
            "type": "palladium:ability_integer_property",
            "ability": "drill_mode",
            "property": "value",
            "min": 1,
            "max": 1
          },
          {
            "type": "palladium:not",
            "conditions": [
              {
                "type": "palladium:ability_enabled",
                "power": "null",
                "ability": "drill_mode"
              }
            ]
          }
        ]
      }
    },
    "drill_anim": {
      "type": "geckolib:render_layer_animation",
      "hidden": true,
      "hidden_in_bar": true,
      "render_layer": "omni_extras:talpaedan",
      "controller": "drill_mode",
      "animation_trigger": "drill_on",
      "conditions": {
        "enabling": [
          {
            "type": "palladium:ability_integer_property",
            "ability": "drill_mode",
            "property": "value",
            "min": 2,
            "max": 2
          }
        ]
      }
    },
    "tectonic_shock": {
      "type": "palladium:projectile",
      "hidden": true,
      "bar_color": "light_gray",
      "title": "Tectonic Smash",
      "entity_type": "palladium:custom_projectile",
      "innacuracy": 0,
      "velocity": 4,
      "swinging_arm": "both",
      "damage_from_player": false,
      "list_index": 0,
      "hidden_in_bar": false,
      "entity_data": {
        "Size": 2,
        "Gravity": 0,
        "Lifetime": 7,
        "ExplosionBlockInteraction": "destroy",
        "ExplosionRadius": 3,
        "ExplosionCausesFire": false,
        "KnockbackStrength": 0,
        "DieOnBlockHit": false,
        "Appearances": [
          {
            "Type": "particles",
            "ParticleType": "minecraft:explosion_emitter",
            "Spread": 5,
            "Amount": 9
          },
          {
            "Type": "particles",
            "ParticleType": "minecraft:explosion",
            "Spread": 5,
            "Amount": 1
          }
        ]
      },
      "conditions": {
        "enabling": [
          {
            "type": "palladium:activation",
            "ticks": 15,
            "cooldown": 100,
            "needs_empty_hand": false,
            "key_type": "right_click"
          },
          {
            "type": "palladium:ability_enabled",
            "power": "null",
            "ability": "drill_mode"
          },
          {
            "type": "palladium:energy_bar",
            "energy_bar": "Talpaedan.DigMeter",
            "min": 300
          }
        ],
        "unlocking": [
          {
            "type": "palladium:ability_enabled",
            "power": "null",
            "ability": "drill_mode"
          },
          {
            "type": "palladium:energy_bar",
            "energy_bar": "Talpaedan.DigMeter",
            "min": 300
          }
        ]
      }
    },
    "drain_some_from_bar": {
      "type": "palladium:command",
      "icon": "minecraft:obsidian",
      "hidden": true,
      "hidden_in_bar": true,
      "list_index": -1,
      "commands": [
        "scoreboard players remove @s Talpaedan.DigMeter 100"
      ],
      "conditions": {
        "enabling": [
          {
            "type": "palladium:ability_enabled",
            "power": "null",
            "ability": "tectonic_shock"
          }
        ]
      }
    },
    "dummy_punch": {
      "type": "palladium:projectile",
      "hidden": true,
      "bar_color": "light_gray",
      "title": "Sonic Punch",
      "icon": "minecraft:arrow",
      "entity_type": "palladium:custom_projectile",
      "innacuracy": 0,
      "velocity": 4,
      "swinging_arm": "both",
      "damage_from_player": false,
      "list_index": 0,
      "hidden_in_bar": false,
      "entity_data": {
        "Size": 30,
        "Gravity": 0,
        "Lifetime": 5,
        "DieOnBlockHit": false,
        "Appearances": [
          {
            "Type": "particles",
            "ParticleType": "alienevo:sonic_boom",
            "Spread": 5,
            "Amount": 9
          }
        ]
      },
      "conditions": {
        "enabling": [
          {
            "type": "palladium:activation",
            "ticks": 1,
            "cooldown": 100,
            "needs_empty_hand": false,
            "key_type": "right_click"
          },
          {
            "type": "palladium:energy_bar",
            "energy_bar": "Talpaedan.DigMeter",
            "min": 100
          }
        ],
        "unlocking": [
          {
            "type": "palladium:not",
            "conditions": [
              {
                "type": "palladium:ability_enabled",
                "power": "null",
                "ability": "drill_mode"
              }
            ]
          },
          {
            "type": "palladium:energy_bar",
            "energy_bar": "Talpaedan.DigMeter",
            "min": 100
          }
        ]
      }
    },
    "drain_from_bar": {
      "type": "palladium:command",
      "icon": "minecraft:obsidian",
      "hidden": true,
      "hidden_in_bar": true,
      "list_index": -1,
      "commands": [
        "scoreboard players remove @s Talpaedan.DigMeter 60"
      ],
      "conditions": {
        "enabling": [
          {
            "type": "palladium:ability_enabled",
            "power": "null",
            "ability": "dummy_punch"
          }
        ]
      }
    },
    "explosion_sound": {
      "type": "palladium:play_sound",
      "icon": "minecraft:blaze_rod",
      "title": "null",
      "bar_color": "light_gray",
      "hidden": true,
      "hidden_in_bar": true,
      "list_index": -1,
      "gui_position": "null",
      "description": "null",
      "sound": "minecraft:entity.generic.explode",
      "volume": 6,
      "pitch": 1,
      "looping": false,
      "play_self": true,
      "play_others": true,
      "conditions": {
        "enabling": [
          {
            "type": "palladium:ability_enabled",
            "power": "null",
            "ability": "dummy_punch"
          }
        ]
      }
    },
    "show_both_arms_drill": {
      "type": "palladium:show_both_arms",
      "hidden": true,
      "conditions": {
        "enabling": [
          {
            "type": "palladium:ability_enabled",
            "power": "null",
            "ability": "drill_aim"
          }
        ]
      }
    },
    "slot_restriction_hand": {
      "type": "palladium:restrict_slots",
      "hidden": true,
      "hidden_in_bar": false,
      "slots": [
        "mainhand"
      ],
      "conditions": {
        "enabling": [
          {
            "type": "palladium:ability_enabled",
            "power": "null",
            "ability": "drill_mode"
          }
        ]
      }
    },
    "drill_mode": {
      "type": "palladium:animation_timer",
      "start_value": 0,
      "max_value": 3,
      "hidden_in_bar": false,
      "bar_color": "orange",
      "icon": "minecraft:diamond_pickaxe",
      "list_index": 1,
      "title": "Drill Mode",
      "description": "Turn your hands into drills §9(Increased mining speed)",
      "hidden": false,
      "gui_position": [
        0,
        1
      ],
      "conditions": {
        "enabling": [
          {
            "type": "palladium:toggle",
            "cooldown": 0,
            "key_type": "key_bind"
          }
        ]
      }
    },
    "drill_mode_speed1_unlock": {
      "type": "palladium:dummy",
      "icon": "minecraft:diamond_pickaxe",
      "title": "Mining Speed §a+1",
      "hidden_in_bar": true,
      "hidden": false,
      "list_index": -1,
      "gui_position": [
        0,
        2
      ],
      "conditions": {
        "unlocking": [
          {
            "type": "palladium:ability_unlocked",
            "power": "null",
            "ability": "talpaedan_loop"
          },
          {
            "type": "palladium:scoreboard_score_buyable",
            "objective": "Talpaedan.SkillPoint",
            "score": 1,
            "icon": "alienevo:textures/gui/playlists/playlist_1/alien_190.png",
            "description": "§eTalpaedan Skill Point"
          }
        ]
      }
    },
    "drill_mode_speed2_unlock": {
      "type": "palladium:dummy",
      "icon": "minecraft:diamond_pickaxe",
      "title": "Mining Speed §a+1",
      "hidden_in_bar": true,
      "hidden": false,
      "list_index": -1,
      "gui_position": [
        0,
        3
      ],
      "conditions": {
        "unlocking": [
          {
            "type": "palladium:ability_unlocked",
            "power": "null",
            "ability": "drill_mode_speed1_unlock"
          },
          {
            "type": "palladium:scoreboard_score_buyable",
            "objective": "Talpaedan.SkillPoint",
            "score": 1,
            "icon": "alienevo:textures/gui/playlists/playlist_1/alien_190.png",
            "description": "§eTalpaedan Skill Point"
          }
        ]
      }
    },
    "Gravity_water": {
      "type": "palladium:attribute_modifier",
      "attribute": "forge:swim_speed",
      "amount": -0.8,
      "hidden": true,
      "conditions": {
        "enabling": [
          {
            "type": "palladium:in_water"
          }
        ]
      }
    },
    "base_form": {
      "type": "alienevo:omnitrix_detransform",
      "icon": "#alienevo:detransform",
      "title": "Base Form",
      "hidden": true,
      "hidden_in_bar": false,
      "list_index": 4,
      "conditions": {
        "enabling": [
          {
            "type": "palladium:action",
            "key_type": "key_bind"
          }
        ],
        "unlocking": [
          {
            "type": "palladium:or",
            "conditions": [
              {
                "type": "palladium:has_tag",
                "tag": "AlienEvo.BaseForm"
              },
              {
                "type": "palladium:has_tag",
                "tag": "AlienEvo.MasterControl"
              }
            ]
          }
        ]
      }
    },
    "timeout_function": {
      "type": "alienevo:omnitrix_timer",
      "hidden": true
    },
    "slot_restriction": {
      "type": "palladium:restrict_slots",
      "hidden": true,
      "hidden_in_bar": false,
      "slots": [
        "head",
        "chest",
        "legs",
        "feet",
        "trinkets:head/hat",
        "trinkets:head/face",
        "trinkets:chest/back",
        "trinkets:chest/necklace",
        "trinkets:chest/cape",
        "trinkets:hand/ring",
        "trinkets:hand/glove",
        "trinkets:offhand/glove",
        "trinkets:offhand/ring",
        "curios:hands"
      ]
    }
  }
}