{
	"format_version": "1.12.0",
	"minecraft:geometry": [
		{
			"description": {
				"identifier": "geometry.evo3",
				"texture_width": 64,
				"texture_height": 64,
				"visible_bounds_width": 4,
				"visible_bounds_height": 4.5,
				"visible_bounds_offset": [0, 1.75, 0]
			},
			"bones": [
				{
					"name": "armorHead",
					"pivot": [-0.10434, 26.85197, -1.72543],
					"cubes": [
						{
							"origin": [-2.78451, 25.64577, -4.31819],
							"size": [5.53431, 3.98943, 4.52647],
							"uv": {
								"north": {"uv": [19, 42], "uv_size": [7, 6]},
								"east": {"uv": [42, 29], "uv_size": [6, 7]},
								"south": {"uv": [26, 41], "uv_size": [7, 7]},
								"west": {"uv": [48, 29], "uv_size": [-6, 7]},
								"up": {"uv": [7, 45], "uv_size": [7, 6]},
								"down": {"uv": [48, 4], "uv_size": [5, -3]}
							}
						},
						{
							"origin": [-2.20452, 24.64842, -3.85787],
							"size": [4.29145, 1.30423, 2.37831],
							"pivot": [-0.1088, 20.71438, -1.01653],
							"rotation": [5, 0, 0],
							"uv": {
								"north": {"uv": [24, 33], "uv_size": [4.9, 1.7]},
								"east": {"uv": [42, 33], "uv_size": [6, 3]},
								"south": {"uv": [26, 41], "uv_size": [7, 7]},
								"west": {"uv": [48, 33], "uv_size": [-6, 3]},
								"up": {"uv": [33, 34], "uv_size": [7, 6]},
								"down": {"uv": [49, 3], "uv_size": [4, -2]}
							}
						},
						{
							"origin": [-0.96687, 26.69947, -4.43816],
							"size": [6.88381, 4.83335, 0],
							"pivot": [2.47505, 29.11615, -4.43816],
							"rotation": [9.61749, -4.28566, -59.72014],
							"uv": {
								"north": {"uv": [32, 7], "uv_size": [9, 8]},
								"east": {"uv": [0, 0], "uv_size": [0, 8]},
								"west": {"uv": [0, 0], "uv_size": [0, 8]},
								"up": {"uv": [0, 0], "uv_size": [9, 0]},
								"down": {"uv": [0, 0], "uv_size": [9, 0]}
							}
						},
						{
							"origin": [-6.86311, 26.69947, -4.43816],
							"size": [0.83521, 4.83335, 0],
							"pivot": [-2.59263, 29.11615, -4.43816],
							"rotation": [9.61749, 4.28566, 59.72014],
							"uv": {
								"north": {"uv": [36.208, 57.4], "uv_size": [-0.208, 5]},
								"east": {"uv": [0, 0], "uv_size": [0, 8]},
								"west": {"uv": [0, 0], "uv_size": [0, 8]},
								"up": {"uv": [9, 0], "uv_size": [-9, 0]},
								"down": {"uv": [9, 0], "uv_size": [-9, 0]}
							}
						},
						{
							"origin": [-6.03453, 26.69947, -4.43816],
							"size": [6.8838, 4.83335, 0],
							"pivot": [-2.59263, 29.11615, -4.43816],
							"rotation": [9.61749, 4.28566, 59.72014],
							"uv": {
								"north": {"uv": [41, 7], "uv_size": [-9, 8]},
								"east": {"uv": [0, 0], "uv_size": [0, 8]},
								"west": {"uv": [0, 0], "uv_size": [0, 8]},
								"up": {"uv": [9, 0], "uv_size": [-9, 0]},
								"down": {"uv": [9, 0], "uv_size": [-9, 0]}
							}
						},
						{
							"origin": [5.91031, 26.69947, -4.43816],
							"size": [0.8352, 4.83335, 0],
							"pivot": [2.47505, 29.11615, -4.43816],
							"rotation": [9.61749, -4.28566, -59.72014],
							"uv": {
								"north": {"uv": [36, 57.4], "uv_size": [0.208, 5]},
								"east": {"uv": [0, 0], "uv_size": [0, 8]},
								"west": {"uv": [0, 0], "uv_size": [0, 8]},
								"up": {"uv": [0, 0], "uv_size": [9, 0]},
								"down": {"uv": [0, 0], "uv_size": [9, 0]}
							}
						}
					]
				},
				{
					"name": "armorBody",
					"pivot": [0.00835, 25.54773, 1.5344],
					"cubes": [
						{
							"origin": [-6.33025, 17.74362, -2.09332],
							"size": [12.74291, 6.67463, 5.37039],
							"pivot": [0.00835, 21.02125, -0.01918],
							"rotation": [2.5, 0, 0],
							"uv": {
								"north": {"uv": [20, 17], "uv_size": [15, 8]},
								"east": {"uv": [35, 22], "uv_size": [7, 8]},
								"south": {"uv": [20, 25], "uv_size": [14, 6.8]},
								"west": {"uv": [42, 22], "uv_size": [-7, 8]},
								"up": {"uv": [0, 27], "uv_size": [14, 7]},
								"down": {"uv": [32, 7], "uv_size": [15, -7]}
							}
						},
						{
							"origin": [-1.87309, 22.42354, 1.28236],
							"size": [3.56287, 4.44975, 3.29895],
							"pivot": [-0.09165, 20.56093, 1.59194],
							"rotation": [37.5, 0, 0],
							"uv": {
								"north": {"uv": [19, 48], "uv_size": [4, 8]},
								"east": {"uv": [47, 36], "uv_size": [5, 8]},
								"south": {"uv": [48, 20], "uv_size": [4, 8]},
								"west": {"uv": [52, 36], "uv_size": [-5, 8]},
								"up": {"uv": [52, 18], "uv_size": [4, 5]},
								"down": {"uv": [52, 28], "uv_size": [4, -5]}
							}
						},
						{
							"origin": [-4.63167, 16.26846, -1.11436],
							"size": [9.28004, 4.91007, 4.29631],
							"uv": {
								"north": {"uv": [0.3, 34], "uv_size": [8.4, 7]},
								"east": {"uv": [41, 41], "uv_size": [6, 7]},
								"south": {"uv": [35, 15], "uv_size": [9, 7]},
								"west": {"uv": [47, 41], "uv_size": [-6, 7]},
								"down": {"uv": [41, 13], "uv_size": [9, -6]}
							}
						},
						{
							"origin": [-2.16023, 12.5859, -0.34716],
							"size": [4.3543, 6.70903, 2.76192],
							"uv": {
								"north": {"uv": [9.1, 37], "uv_size": [4.8, 7.9]},
								"east": {"uv": [33, 41], "uv_size": [4, 11]},
								"south": {"uv": [14, 41], "uv_size": [5, 11]},
								"west": {"uv": [37, 41], "uv_size": [-4, 11]},
								"down": {"uv": [14, 56], "uv_size": [5, -4]}
							}
						},
						{
							"origin": [-1.21737, 11.8187, -0.34716],
							"size": [2.46857, 0.7672, 2.76192],
							"uv": {
								"north": {"uv": [39, 32], "uv_size": [3, 1]},
								"east": {"uv": [40, 32], "uv_size": [-4, 1]},
								"south": {"uv": [47, 6], "uv_size": [3, 1]},
								"west": {"uv": [35, 32], "uv_size": [4, 1]},
								"down": {"uv": [54, 4], "uv_size": [3, -4]}
							}
						}
					]
				},
				{
					"name": "Eye",
					"parent": "armorBody",
					"pivot": [-1.48309, 24.32021, 1.76456],
					"rotation": [0, 11, 0],
					"cubes": [
						{
							"origin": [3.98551, 24.32021, 0.3836],
							"size": [0.41429, 0.23016, 0.3836],
							"uv": {
								"north": {"uv": [61, 46], "uv_size": [0, 0]},
								"east": {"uv": [61, 46], "uv_size": [0, 0]},
								"south": {"uv": [61, 46], "uv_size": [0, 0]},
								"west": {"uv": [61, 46], "uv_size": [0, 0]},
								"up": {"uv": [61, 46], "uv_size": [0, 0]},
								"down": {"uv": [61, 46], "uv_size": [0, 0]}
							}
						},
						{
							"origin": [3.58652, 24.39693, 1.6302],
							"size": [1.32572, 0.54471, 0.23016],
							"uv": {
								"north": {"uv": [61, 46], "uv_size": [1, 0]},
								"east": {"uv": [61, 46], "uv_size": [0, 0]},
								"south": {"uv": [62, 46], "uv_size": [1, 0]},
								"west": {"uv": [62, 46], "uv_size": [0, 0]},
								"up": {"uv": [61, 46], "uv_size": [1, 0]},
								"down": {"uv": [62, 46], "uv_size": [1, 0]}
							}
						},
						{
							"origin": [3.98551, 24.32021, 2.76192],
							"size": [0.41429, 0.23016, 0.3836],
							"uv": {
								"north": {"uv": [62, 48], "uv_size": [0, 0]},
								"east": {"uv": [62, 48], "uv_size": [0, 0]},
								"south": {"uv": [62, 48], "uv_size": [0, 0]},
								"west": {"uv": [62, 48], "uv_size": [0, 0]},
								"up": {"uv": [62, 48], "uv_size": [0, 0]},
								"down": {"uv": [62, 48], "uv_size": [0, 0]}
							}
						},
						{
							"origin": [3.07408, 24.32021, 0.7672],
							"size": [2.15429, 0.23016, 1.99471],
							"uv": {
								"north": {"uv": [60, 44], "uv_size": [2, 0]},
								"east": {"uv": [58, 44], "uv_size": [2, 0]},
								"south": {"uv": [64, 44], "uv_size": [2, 0]},
								"west": {"uv": [62, 44], "uv_size": [2, 0]},
								"up": {"uv": [60, 42], "uv_size": [2, 2]},
								"down": {"uv": [62, 44], "uv_size": [2, -2]}
							}
						},
						{
							"origin": [3.32265, 24.32021, 0.99736],
							"size": [1.65715, 0.53704, 1.5344],
							"uv": {
								"north": {"uv": [60, 37], "uv_size": [-2, -1]},
								"east": {"uv": [60, 35], "uv_size": [-2, 1]},
								"south": {"uv": [58, 35], "uv_size": [1.98215, 1.03704]},
								"west": {"uv": [58, 37], "uv_size": [2, -1]},
								"up": {"uv": [60, 35], "uv_size": [-2, 2]}
							}
						}
					]
				},
				{
					"name": "Eye6",
					"parent": "armorBody",
					"pivot": [1.49978, 24.32021, 1.76456],
					"rotation": [0, -11, 0],
					"cubes": [
						{
							"origin": [-4.38311, 24.32021, 0.3836],
							"size": [0.41429, 0.23016, 0.3836],
							"uv": {
								"north": {"uv": [60, 48], "uv_size": [0, 0]},
								"east": {"uv": [60, 48], "uv_size": [0, 0]},
								"south": {"uv": [60, 48], "uv_size": [0, 0]},
								"west": {"uv": [60, 48], "uv_size": [0, 0]},
								"up": {"uv": [60, 48], "uv_size": [0, 0]},
								"down": {"uv": [60, 48], "uv_size": [0, 0]}
							}
						},
						{
							"origin": [-4.69923, 24.39693, 1.59204],
							"size": [1.32572, 0.54471, 0.23016],
							"uv": {
								"north": {"uv": [62, 47], "uv_size": [-1, 0]},
								"east": {"uv": [62, 47], "uv_size": [0, 0]},
								"south": {"uv": [63, 47], "uv_size": [-1, 0]},
								"west": {"uv": [61, 47], "uv_size": [0, 0]},
								"up": {"uv": [62, 47], "uv_size": [-1, 0]},
								"down": {"uv": [63, 47], "uv_size": [-1, 0]}
							}
						},
						{
							"origin": [-4.38311, 24.32021, 2.76192],
							"size": [0.41429, 0.23016, 0.3836],
							"uv": {
								"north": {"uv": [62, 49], "uv_size": [0, 0]},
								"east": {"uv": [62, 49], "uv_size": [0, 0]},
								"south": {"uv": [62, 49], "uv_size": [0, 0]},
								"west": {"uv": [62, 49], "uv_size": [0, 0]},
								"up": {"uv": [62, 49], "uv_size": [0, 0]},
								"down": {"uv": [62, 49], "uv_size": [0, 0]}
							}
						},
						{
							"origin": [-5.21167, 24.32021, 0.7672],
							"size": [2.15429, 0.23016, 1.99471],
							"uv": {
								"north": {"uv": [62, 44], "uv_size": [-2, 0]},
								"east": {"uv": [64, 44], "uv_size": [-2, 0]},
								"south": {"uv": [66, 44], "uv_size": [-2, 0]},
								"west": {"uv": [60, 44], "uv_size": [-2, 0]},
								"up": {"uv": [62, 42], "uv_size": [-2, 2]},
								"down": {"uv": [64, 44], "uv_size": [-2, -2]}
							}
						},
						{
							"origin": [-4.9631, 24.32021, 0.99736],
							"size": [1.65715, 0.53704, 1.5344],
							"uv": {
								"north": {"uv": [60, 37], "uv_size": [-2, -1]},
								"east": {"uv": [60, 35], "uv_size": [-2, 1]},
								"south": {"uv": [58, 35], "uv_size": [1.98215, 1.03704]},
								"west": {"uv": [58, 37], "uv_size": [2, -1]},
								"up": {"uv": [60, 35], "uv_size": [-2, 2]}
							}
						}
					]
				},
				{
					"name": "Eye7",
					"parent": "armorBody",
					"pivot": [1.0855, 29.38372, 2.60848],
					"rotation": [-90, 2.5, -107.5],
					"cubes": [
						{
							"origin": [-6.97406, 29.38372, 0.71656],
							"size": [0.56757, 0.31532, 0.52553],
							"uv": {
								"north": {"uv": [63, 49], "uv_size": [0, 0]},
								"east": {"uv": [63, 49], "uv_size": [0, 0]},
								"south": {"uv": [63, 49], "uv_size": [0, 0]},
								"west": {"uv": [63, 49], "uv_size": [0, 0]},
								"up": {"uv": [63, 49], "uv_size": [0, 0]},
								"down": {"uv": [63, 49], "uv_size": [0, 0]}
							}
						},
						{
							"origin": [-7.54162, 29.46044, 2.39826],
							"size": [1.81624, 0.74626, 0.31532],
							"uv": {
								"north": {"uv": [62, 45], "uv_size": [-2, 0]},
								"east": {"uv": [62, 45], "uv_size": [0, 0]},
								"south": {"uv": [64, 45], "uv_size": [-2, 0]},
								"west": {"uv": [60, 45], "uv_size": [0, 0]},
								"up": {"uv": [62, 45], "uv_size": [-2, 0]},
								"down": {"uv": [64, 45], "uv_size": [-2, 0]}
							}
						},
						{
							"origin": [-6.97406, 29.38372, 3.97485],
							"size": [0.56757, 0.31532, 0.52553],
							"uv": {
								"north": {"uv": [59, 46], "uv_size": [0, 0]},
								"east": {"uv": [59, 46], "uv_size": [0, 0]},
								"south": {"uv": [59, 46], "uv_size": [0, 0]},
								"west": {"uv": [59, 46], "uv_size": [0, 0]},
								"up": {"uv": [59, 46], "uv_size": [0, 0]},
								"down": {"uv": [59, 46], "uv_size": [0, 0]}
							}
						},
						{
							"origin": [-8.1092, 29.38372, 1.2421],
							"size": [2.95139, 0.31532, 2.73276],
							"uv": {
								"north": {"uv": [61, 64], "uv_size": [-3, 0]},
								"east": {"uv": [64, 64], "uv_size": [-3, 0]},
								"south": {"uv": [67, 64], "uv_size": [-3, 0]},
								"west": {"uv": [58, 64], "uv_size": [-3, 0]},
								"up": {"uv": [61, 61], "uv_size": [-3, 3]},
								"down": {"uv": [64, 64], "uv_size": [-3, -3]}
							}
						},
						{
							"origin": [-7.76866, 29.38372, 1.55741],
							"size": [2.27029, 0.73575, 2.10213],
							"uv": {
								"north": {"uv": [60, 37], "uv_size": [-2, -1]},
								"east": {"uv": [60, 35], "uv_size": [-2, 1]},
								"south": {"uv": [58, 35], "uv_size": [2.02029, 0.98575]},
								"west": {"uv": [59, 37], "uv_size": [-2, -1]},
								"up": {"uv": [60, 35], "uv_size": [-2, 2]}
							}
						}
					]
				},
				{
					"name": "Eye8",
					"parent": "armorBody",
					"pivot": [-2.06309, 28.76996, 2.68519],
					"rotation": [-90, 2.5, -77.5],
					"cubes": [
						{
							"origin": [-8.99431, 28.76996, 1.05815],
							"size": [0.48812, 0.27118, 0.45196],
							"uv": {
								"north": {"uv": [62, 48], "uv_size": [0, 0]},
								"east": {"uv": [62, 48], "uv_size": [0, 0]},
								"south": {"uv": [62, 48], "uv_size": [0, 0]},
								"west": {"uv": [62, 48], "uv_size": [0, 0]},
								"up": {"uv": [62, 48], "uv_size": [0, 0]},
								"down": {"uv": [62, 48], "uv_size": [0, 0]}
							}
						},
						{
							"origin": [-9.48241, 28.84668, 2.50441],
							"size": [1.56195, 0.64178, 0.27117],
							"uv": {
								"north": {"uv": [60, 48], "uv_size": [-1, 0]},
								"east": {"uv": [60, 48], "uv_size": [0, 0]},
								"south": {"uv": [61, 48], "uv_size": [-1, 0]},
								"west": {"uv": [59, 48], "uv_size": [0, 0]},
								"up": {"uv": [60, 48], "uv_size": [-1, 0]},
								"down": {"uv": [61, 48], "uv_size": [-1, 0]}
							}
						},
						{
							"origin": [-8.99431, 28.76996, 3.86029],
							"size": [0.48812, 0.27118, 0.45195],
							"uv": {
								"north": {"uv": [63, 48], "uv_size": [0, 0]},
								"east": {"uv": [63, 48], "uv_size": [0, 0]},
								"south": {"uv": [63, 48], "uv_size": [0, 0]},
								"west": {"uv": [63, 48], "uv_size": [0, 0]},
								"up": {"uv": [63, 48], "uv_size": [0, 0]},
								"down": {"uv": [63, 48], "uv_size": [0, 0]}
							}
						},
						{
							"origin": [-9.97053, 28.76996, 1.51011],
							"size": [2.53819, 0.27118, 2.35018],
							"uv": {
								"north": {"uv": [58, 64], "uv_size": [-3, 0]},
								"east": {"uv": [61, 64], "uv_size": [-3, 0]},
								"south": {"uv": [64, 64], "uv_size": [-3, 0]},
								"west": {"uv": [55, 64], "uv_size": [-3, 0]},
								"up": {"uv": [58, 61], "uv_size": [-3, 3]},
								"down": {"uv": [61, 64], "uv_size": [-3, -3]}
							}
						},
						{
							"origin": [-9.67767, 28.76996, 1.78128],
							"size": [1.95246, 0.63274, 1.80782],
							"uv": {
								"north": {"uv": [60, 37], "uv_size": [-2, -1]},
								"east": {"uv": [60, 35], "uv_size": [-2, 1]},
								"south": {"uv": [58, 35], "uv_size": [2.00246, 0.95774]},
								"west": {"uv": [60, 37], "uv_size": [-2, -1]},
								"up": {"uv": [60, 35], "uv_size": [-2, 2]}
							}
						}
					]
				},
				{
					"name": "Eye9",
					"parent": "armorBody",
					"pivot": [1.49978, 25.47101, 2.91536],
					"rotation": [-90, 2.5, -77.5],
					"cubes": [
						{
							"origin": [-4.59968, 25.47101, 1.48356],
							"size": [0.42953, 0.23863, 0.39772],
							"uv": {
								"north": {"uv": [62, 47], "uv_size": [0, 0]},
								"east": {"uv": [62, 47], "uv_size": [0, 0]},
								"south": {"uv": [62, 47], "uv_size": [0, 0]},
								"west": {"uv": [62, 47], "uv_size": [0, 0]},
								"up": {"uv": [62, 47], "uv_size": [0, 0]},
								"down": {"uv": [62, 47], "uv_size": [0, 0]}
							}
						},
						{
							"origin": [-5.02922, 25.54773, 2.75627],
							"size": [1.37452, 0.56476, 0.23863],
							"uv": {
								"north": {"uv": [61, 48], "uv_size": [-1, 0]},
								"east": {"uv": [61, 48], "uv_size": [0, 0]},
								"south": {"uv": [62, 48], "uv_size": [-1, 0]},
								"west": {"uv": [60, 48], "uv_size": [0, 0]},
								"up": {"uv": [61, 48], "uv_size": [-1, 0]},
								"down": {"uv": [62, 48], "uv_size": [-1, 0]}
							}
						},
						{
							"origin": [-4.59968, 25.47101, 3.94943],
							"size": [0.42953, 0.23863, 0.39772],
							"uv": {
								"north": {"uv": [62, 48], "uv_size": [0, 0]},
								"east": {"uv": [62, 48], "uv_size": [0, 0]},
								"south": {"uv": [62, 48], "uv_size": [0, 0]},
								"west": {"uv": [62, 48], "uv_size": [0, 0]},
								"up": {"uv": [62, 48], "uv_size": [0, 0]},
								"down": {"uv": [62, 48], "uv_size": [0, 0]}
							}
						},
						{
							"origin": [-5.45876, 25.47101, 1.88128],
							"size": [2.23361, 0.23863, 2.06816],
							"uv": {
								"north": {"uv": [62, 44], "uv_size": [-2, 0]},
								"east": {"uv": [64, 44], "uv_size": [-2, 0]},
								"south": {"uv": [66, 44], "uv_size": [-2, 0]},
								"west": {"uv": [60, 44], "uv_size": [-2, 0]},
								"up": {"uv": [62, 42], "uv_size": [-2, 2]},
								"down": {"uv": [64, 44], "uv_size": [-2, -2]}
							}
						},
						{
							"origin": [-5.20103, 25.47101, 2.11991],
							"size": [1.71815, 0.55681, 1.59089],
							"uv": {
								"north": {"uv": [60, 37], "uv_size": [-2, -1]},
								"east": {"uv": [60, 35], "uv_size": [-2, 1]},
								"south": {"uv": [58, 35], "uv_size": [1.96815, 1.05681]},
								"west": {"uv": [58, 37], "uv_size": [2, -1]},
								"up": {"uv": [60, 35], "uv_size": [-2, 2]}
							}
						}
					]
				},
				{
					"name": "Eye10",
					"parent": "armorBody",
					"pivot": [-4.63167, 25.08052, 2.91536],
					"rotation": [-90.85553, 2.34914, -97.51754],
					"cubes": [
						{
							"origin": [-10.73114, 25.08052, 1.48356],
							"size": [0.42954, 0.23863, 0.39772],
							"uv": {
								"north": {"uv": [61, 47], "uv_size": [0, 0]},
								"east": {"uv": [61, 47], "uv_size": [0, 0]},
								"south": {"uv": [61, 47], "uv_size": [0, 0]},
								"west": {"uv": [61, 47], "uv_size": [0, 0]},
								"up": {"uv": [61, 47], "uv_size": [0, 0]},
								"down": {"uv": [61, 47], "uv_size": [0, 0]}
							}
						},
						{
							"origin": [-11.16068, 25.23397, 2.75627],
							"size": [1.37452, 0.56476, 0.23863],
							"uv": {
								"north": {"uv": [62, 49], "uv_size": [-1, 0]},
								"east": {"uv": [62, 49], "uv_size": [0, 0]},
								"south": {"uv": [63, 49], "uv_size": [-1, 0]},
								"west": {"uv": [61, 49], "uv_size": [0, 0]},
								"up": {"uv": [62, 49], "uv_size": [-1, 0]},
								"down": {"uv": [63, 49], "uv_size": [-1, 0]}
							}
						},
						{
							"origin": [-10.73114, 25.08052, 3.94943],
							"size": [0.42954, 0.23863, 0.39772],
							"uv": {
								"north": {"uv": [62, 47], "uv_size": [0, 0]},
								"east": {"uv": [62, 47], "uv_size": [0, 0]},
								"south": {"uv": [62, 47], "uv_size": [0, 0]},
								"west": {"uv": [62, 47], "uv_size": [0, 0]},
								"up": {"uv": [62, 47], "uv_size": [0, 0]},
								"down": {"uv": [62, 47], "uv_size": [0, 0]}
							}
						},
						{
							"origin": [-11.59022, 25.08052, 1.88128],
							"size": [2.23361, 0.23863, 2.06816],
							"uv": {
								"north": {"uv": [62, 44], "uv_size": [-2, 0]},
								"east": {"uv": [64, 44], "uv_size": [-2, 0]},
								"south": {"uv": [66, 44], "uv_size": [-2, 0]},
								"west": {"uv": [60, 44], "uv_size": [-2, 0]},
								"up": {"uv": [62, 42], "uv_size": [-2, 2]},
								"down": {"uv": [64, 44], "uv_size": [-2, -2]}
							}
						},
						{
							"origin": [-11.33248, 25.08052, 2.11991],
							"size": [1.71815, 0.55681, 1.59089],
							"uv": {
								"north": {"uv": [60, 37], "uv_size": [-2, -1]},
								"east": {"uv": [60, 35], "uv_size": [-2, 1]},
								"south": {"uv": [58, 35], "uv_size": [1.96815, 0.98181]},
								"west": {"uv": [58, 37], "uv_size": [2, -1]},
								"up": {"uv": [60, 35], "uv_size": [-2, 2]}
							}
						}
					]
				},
				{
					"name": "Eye15",
					"parent": "armorBody",
					"pivot": [0.02491, 32.06892, -1.99472],
					"rotation": [93, 0, 0],
					"cubes": [
						{
							"origin": [2.44741, 32.06892, -13.84179],
							"size": [0.43459, 0.51762, 0.786],
							"pivot": [0.02491, 32.32773, -13.48716],
							"rotation": [0, 90, 0],
							"uv": {
								"north": {"uv": [61, 48], "uv_size": [0, 0]},
								"east": {"uv": [62, 48], "uv_size": [-1, 0]},
								"south": {"uv": [62, 48], "uv_size": [0, 0]},
								"west": {"uv": [61, 48], "uv_size": [-1, 0]},
								"up": {"uv": [61, 47], "uv_size": [0, 1]},
								"down": {"uv": [61, 48], "uv_size": [0, -1]}
							}
						},
						{
							"origin": [0.95598, 32.22236, -11.63676],
							"size": [3.08602, 0.51763, 0.47912],
							"pivot": [0.02491, 32.48117, -11.43556],
							"rotation": [0, 90, 0],
							"uv": {
								"north": {"uv": [64, 49], "uv_size": [-3, 0]},
								"east": {"uv": [64, 49], "uv_size": [0, 0]},
								"south": {"uv": [67, 49], "uv_size": [-3, 0]},
								"west": {"uv": [61, 49], "uv_size": [0, 0]},
								"up": {"uv": [64, 49], "uv_size": [-3, 0]},
								"down": {"uv": [67, 49], "uv_size": [-3, 0]}
							}
						},
						{
							"origin": [-3.16359, 32.06892, -14.59179],
							"size": [0.76601, 0.51762, 0.786],
							"pivot": [0.02491, 32.32773, -14.23716],
							"rotation": [0, 90, 0],
							"uv": {
								"north": {"uv": [60, 45], "uv_size": [2, 4]},
								"east": {"uv": [63, 46], "uv_size": [-3, 3]},
								"south": {"uv": [63, 49], "uv_size": [0, 0]},
								"west": {"uv": [62, 49], "uv_size": [-3, -3]},
								"up": {"uv": [60, 40], "uv_size": [-2, 3]},
								"down": {"uv": [59, 50], "uv_size": [3, -2]}
							}
						},
						{
							"origin": [-2.64614, 32.06892, -15.97065],
							"size": [5.42499, 0.51762, 4.4861],
							"uv": {
								"north": {"uv": [60, 64], "uv_size": [-6, 0]},
								"east": {"uv": [65, 64], "uv_size": [-5, 0]},
								"south": {"uv": [71, 64], "uv_size": [-6, 0]},
								"west": {"uv": [54, 64], "uv_size": [-5, 0]},
								"up": {"uv": [60, 59], "uv_size": [-6, 5]},
								"down": {"uv": [66, 64], "uv_size": [-6, -5]}
							}
						},
						{
							"origin": [-2.08711, 31.45516, -15.52975],
							"size": [4.30692, 1.20778, 3.6043],
							"uv": {
								"north": {"uv": [26, 63], "uv_size": [-4, 1]},
								"east": {"uv": [30, 63], "uv_size": [-4, 1]},
								"south": {"uv": [34, 63], "uv_size": [-4, 1]},
								"west": {"uv": [22, 63], "uv_size": [-4, 1]},
								"up": {"uv": [26, 59], "uv_size": [-4, 4]},
								"down": {"uv": [30, 63], "uv_size": [-4, -4]}
							}
						}
					]
				},
				{
					"name": "armorLeftArm",
					"pivot": [5.63981, 22.0583, 0.61376],
					"rotation": [7.31594, 2.15393, -9.76758]
				},
				{
					"name": "UpperArm2",
					"parent": "armorLeftArm",
					"pivot": [2.89886, 26.93057, -0.51865],
					"rotation": [0, 0, -2.5],
					"cubes": [
						{
							"origin": [2.92794, 19.49631, -1.21065],
							"size": [4.72288, 4.6032, 4.14287],
							"pivot": [6.87601, 22.48083, 0.55542],
							"rotation": [0, 0, -45],
							"uv": {
								"north": {"uv": [5, 21], "uv_size": [5.7, 6]},
								"east": {"uv": [0, 21], "uv_size": [5, 6]},
								"south": {"uv": [14, 21], "uv_size": [5.7, 6]},
								"west": {"uv": [10, 21], "uv_size": [5, 6]},
								"up": {"uv": [5, 16], "uv_size": [4.5, 4.7]},
								"down": {"uv": [10, 21], "uv_size": [5, -5]}
							}
						},
						{
							"origin": [5.0681, 13.41537, -0.97409],
							"size": [4.06002, 7.82543, 3.37568],
							"pivot": [9.68517, 19.50595, 0.5589],
							"rotation": [-5.20328, 4.7731, -2.28054],
							"uv": {
								"north": {"uv": [5, 4], "uv_size": [4.9, 10.2]},
								"east": {"uv": [1, 4], "uv_size": [3.9, 10.1]},
								"south": {"uv": [12, 4], "uv_size": [4.9, 10.2]},
								"west": {"uv": [9, 4], "uv_size": [3.9, 10.3]},
								"up": {"uv": [5, 0], "uv_size": [4, 4]},
								"down": {"uv": [9, 4], "uv_size": [4, -4]}
							}
						}
					]
				},
				{
					"name": "Eye2",
					"parent": "UpperArm2",
					"pivot": [8.03075, 22.47455, 1.01491],
					"rotation": [0.99021, -12.71931, 45.04646],
					"cubes": [
						{
							"origin": [7.72402, 22.18709, -0.65809],
							"size": [0.50958, 0.28309, 0.47183],
							"uv": {
								"north": {"uv": [62, 48], "uv_size": [0, 0]},
								"east": {"uv": [62, 48], "uv_size": [0, 0]},
								"south": {"uv": [62, 48], "uv_size": [0, 0]},
								"west": {"uv": [62, 48], "uv_size": [0, 0]},
								"up": {"uv": [62, 48], "uv_size": [0, 0]},
								"down": {"uv": [62, 48], "uv_size": [0, 0]}
							}
						},
						{
							"origin": [7.11253, 22.26382, 0.85176],
							"size": [1.63064, 0.66999, 0.28309],
							"uv": {
								"north": {"uv": [59, 45], "uv_size": [1, 0]},
								"east": {"uv": [59, 45], "uv_size": [0, 0]},
								"south": {"uv": [60, 45], "uv_size": [1, 0]},
								"west": {"uv": [60, 45], "uv_size": [0, 0]},
								"up": {"uv": [59, 45], "uv_size": [1, 0]},
								"down": {"uv": [60, 45], "uv_size": [1, 0]}
							}
						},
						{
							"origin": [7.80654, 22.24122, 2.2511],
							"size": [0.50958, 0.28309, 0.47183],
							"uv": {
								"north": {"uv": [61, 48], "uv_size": [0, 0]},
								"east": {"uv": [61, 48], "uv_size": [0, 0]},
								"south": {"uv": [61, 48], "uv_size": [0, 0]},
								"west": {"uv": [61, 48], "uv_size": [0, 0]},
								"up": {"uv": [61, 48], "uv_size": [0, 0]},
								"down": {"uv": [61, 48], "uv_size": [0, 0]}
							}
						},
						{
							"origin": [6.60296, 22.18709, -0.18626],
							"size": [2.64978, 0.28309, 2.4535],
							"uv": {
								"north": {"uv": [53, 64], "uv_size": [3, 0]},
								"east": {"uv": [50, 64], "uv_size": [3, 0]},
								"south": {"uv": [59, 64], "uv_size": [3, 0]},
								"west": {"uv": [56, 64], "uv_size": [3, 0]},
								"up": {"uv": [53, 61], "uv_size": [3, 3]},
								"down": {"uv": [56, 64], "uv_size": [3, -3]}
							}
						},
						{
							"origin": [7.07375, 22.18709, 0.06455],
							"size": [2.03828, 0.66056, 1.88732],
							"pivot": [8.01037, 22.5715, 1.02435],
							"rotation": [0, 180, 0],
							"uv": {
								"north": {"uv": [60, 36], "uv_size": [-2, 1]},
								"east": {"uv": [60, 35], "uv_size": [-2, 1]},
								"south": {"uv": [58, 35], "uv_size": [1.98828, 1.01056]},
								"west": {"uv": [58, 37], "uv_size": [2, -1]},
								"up": {"uv": [60, 35], "uv_size": [-2, 2]}
							}
						}
					]
				},
				{
					"name": "Eye3",
					"parent": "UpperArm2",
					"pivot": [8.912, 23.72395, 1.18892],
					"rotation": [5.89704, 3.68495, 87.91862],
					"cubes": [
						{
							"origin": [14.35563, 23.628, -0.20509],
							"size": [0.41429, 0.23016, 0.3836],
							"uv": {
								"north": {"uv": [62, 49], "uv_size": [0, 0]},
								"east": {"uv": [62, 49], "uv_size": [0, 0]},
								"south": {"uv": [62, 49], "uv_size": [0, 0]},
								"west": {"uv": [62, 49], "uv_size": [0, 0]},
								"up": {"uv": [62, 49], "uv_size": [0, 0]},
								"down": {"uv": [62, 49], "uv_size": [0, 0]}
							}
						},
						{
							"origin": [13.85848, 23.70471, 1.02243],
							"size": [1.32572, 0.54472, 0.23016],
							"uv": {
								"north": {"uv": [60, 45], "uv_size": [1, 0]},
								"east": {"uv": [60, 45], "uv_size": [0, 0]},
								"south": {"uv": [61, 45], "uv_size": [1, 0]},
								"west": {"uv": [61, 45], "uv_size": [0, 0]},
								"up": {"uv": [60, 45], "uv_size": [1, 0]},
								"down": {"uv": [61, 45], "uv_size": [1, 0]}
							}
						},
						{
							"origin": [14.35563, 23.628, 2.17322],
							"size": [0.41429, 0.23016, 0.3836],
							"uv": {
								"north": {"uv": [62, 47], "uv_size": [0, 0]},
								"east": {"uv": [62, 47], "uv_size": [0, 0]},
								"south": {"uv": [62, 47], "uv_size": [0, 0]},
								"west": {"uv": [62, 47], "uv_size": [0, 0]},
								"up": {"uv": [62, 47], "uv_size": [0, 0]},
								"down": {"uv": [62, 47], "uv_size": [0, 0]}
							}
						},
						{
							"origin": [13.4442, 23.628, 0.17851],
							"size": [2.1543, 0.23016, 1.99471],
							"uv": {
								"north": {"uv": [60, 44], "uv_size": [2, 0]},
								"east": {"uv": [58, 44], "uv_size": [2, 0]},
								"south": {"uv": [64, 44], "uv_size": [2, 0]},
								"west": {"uv": [62, 44], "uv_size": [2, 0]},
								"up": {"uv": [60, 42], "uv_size": [2, 2]},
								"down": {"uv": [62, 44], "uv_size": [2, -2]}
							}
						},
						{
							"origin": [13.74269, 23.628, 0.43477],
							"size": [1.65715, 0.53704, 1.5344],
							"pivot": [14.54631, 23.99247, 1.18892],
							"rotation": [0, 180, 0],
							"uv": {
								"north": {"uv": [60, 36], "uv_size": [-2, 1]},
								"east": {"uv": [64, 36], "uv_size": [-2, 1]},
								"south": {"uv": [58, 35], "uv_size": [1.98215, 1.03704]},
								"west": {"uv": [59, 37], "uv_size": [-2, -1]},
								"up": {"uv": [60, 35], "uv_size": [-2, 2]}
							}
						}
					]
				},
				{
					"name": "Eye4",
					"parent": "UpperArm2",
					"pivot": [8.912, 20.80859, -0.65235],
					"rotation": [7.15266, -13.46066, 86.7092],
					"cubes": [
						{
							"origin": [14.35384, 20.7125, -2.04049],
							"size": [0.41429, 0.23016, 0.3836],
							"uv": {
								"north": {"uv": [62, 49], "uv_size": [0, 0]},
								"east": {"uv": [62, 49], "uv_size": [0, 0]},
								"south": {"uv": [62, 49], "uv_size": [0, 0]},
								"west": {"uv": [62, 49], "uv_size": [0, 0]},
								"up": {"uv": [62, 49], "uv_size": [0, 0]},
								"down": {"uv": [62, 49], "uv_size": [0, 0]}
							}
						},
						{
							"origin": [13.88257, 20.78537, -0.81442],
							"size": [1.32572, 0.54471, 0.23016],
							"uv": {
								"north": {"uv": [59, 47], "uv_size": [1, 0]},
								"east": {"uv": [59, 47], "uv_size": [0, 0]},
								"south": {"uv": [60, 47], "uv_size": [1, 0]},
								"west": {"uv": [60, 47], "uv_size": [0, 0]},
								"up": {"uv": [59, 47], "uv_size": [1, 0]},
								"down": {"uv": [60, 47], "uv_size": [1, 0]}
							}
						},
						{
							"origin": [14.35384, 20.7125, 0.33783],
							"size": [0.41429, 0.23016, 0.3836],
							"uv": {
								"north": {"uv": [62, 48], "uv_size": [0, 0]},
								"east": {"uv": [62, 48], "uv_size": [0, 0]},
								"south": {"uv": [62, 48], "uv_size": [0, 0]},
								"west": {"uv": [62, 48], "uv_size": [0, 0]},
								"up": {"uv": [62, 48], "uv_size": [0, 0]},
								"down": {"uv": [62, 48], "uv_size": [0, 0]}
							}
						},
						{
							"origin": [13.44241, 20.7125, -1.65689],
							"size": [2.1543, 0.23016, 1.99471],
							"uv": {
								"north": {"uv": [60, 44], "uv_size": [2, 0]},
								"east": {"uv": [58, 44], "uv_size": [2, 0]},
								"south": {"uv": [64, 44], "uv_size": [2, 0]},
								"west": {"uv": [62, 44], "uv_size": [2, 0]},
								"up": {"uv": [60, 42], "uv_size": [2, 2]},
								"down": {"uv": [62, 44], "uv_size": [2, -2]}
							}
						},
						{
							"origin": [13.74448, 20.7125, -1.41239],
							"size": [1.65715, 0.53704, 1.5344],
							"pivot": [14.54631, 21.07711, -0.65236],
							"rotation": [0, 180, 0],
							"uv": {
								"north": {"uv": [60, 37], "uv_size": [-2, -1]},
								"east": {"uv": [60, 35], "uv_size": [-2, 1]},
								"south": {"uv": [58, 35], "uv_size": [2.00715, 1.03704]},
								"west": {"uv": [59, 37], "uv_size": [-2, -1]},
								"up": {"uv": [60, 35], "uv_size": [-2, 2]}
							}
						}
					]
				},
				{
					"name": "HalfArm2",
					"parent": "armorLeftArm",
					"pivot": [8.85661, 13.5218, -0.51517],
					"rotation": [0, 0, 12.5],
					"cubes": [
						{
							"origin": [9.66875, 4.75682, -0.35281],
							"size": [1.07715, 1.918, 0.99736],
							"pivot": [13.57948, 19.81283, 0.9425],
							"rotation": [-21.40262, 16.6686, 4.36454],
							"uv": {
								"north": {"uv": [17, 12], "uv_size": [1, 2]},
								"east": {"uv": [16, 12], "uv_size": [1, 2]},
								"south": {"uv": [19, 12], "uv_size": [1, 2]},
								"west": {"uv": [18, 12], "uv_size": [1, 2]},
								"up": {"uv": [17, 11], "uv_size": [1, 1]},
								"down": {"uv": [18, 12], "uv_size": [1, -1]}
							}
						},
						{
							"origin": [8.03868, 4.29146, 0.10751],
							"size": [2.90002, 2.83864, 2.60847],
							"pivot": [11.92233, 19.58267, 1.17266],
							"rotation": [-23.29535, 13.81286, -2.82454],
							"uv": {
								"north": {"uv": [23, 14], "uv_size": [3, 3]},
								"east": {"uv": [20, 14], "uv_size": [3, 3]},
								"south": {"uv": [29, 14], "uv_size": [3, 3]},
								"west": {"uv": [26, 14], "uv_size": [3, 3]},
								"up": {"uv": [23, 11], "uv_size": [3, 3]},
								"down": {"uv": [26, 14], "uv_size": [3, -3]}
							}
						},
						{
							"origin": [5.05082, 6.12075, 0.70784],
							"size": [4.80574, 7.67199, 4.52647],
							"pivot": [10.18233, 19.50595, 3.2441],
							"rotation": [-29.78922, 9.86042, -10.72897],
							"uv": {
								"north": {"uv": [20, 4], "uv_size": [5.8, 10]},
								"east": {"uv": [15, 32], "uv_size": [5.9, 10]},
								"south": {"uv": [58.2, 0], "uv_size": [5.8, 10]},
								"west": {"uv": [25, 4], "uv_size": [4, 7]},
								"up": {"uv": [20, 0], "uv_size": [4, 4]},
								"down": {"uv": [57, 33.9], "uv_size": [5.8, -5.9]}
							}
						}
					]
				},
				{
					"name": "Eye5",
					"parent": "HalfArm2",
					"pivot": [9.68975, 16.65678, -3.51236],
					"rotation": [10.93502, -12.42961, 76.56002],
					"cubes": [
						{
							"origin": [16.21477, 16.06045, -5.37149],
							"size": [0.50844, 0.28247, 0.47078],
							"uv": {
								"north": {"uv": [61, 47], "uv_size": [0, 0]},
								"east": {"uv": [61, 47], "uv_size": [0, 0]},
								"south": {"uv": [61, 47], "uv_size": [0, 0]},
								"west": {"uv": [61, 47], "uv_size": [0, 0]},
								"up": {"uv": [61, 47], "uv_size": [0, 0]},
								"down": {"uv": [61, 47], "uv_size": [0, 0]}
							}
						},
						{
							"origin": [15.62345, 16.13444, -3.85461],
							"size": [1.62702, 0.6685, 0.28247],
							"uv": {
								"north": {"uv": [60, 46], "uv_size": [1, 0]},
								"east": {"uv": [60, 46], "uv_size": [0, 0]},
								"south": {"uv": [61, 46], "uv_size": [1, 0]},
								"west": {"uv": [61, 46], "uv_size": [0, 0]},
								"up": {"uv": [60, 46], "uv_size": [1, 0]},
								"down": {"uv": [61, 46], "uv_size": [1, 0]}
							}
						},
						{
							"origin": [16.21477, 16.06045, -2.45267],
							"size": [0.50844, 0.28247, 0.47078],
							"uv": {
								"north": {"uv": [62, 46], "uv_size": [0, 0]},
								"east": {"uv": [62, 46], "uv_size": [0, 0]},
								"south": {"uv": [62, 46], "uv_size": [0, 0]},
								"west": {"uv": [62, 46], "uv_size": [0, 0]},
								"up": {"uv": [62, 46], "uv_size": [0, 0]},
								"down": {"uv": [62, 46], "uv_size": [0, 0]}
							}
						},
						{
							"origin": [15.0962, 16.06045, -4.90071],
							"size": [2.64389, 0.28247, 2.44804],
							"uv": {
								"north": {"uv": [55, 63], "uv_size": [3, 0]},
								"east": {"uv": [52, 63], "uv_size": [3, 0]},
								"south": {"uv": [61, 63], "uv_size": [3, 0]},
								"west": {"uv": [58, 63], "uv_size": [3, 0]},
								"up": {"uv": [55, 60], "uv_size": [3, 3]},
								"down": {"uv": [58, 63], "uv_size": [3, -3]}
							}
						},
						{
							"origin": [15.43885, 16.06045, -4.58608],
							"size": [2.03376, 0.65908, 1.88311],
							"pivot": [16.43694, 16.48688, -3.6606],
							"rotation": [0, 180, 0],
							"uv": {
								"north": {"uv": [60, 36], "uv_size": [-2, 1]},
								"east": {"uv": [60, 36], "uv_size": [-2, -1]},
								"south": {"uv": [58, 35], "uv_size": [2.03376, 0.95908]},
								"west": {"uv": [59, 37], "uv_size": [-2, -1]},
								"up": {"uv": [60, 35], "uv_size": [-2, 2]}
							}
						}
					]
				},
				{
					"name": "armorRightArm",
					"pivot": [-5.3731, 22.0583, 0.61376],
					"rotation": [7.31594, -2.15393, 9.76758]
				},
				{
					"name": "UpperArm3",
					"parent": "armorRightArm",
					"pivot": [-2.87837, 26.88732, -0.51487],
					"rotation": [0, 0, 2.5],
					"cubes": [
						{
							"origin": [-7.63033, 19.45306, -1.20687],
							"size": [4.72288, 4.6032, 4.14287],
							"pivot": [-6.85552, 22.43758, 0.5592],
							"rotation": [0, 0, 45],
							"uv": {
								"north": {"uv": [10.7, 21], "uv_size": [-5.7, 6]},
								"east": {"uv": [15, 21], "uv_size": [-5, 6]},
								"south": {"uv": [19.7, 21], "uv_size": [-5.7, 6]},
								"west": {"uv": [5, 21], "uv_size": [-5, 6]},
								"up": {"uv": [10, 16], "uv_size": [-5, 5]},
								"down": {"uv": [15, 21], "uv_size": [-5, -5]}
							}
						},
						{
							"origin": [-9.10763, 13.37212, -0.97031],
							"size": [4.06002, 7.82543, 3.37568],
							"pivot": [-9.66468, 19.4627, 0.56268],
							"rotation": [-5.20328, -4.7731, 2.28054],
							"uv": {
								"north": {"uv": [9.9, 4], "uv_size": [-4.9, 10.2]},
								"east": {"uv": [13, 4], "uv_size": [-4, 12]},
								"south": {"uv": [16.9, 4], "uv_size": [-4.9, 10.2]},
								"west": {"uv": [5, 4], "uv_size": [-4, 12]},
								"up": {"uv": [9, 0], "uv_size": [-4, 4]},
								"down": {"uv": [13, 4], "uv_size": [-4, -4]}
							}
						}
					]
				},
				{
					"name": "Eye11",
					"parent": "UpperArm3",
					"pivot": [-8.01026, 22.4313, 1.01869],
					"rotation": [0.99021, 12.71931, -45.04646],
					"cubes": [
						{
							"origin": [-8.21311, 22.14384, -0.65431],
							"size": [0.50958, 0.28309, 0.47183],
							"uv": {
								"north": {"uv": [62, 48], "uv_size": [0, 0]},
								"east": {"uv": [62, 48], "uv_size": [0, 0]},
								"south": {"uv": [62, 48], "uv_size": [0, 0]},
								"west": {"uv": [62, 48], "uv_size": [0, 0]},
								"up": {"uv": [62, 48], "uv_size": [0, 0]},
								"down": {"uv": [62, 48], "uv_size": [0, 0]}
							}
						},
						{
							"origin": [-8.72267, 22.22057, 0.85554],
							"size": [1.63064, 0.66999, 0.28309],
							"uv": {
								"north": {"uv": [60, 45], "uv_size": [-1, 0]},
								"east": {"uv": [60, 45], "uv_size": [0, 0]},
								"south": {"uv": [61, 45], "uv_size": [-1, 0]},
								"west": {"uv": [59, 45], "uv_size": [0, 0]},
								"up": {"uv": [60, 45], "uv_size": [-1, 0]},
								"down": {"uv": [61, 45], "uv_size": [-1, 0]}
							}
						},
						{
							"origin": [-8.21311, 22.14384, 2.27102],
							"size": [0.50958, 0.28309, 0.47183],
							"uv": {
								"north": {"uv": [61, 48], "uv_size": [0, 0]},
								"east": {"uv": [61, 48], "uv_size": [0, 0]},
								"south": {"uv": [61, 48], "uv_size": [0, 0]},
								"west": {"uv": [61, 48], "uv_size": [0, 0]},
								"up": {"uv": [61, 48], "uv_size": [0, 0]},
								"down": {"uv": [61, 48], "uv_size": [0, 0]}
							}
						},
						{
							"origin": [-9.23225, 22.14384, -0.18248],
							"size": [2.64978, 0.28309, 2.4535],
							"uv": {
								"north": {"uv": [56, 64], "uv_size": [-3, 0]},
								"east": {"uv": [59, 64], "uv_size": [-3, 0]},
								"south": {"uv": [62, 64], "uv_size": [-3, 0]},
								"west": {"uv": [53, 64], "uv_size": [-3, 0]},
								"up": {"uv": [56, 61], "uv_size": [-3, 3]},
								"down": {"uv": [59, 64], "uv_size": [-3, -3]}
							}
						},
						{
							"origin": [-8.9265, 22.14384, 0.10061],
							"size": [2.03828, 0.66056, 1.88732],
							"uv": {
								"north": {"uv": [60, 37], "uv_size": [-2, -1]},
								"east": {"uv": [60, 35], "uv_size": [-2, 1]},
								"south": {"uv": [58, 35], "uv_size": [2.03828, 0.98556]},
								"west": {"uv": [58, 37], "uv_size": [2, -1]},
								"up": {"uv": [60, 35], "uv_size": [-2, 2]}
							}
						}
					]
				},
				{
					"name": "Eye12",
					"parent": "UpperArm3",
					"pivot": [-8.8915, 23.6807, 1.1927],
					"rotation": [5.89704, -3.68495, -87.91862],
					"cubes": [
						{
							"origin": [-14.74942, 23.58475, -0.20131],
							"size": [0.41429, 0.23016, 0.3836],
							"uv": {
								"north": {"uv": [62, 49], "uv_size": [0, 0]},
								"east": {"uv": [62, 49], "uv_size": [0, 0]},
								"south": {"uv": [62, 49], "uv_size": [0, 0]},
								"west": {"uv": [62, 49], "uv_size": [0, 0]},
								"up": {"uv": [62, 49], "uv_size": [0, 0]},
								"down": {"uv": [62, 49], "uv_size": [0, 0]}
							}
						},
						{
							"origin": [-15.16371, 23.66146, 1.02621],
							"size": [1.32572, 0.54472, 0.23016],
							"uv": {
								"north": {"uv": [61, 45], "uv_size": [-1, 0]},
								"east": {"uv": [61, 45], "uv_size": [0, 0]},
								"south": {"uv": [62, 45], "uv_size": [-1, 0]},
								"west": {"uv": [60, 45], "uv_size": [0, 0]},
								"up": {"uv": [61, 45], "uv_size": [-1, 0]},
								"down": {"uv": [62, 45], "uv_size": [-1, 0]}
							}
						},
						{
							"origin": [-14.74942, 23.58475, 2.177],
							"size": [0.41429, 0.23016, 0.3836],
							"uv": {
								"north": {"uv": [62, 47], "uv_size": [0, 0]},
								"east": {"uv": [62, 47], "uv_size": [0, 0]},
								"south": {"uv": [62, 47], "uv_size": [0, 0]},
								"west": {"uv": [62, 47], "uv_size": [0, 0]},
								"up": {"uv": [62, 47], "uv_size": [0, 0]},
								"down": {"uv": [62, 47], "uv_size": [0, 0]}
							}
						},
						{
							"origin": [-15.578, 23.58475, 0.18229],
							"size": [2.1543, 0.23016, 1.99471],
							"uv": {
								"north": {"uv": [62, 44], "uv_size": [-2, 0]},
								"east": {"uv": [64, 44], "uv_size": [-2, 0]},
								"south": {"uv": [66, 44], "uv_size": [-2, 0]},
								"west": {"uv": [60, 44], "uv_size": [-2, 0]},
								"up": {"uv": [62, 42], "uv_size": [-2, 2]},
								"down": {"uv": [64, 44], "uv_size": [-2, -2]}
							}
						},
						{
							"origin": [-15.32943, 23.58475, 0.41245],
							"size": [1.65715, 0.53704, 1.5344],
							"uv": {
								"north": {"uv": [60, 37], "uv_size": [-2, -1]},
								"east": {"uv": [60, 35], "uv_size": [-2, 1]},
								"south": {"uv": [58, 35], "uv_size": [2.00715, 0.96204]},
								"west": {"uv": [58, 37], "uv_size": [2, -1]},
								"up": {"uv": [60, 35], "uv_size": [-2, 2]}
							}
						}
					]
				},
				{
					"name": "Eye13",
					"parent": "UpperArm3",
					"pivot": [-8.8915, 20.76534, -0.64857],
					"rotation": [7.15266, 13.46066, -86.7092],
					"cubes": [
						{
							"origin": [-14.74763, 20.66925, -2.03671],
							"size": [0.41429, 0.23016, 0.3836],
							"uv": {
								"north": {"uv": [62, 49], "uv_size": [0, 0]},
								"east": {"uv": [62, 49], "uv_size": [0, 0]},
								"south": {"uv": [62, 49], "uv_size": [0, 0]},
								"west": {"uv": [62, 49], "uv_size": [0, 0]},
								"up": {"uv": [62, 49], "uv_size": [0, 0]},
								"down": {"uv": [62, 49], "uv_size": [0, 0]}
							}
						},
						{
							"origin": [-15.1878, 20.74212, -0.81064],
							"size": [1.32572, 0.54471, 0.23016],
							"uv": {
								"north": {"uv": [60, 47], "uv_size": [-1, 0]},
								"east": {"uv": [60, 47], "uv_size": [0, 0]},
								"south": {"uv": [61, 47], "uv_size": [-1, 0]},
								"west": {"uv": [59, 47], "uv_size": [0, 0]},
								"up": {"uv": [60, 47], "uv_size": [-1, 0]},
								"down": {"uv": [61, 47], "uv_size": [-1, 0]}
							}
						},
						{
							"origin": [-14.74763, 20.66925, 0.34161],
							"size": [0.41429, 0.23016, 0.3836],
							"uv": {
								"north": {"uv": [62, 48], "uv_size": [0, 0]},
								"east": {"uv": [62, 48], "uv_size": [0, 0]},
								"south": {"uv": [62, 48], "uv_size": [0, 0]},
								"west": {"uv": [62, 48], "uv_size": [0, 0]},
								"up": {"uv": [62, 48], "uv_size": [0, 0]},
								"down": {"uv": [62, 48], "uv_size": [0, 0]}
							}
						},
						{
							"origin": [-15.57621, 20.66925, -1.65311],
							"size": [2.1543, 0.23016, 1.99471],
							"uv": {
								"north": {"uv": [62, 44], "uv_size": [-2, 0]},
								"east": {"uv": [64, 44], "uv_size": [-2, 0]},
								"south": {"uv": [66, 44], "uv_size": [-2, 0]},
								"west": {"uv": [60, 44], "uv_size": [-2, 0]},
								"up": {"uv": [62, 42], "uv_size": [-2, 2]},
								"down": {"uv": [64, 44], "uv_size": [-2, -2]}
							}
						},
						{
							"origin": [-15.32764, 20.66925, -1.42295],
							"size": [1.65715, 0.53704, 1.5344],
							"uv": {
								"north": {"uv": [60, 37], "uv_size": [-2, -1]},
								"east": {"uv": [60, 35], "uv_size": [-2, 1]},
								"south": {"uv": [58, 35], "uv_size": [2.00715, 0.96204]},
								"west": {"uv": [58, 37], "uv_size": [2, -1]},
								"up": {"uv": [60, 35], "uv_size": [-2, 2]}
							}
						}
					]
				},
				{
					"name": "HalfArm3",
					"parent": "armorRightArm",
					"pivot": [-8.83611, 13.47855, -0.51139],
					"rotation": [0, 0, -12.5],
					"cubes": [
						{
							"origin": [-10.7254, 4.71357, -0.34903],
							"size": [1.07715, 1.918, 0.99736],
							"pivot": [-13.55898, 19.76958, 0.94628],
							"rotation": [-21.40262, -16.6686, -4.36454],
							"uv": {
								"north": {"uv": [18, 12], "uv_size": [-1, 2]},
								"east": {"uv": [19, 12], "uv_size": [-1, 2]},
								"south": {"uv": [20, 12], "uv_size": [-1, 2]},
								"west": {"uv": [17, 12], "uv_size": [-1, 2]},
								"up": {"uv": [18, 11], "uv_size": [-1, 1]},
								"down": {"uv": [19, 12], "uv_size": [-1, -1]}
							}
						},
						{
							"origin": [-10.91821, 4.24821, 0.11129],
							"size": [2.90002, 2.83864, 2.60847],
							"pivot": [-11.90183, 19.53942, 1.17644],
							"rotation": [-23.29535, -13.81286, 2.82454],
							"uv": {
								"north": {"uv": [26, 14], "uv_size": [-3, 3]},
								"east": {"uv": [29, 14], "uv_size": [-3, 3]},
								"south": {"uv": [32, 14], "uv_size": [-3, 3]},
								"west": {"uv": [23, 14], "uv_size": [-3, 3]},
								"up": {"uv": [26, 11], "uv_size": [-3, 3]},
								"down": {"uv": [29, 14], "uv_size": [-3, -3]}
							}
						},
						{
							"origin": [-9.83607, 6.0775, 0.71162],
							"size": [4.80574, 7.67199, 4.52647],
							"pivot": [-10.16183, 19.4627, 3.24788],
							"rotation": [-29.78922, -9.86042, 10.72897],
							"uv": {
								"north": {"uv": [25.8, 4], "uv_size": [-5.8, 10]},
								"east": {"uv": [29, 4], "uv_size": [-4, 7]},
								"south": {"uv": [64, 0], "uv_size": [-5.8, 10]},
								"west": {"uv": [20.9, 32], "uv_size": [-5.9, 10]},
								"up": {"uv": [24, 0], "uv_size": [-4, 4]},
								"down": {"uv": [62.8, 33.9], "uv_size": [-5.8, -5.9]}
							}
						}
					]
				},
				{
					"name": "Eye14",
					"parent": "HalfArm3",
					"pivot": [-9.6601, 16.61353, -3.30858],
					"rotation": [10.93502, 12.42961, -76.56002],
					"cubes": [
						{
							"origin": [-16.69355, 16.0172, -5.16771],
							"size": [0.50844, 0.28247, 0.47078],
							"uv": {
								"north": {"uv": [61, 47], "uv_size": [0, 0]},
								"east": {"uv": [61, 47], "uv_size": [0, 0]},
								"south": {"uv": [61, 47], "uv_size": [0, 0]},
								"west": {"uv": [61, 47], "uv_size": [0, 0]},
								"up": {"uv": [61, 47], "uv_size": [0, 0]},
								"down": {"uv": [61, 47], "uv_size": [0, 0]}
							}
						},
						{
							"origin": [-17.22081, 16.09119, -3.65083],
							"size": [1.62702, 0.6685, 0.28247],
							"uv": {
								"north": {"uv": [61, 46], "uv_size": [-1, 0]},
								"east": {"uv": [61, 46], "uv_size": [0, 0]},
								"south": {"uv": [62, 46], "uv_size": [-1, 0]},
								"west": {"uv": [60, 46], "uv_size": [0, 0]},
								"up": {"uv": [61, 46], "uv_size": [-1, 0]},
								"down": {"uv": [62, 46], "uv_size": [-1, 0]}
							}
						},
						{
							"origin": [-16.69355, 16.0172, -2.24889],
							"size": [0.50844, 0.28247, 0.47078],
							"uv": {
								"north": {"uv": [62, 46], "uv_size": [0, 0]},
								"east": {"uv": [62, 46], "uv_size": [0, 0]},
								"south": {"uv": [62, 46], "uv_size": [0, 0]},
								"west": {"uv": [62, 46], "uv_size": [0, 0]},
								"up": {"uv": [62, 46], "uv_size": [0, 0]},
								"down": {"uv": [62, 46], "uv_size": [0, 0]}
							}
						},
						{
							"origin": [-17.71044, 16.0172, -4.69693],
							"size": [2.64389, 0.28247, 2.44804],
							"uv": {
								"north": {"uv": [58, 63], "uv_size": [-3, 0]},
								"east": {"uv": [61, 63], "uv_size": [-3, 0]},
								"south": {"uv": [64, 63], "uv_size": [-3, 0]},
								"west": {"uv": [55, 63], "uv_size": [-3, 0]},
								"up": {"uv": [58, 60], "uv_size": [-3, 3]},
								"down": {"uv": [61, 63], "uv_size": [-3, -3]}
							}
						},
						{
							"origin": [-17.40538, 16.0172, -4.41446],
							"size": [2.03376, 0.65908, 1.88311],
							"uv": {
								"north": {"uv": [60, 36], "uv_size": [-2, 1]},
								"east": {"uv": [60, 35], "uv_size": [-2, 1]},
								"south": {"uv": [58, 35], "uv_size": [2.03376, 0.98408]},
								"west": {"uv": [58, 37], "uv_size": [2, -1]},
								"up": {"uv": [60, 35], "uv_size": [-2, 2]}
							}
						}
					]
				},
				{
					"name": "armorLeftLeg",
					"pivot": [2.2097, 12.1884, 0.52349],
					"cubes": [
						{
							"origin": [2.28454, 6.49691, -1.57185],
							"size": [2.65449, 6.28583, 2.80586],
							"inflate": -0.1,
							"pivot": [2.25016, 1.49294, -1.53118],
							"rotation": [-5.5347, -16.1231, -8.7273],
							"uv": {
								"north": {"uv": [8, 51], "uv_size": [3, 7]},
								"east": {"uv": [29, 48], "uv_size": [-3, 7]},
								"south": {"uv": [11, 51], "uv_size": [-3, 7]},
								"west": {"uv": [8, 51], "uv_size": [3, 7]},
								"up": {"uv": [26, 55], "uv_size": [3, 4]},
								"down": {"uv": [39, 59], "uv_size": [3, -4]}
							}
						},
						{
							"origin": [1.21124, 2.51047, -0.12776],
							"size": [3.47419, 5.53249, 3.65746],
							"inflate": -0.1,
							"pivot": [1.53671, 1.14225, 0.91167],
							"rotation": [15.4653, -16.1231, -8.7273],
							"uv": {
								"north": {"uv": [52, 38], "uv_size": [4, 5]},
								"east": {"uv": [56, 38], "uv_size": [-4, 5]},
								"south": {"uv": [35, 52], "uv_size": [4, 5]},
								"west": {"uv": [52, 38], "uv_size": [4, 5]},
								"up": {"uv": [52, 33], "uv_size": [4, 5]},
								"down": {"uv": [52, 53], "uv_size": [4, -5]}
							}
						},
						{
							"origin": [1.85505, 1.31825, 0.55352],
							"size": [2.18658, 1.78396, 2.29491],
							"inflate": -0.1,
							"pivot": [1.53671, 1.14225, 0.91167],
							"rotation": [15.4653, -16.1231, -8.7273],
							"uv": {
								"north": {"uv": [59, 18], "uv_size": [-3, 2]},
								"east": {"uv": [20, 56], "uv_size": [3, 2]},
								"south": {"uv": [56, 20], "uv_size": [3, 2]},
								"west": {"uv": [56, 22], "uv_size": [3, 2]},
								"up": {"uv": [56, 13], "uv_size": [3, 3]},
								"down": {"uv": [14, 59], "uv_size": [3, -3]}
							}
						},
						{
							"origin": [1.74502, 0.08221, -1.38011],
							"size": [2.50396, 1.70756, 4.51782],
							"inflate": 0.1,
							"pivot": [2.20974, 2.51083, 0.52349],
							"rotation": [0.7027, -13.6323, -1.1854],
							"uv": {
								"north": {"uv": [56, 24], "uv_size": [3, 2]},
								"east": {"uv": [61, 55], "uv_size": [-6, 2]},
								"south": {"uv": [56, 26], "uv_size": [3, 2]},
								"west": {"uv": [55, 55], "uv_size": [6, 2]},
								"up": {"uv": [52, 53], "uv_size": [3, 6]},
								"down": {"uv": [0, 60], "uv_size": [3, -6]}
							}
						}
					]
				},
				{
					"name": "armorRightLeg",
					"pivot": [2.27592, 12.18837, 0.52349],
					"cubes": [
						{
							"origin": [-3.72862, 6.56145, -0.62792],
							"size": [2.65448, 6.28583, 2.80586],
							"inflate": -0.1,
							"pivot": [-2.7518, 6.87979, -0.02465],
							"rotation": [-5.5347, 16.1231, 8.7273],
							"uv": {
								"north": {"uv": [11, 51], "uv_size": [-3, 7]},
								"east": {"uv": [11, 51], "uv_size": [-3, 7]},
								"south": {"uv": [8, 51], "uv_size": [3, 7]},
								"west": {"uv": [26, 48], "uv_size": [3, 7]},
								"up": {"uv": [29, 55], "uv_size": [-3, 4]},
								"down": {"uv": [42, 59], "uv_size": [-3, -4]}
							}
						},
						{
							"origin": [-4.6516, 2.51047, -0.12776],
							"size": [3.47419, 5.53249, 3.65746],
							"inflate": -0.1,
							"pivot": [-1.50287, 1.14225, 0.91167],
							"rotation": [15.4653, 16.1231, 8.7273],
							"uv": {
								"north": {"uv": [56, 38], "uv_size": [-4, 5]},
								"east": {"uv": [56, 38], "uv_size": [-4, 5]},
								"south": {"uv": [39, 52], "uv_size": [-4, 5]},
								"west": {"uv": [52, 38], "uv_size": [4, 5]},
								"up": {"uv": [56, 33], "uv_size": [-4, 5]},
								"down": {"uv": [56, 53], "uv_size": [-4, -5]}
							}
						},
						{
							"origin": [-4.00781, 1.31825, 0.55352],
							"size": [2.1866, 1.78396, 2.29491],
							"inflate": -0.1,
							"pivot": [-1.50287, 1.14225, 0.91167],
							"rotation": [15.4653, 16.1231, 8.7273],
							"uv": {
								"north": {"uv": [56, 18], "uv_size": [3, 2]},
								"east": {"uv": [59, 22], "uv_size": [-3, 2]},
								"south": {"uv": [59, 20], "uv_size": [-3, 2]},
								"west": {"uv": [23, 56], "uv_size": [-3, 2]},
								"up": {"uv": [59, 13], "uv_size": [-3, 3]},
								"down": {"uv": [17, 59], "uv_size": [-3, -3]}
							}
						},
						{
							"origin": [-4.21515, 0.08221, -1.38011],
							"size": [2.50397, 1.70756, 4.51782],
							"inflate": 0.1,
							"pivot": [-2.17592, 2.51083, 0.52349],
							"rotation": [0.7027, 13.6323, 1.1854],
							"uv": {
								"north": {"uv": [59, 24], "uv_size": [-3, 2]},
								"east": {"uv": [61, 55], "uv_size": [-6, 2]},
								"south": {"uv": [59, 26], "uv_size": [-3, 2]},
								"west": {"uv": [55, 55], "uv_size": [6, 2]},
								"up": {"uv": [55, 53], "uv_size": [-3, 6]},
								"down": {"uv": [3, 60], "uv_size": [-3, -6]}
							}
						}
					]
				}
			]
		}
	]
}