{
	"credit": "Made with Blockbench",
	"parent": "minecraft:block/cube_all",
	"textures": {
		"0": "omni_extras:block/opticoid_goo",
		"1": "omni_extras:block/opticoid_goo",
		"2": "omni_extras:block/opticoid_goo",
		"3": "omni_extras:block/opticoid_goo",
		"4": "omni_extras:block/opticoid_goo",
		"particle": "omni_extras:block/opticoid_goo",
		"render_type": "translucent"
	},
	"elements": [
		{
			"from": [0, 0, 0],
			"to": [16, 16, 16],
			"faces": {
				"north": {"uv": [0, 0, 16, 16], "texture": "#0"},
				"east": {"uv": [0, 0, 16, 16], "texture": "#0"},
				"south": {"uv": [0, 0, 16, 16], "texture": "#0"},
				"west": {"uv": [0, 0, 16, 16], "texture": "#0"},
				"up": {"uv": [0, 0, 16, 16], "texture": "#0"},
				"down": {"uv": [0, 0, 16, 16], "texture": "#0"}
			}
		}
	],
	"display": {
		"thirdperson_righthand": {
			"rotation": [68, 23, 1],
			"translation": [0.25, 1.75, -1],
			"scale": [0.33, 0.33, 0.33]
		},
		"thirdperson_lefthand": {
			"rotation": [68, 23, 1],
			"translation": [0.25, 1.75, -1],
			"scale": [0.33, 0.33, 0.33]
		},
		"firstperson_righthand": {
			"rotation": [0, 133, 0],
			"translation": [-1.25, 1.75, 1.75],
			"scale": [0.33, 0.33, 0.33]
		},
		"firstperson_lefthand": {
			"rotation": [0, 133, 0],
			"translation": [-1.25, 1.75, 1.75],
			"scale": [0.33, 0.33, 0.33]
		},
		"ground": {
			"translation": [0, 2, 0],
			"scale": [0.33, 0.33, 0.33]
		},
		"gui": {
			"rotation": [33, -133, 0],
			"scale": [0.62, 0.62, 0.62]
		},
		"fixed": {
			"scale": [0.75, 0.75, 0.75]
		}
	}
}
