{
  "transformers": [
        {
            "type": "palladium:color",
            "color": "##SKIN_PROTO_1",
            "filter": "#b5eb20",
            "ignore_blank": true
          },
          {
            "type": "palladium:color",
            "color": "##SKIN_PROTO_2",
            "filter": "#9dda13",
            "ignore_blank": true
          },
           {
            "type": "palladium:color",
            "color": "##SKIN_PROTO_3",
            "filter": "#82be11",
            "ignore_blank": true
          },
           {
            "type": "palladium:color",
            "color": "##SKIN_PROTO_4",
            "filter": "#659e0e",
            "ignore_blank": true
          }
        ],
        "variables": {
            "UNIFORM": {
            "type": "palladium:string_property",
            "property": "uniform"
          },
          "SKIN_PROTO_1": {
            "type": "palladium:string_property",
            "property": "gourmand_prototype_skincolor_palette_1_color_1"
          },
          "SKIN_PROTO_2": {
            "type": "palladium:string_property",
            "property": "gourmand_prototype_skincolor_palette_1_color_2"
          },
          "SKIN_PROTO_3": {
            "type": "palladium:string_property",
            "property": "gourmand_prototype_skincolor_palette_1_color_3"
          },
          "SKIN_PROTO_4": {
            "type": "palladium:string_property",
            "property": "gourmand_prototype_skincolor_palette_1_color_4"
          }
        },
  "base": "upchuck:textures/gui/playlists/spit.png"
}