{
	"format_version": "1.12.0",
	"minecraft:geometry": [
		{
			"description": {
				"identifier": "geometry.evo3",
				"texture_width": 64,
				"texture_height": 64,
				"visible_bounds_width": 4,
				"visible_bounds_height": 4.5,
				"visible_bounds_offset": [0, 1.75, 0]
			},
			"bones": [
				{
					"name": "armorHead",
					"pivot": [-0.10434, 26.85197, -1.72543],
					"cubes": [
						{
							"origin": [-2.78451, 25.64577, -4.31819],
							"size": [5.53431, 3.98943, 4.52647],
							"uv": {
								"north": {"uv": [19, 42], "uv_size": [7, 6]},
								"east": {"uv": [42, 29], "uv_size": [6, 7]},
								"south": {"uv": [26, 41], "uv_size": [7, 7]},
								"west": {"uv": [48, 29], "uv_size": [-6, 7]},
								"up": {"uv": [7, 45], "uv_size": [7, 6]},
								"down": {"uv": [24, 8], "uv_size": [5, -3]}
							}
						},
						{
							"origin": [-2.20452, 24.64842, -3.85787],
							"size": [4.29145, 1.30423, 2.37831],
							"pivot": [-0.1088, 20.71438, -1.01653],
							"rotation": [5, 0, 0],
							"uv": {
								"north": {"uv": [24, 33], "uv_size": [4.9, 1.7]},
								"east": {"uv": [42, 33], "uv_size": [6, 3]},
								"south": {"uv": [26, 41], "uv_size": [7, 7]},
								"west": {"uv": [48, 33], "uv_size": [-6, 3]},
								"up": {"uv": [33, 34], "uv_size": [7, 6]},
								"down": {"uv": [29, 27], "uv_size": [4, -2]}
							}
						},
						{
							"origin": [-0.96687, 26.69947, -4.43816],
							"size": [6.88381, 4.83335, 0],
							"pivot": [2.47505, 29.11615, -4.43816],
							"rotation": [9.61749, -4.28566, -59.72014],
							"uv": {
								"north": {"uv": [32, 7], "uv_size": [9, 8]},
								"east": {"uv": [0, 0], "uv_size": [0, 8]},
								"west": {"uv": [0, 0], "uv_size": [0, 8]},
								"up": {"uv": [0, 0], "uv_size": [9, 0]},
								"down": {"uv": [0, 0], "uv_size": [9, 0]}
							}
						},
						{
							"origin": [-6.86311, 26.69947, -4.43816],
							"size": [0.83521, 4.83335, 0],
							"pivot": [-2.59263, 29.11615, -4.43816],
							"rotation": [9.61749, 4.28566, 59.72014],
							"uv": {
								"north": {"uv": [36.208, 57.4], "uv_size": [-0.208, 5]},
								"east": {"uv": [0, 0], "uv_size": [0, 8]},
								"west": {"uv": [0, 0], "uv_size": [0, 8]},
								"up": {"uv": [9, 0], "uv_size": [-9, 0]},
								"down": {"uv": [9, 0], "uv_size": [-9, 0]}
							}
						},
						{
							"origin": [-6.03453, 26.69947, -4.43816],
							"size": [6.8838, 4.83335, 0],
							"pivot": [-2.59263, 29.11615, -4.43816],
							"rotation": [9.61749, 4.28566, 59.72014],
							"uv": {
								"north": {"uv": [41, 7], "uv_size": [-9, 8]},
								"east": {"uv": [0, 0], "uv_size": [0, 8]},
								"west": {"uv": [0, 0], "uv_size": [0, 8]},
								"up": {"uv": [9, 0], "uv_size": [-9, 0]},
								"down": {"uv": [9, 0], "uv_size": [-9, 0]}
							}
						},
						{
							"origin": [5.91031, 26.69947, -4.43816],
							"size": [0.8352, 4.83335, 0],
							"pivot": [2.47505, 29.11615, -4.43816],
							"rotation": [9.61749, -4.28566, -59.72014],
							"uv": {
								"north": {"uv": [36, 57.4], "uv_size": [0.208, 5]},
								"east": {"uv": [0, 0], "uv_size": [0, 8]},
								"west": {"uv": [0, 0], "uv_size": [0, 8]},
								"up": {"uv": [0, 0], "uv_size": [9, 0]},
								"down": {"uv": [0, 0], "uv_size": [9, 0]}
							}
						}
					]
				},
				{
					"name": "armorBody",
					"pivot": [0.00835, 25.54773, 1.5344],
					"cubes": [
						{
							"origin": [-6.33025, 17.74362, -2.09332],
							"size": [12.74291, 6.67463, 5.37039],
							"pivot": [0.00835, 21.02125, -0.01918],
							"rotation": [2.5, 0, 0],
							"uv": {
								"north": {"uv": [20, 17], "uv_size": [15, 8]},
								"east": {"uv": [35, 22], "uv_size": [7, 8]},
								"south": {"uv": [20, 25], "uv_size": [14, 6.8]},
								"west": {"uv": [42, 22], "uv_size": [-7, 8]},
								"up": {"uv": [0, 27], "uv_size": [14, 7]},
								"down": {"uv": [32, 7], "uv_size": [15, -7]}
							}
						},
						{
							"origin": [-1.87309, 22.42354, 1.28236],
							"size": [3.56287, 4.44975, 3.29895],
							"pivot": [-0.09165, 20.56093, 1.59194],
							"rotation": [37.5, 0, 0],
							"uv": {
								"north": {"uv": [19, 48], "uv_size": [4, 8]},
								"east": {"uv": [47, 36], "uv_size": [5, 8]},
								"south": {"uv": [48, 20], "uv_size": [4, 8]},
								"west": {"uv": [52, 36], "uv_size": [-5, 8]},
								"up": {"uv": [52, 18], "uv_size": [4, 5]},
								"down": {"uv": [52, 28], "uv_size": [4, -5]}
							}
						},
						{
							"origin": [-4.63167, 16.26846, -1.11436],
							"size": [9.28004, 4.91007, 4.29631],
							"uv": {
								"north": {"uv": [0.3, 34], "uv_size": [8.4, 7]},
								"east": {"uv": [41, 41], "uv_size": [6, 7]},
								"south": {"uv": [35, 15], "uv_size": [9, 7]},
								"west": {"uv": [47, 41], "uv_size": [-6, 7]},
								"down": {"uv": [41, 13], "uv_size": [9, -6]}
							}
						},
						{
							"origin": [-2.16023, 12.5859, -0.34716],
							"size": [4.3543, 6.70903, 2.76192],
							"uv": {
								"north": {"uv": [9.1, 37], "uv_size": [4.8, 7.9]},
								"east": {"uv": [35.7, 44], "uv_size": [-2.6, 7.9]},
								"south": {"uv": [18.7, 44], "uv_size": [-4.6, 7.9]},
								"west": {"uv": [33.1, 44], "uv_size": [2.6, 7.9]},
								"down": {"uv": [14, 56], "uv_size": [5, -4]}
							}
						},
						{
							"origin": [-2.36023, 13.5859, -0.44716],
							"size": [4.7543, 0.40903, 2.96192],
							"uv": {
								"north": {"uv": [41.1, 54], "uv_size": [6.7543, 0.40903]},
								"east": {"uv": [48.1, 31], "uv_size": [3.3543, 0.70903]},
								"south": {"uv": [48.1, 31], "uv_size": [3.3543, 0.70903]},
								"west": {"uv": [48.1, 31], "uv_size": [3.3543, 0.70903]}
							}
						},
						{
							"origin": [-1.21737, 11.8187, -0.34716],
							"size": [2.46857, 0.7672, 2.76192],
							"uv": {
								"north": {"uv": [39, 32], "uv_size": [3, 1]},
								"east": {"uv": [40, 32], "uv_size": [-4, 1]},
								"south": {"uv": [47, 6], "uv_size": [3, 1]},
								"west": {"uv": [35, 32], "uv_size": [4, 1]},
								"down": {"uv": [54, 4], "uv_size": [3, -4]}
							}
						}
					]
				},
				{
					"name": "Eye",
					"parent": "armorBody",
					"pivot": [4.08251, 24.51278, 0.67879],
					"rotation": [0, 11, 0],
					"cubes": [
						{
							"origin": [3.88059, 24.32021, -0.69831],
							"size": [0.41429, 0.23016, 0.3836],
							"uv": {
								"north": {"uv": [61, 46], "uv_size": [0, 0]},
								"east": {"uv": [61, 46], "uv_size": [0, 0]},
								"south": {"uv": [61, 46], "uv_size": [0, 0]},
								"west": {"uv": [61, 46], "uv_size": [0, 0]},
								"up": {"uv": [61, 46], "uv_size": [0, 0]},
								"down": {"uv": [61, 46], "uv_size": [0, 0]}
							}
						},
						{
							"origin": [3.4816, 24.39693, 0.54829],
							"size": [1.32572, 0.54471, 0.23016],
							"uv": {
								"north": {"uv": [61, 46], "uv_size": [1, 0]},
								"east": {"uv": [61, 46], "uv_size": [0, 0]},
								"south": {"uv": [62, 46], "uv_size": [1, 0]},
								"west": {"uv": [62, 46], "uv_size": [0, 0]},
								"up": {"uv": [61, 46], "uv_size": [1, 0]},
								"down": {"uv": [62, 46], "uv_size": [1, 0]}
							}
						},
						{
							"origin": [3.88059, 24.32021, 1.68001],
							"size": [0.41429, 0.23016, 0.3836],
							"uv": {
								"north": {"uv": [62, 48], "uv_size": [0, 0]},
								"east": {"uv": [62, 48], "uv_size": [0, 0]},
								"south": {"uv": [62, 48], "uv_size": [0, 0]},
								"west": {"uv": [62, 48], "uv_size": [0, 0]},
								"up": {"uv": [62, 48], "uv_size": [0, 0]},
								"down": {"uv": [62, 48], "uv_size": [0, 0]}
							}
						},
						{
							"origin": [2.96916, 24.32021, -0.31471],
							"size": [2.15429, 0.23016, 1.99471],
							"uv": {
								"north": {"uv": [60, 44], "uv_size": [2, 0]},
								"east": {"uv": [58, 44], "uv_size": [2, 0]},
								"south": {"uv": [64, 44], "uv_size": [2, 0]},
								"west": {"uv": [62, 44], "uv_size": [2, 0]},
								"up": {"uv": [60, 42], "uv_size": [2, 2]},
								"down": {"uv": [62, 44], "uv_size": [2, -2]}
							}
						},
						{
							"origin": [3.21773, 24.32021, -0.08455],
							"size": [1.65715, 0.53704, 1.5344],
							"uv": {
								"north": {"uv": [60, 37], "uv_size": [-2, -1]},
								"east": {"uv": [60, 35], "uv_size": [-2, 1]},
								"south": {"uv": [58, 35], "uv_size": [1.98215, 1.03704]},
								"west": {"uv": [58, 37], "uv_size": [2, -1]},
								"up": {"uv": [60, 35], "uv_size": [-2, 2]}
							}
						}
					]
				},
				{
					"name": "Eye6",
					"parent": "armorBody",
					"pivot": [-4.02582, 24.51278, 0.67879],
					"rotation": [0, -11, 0],
					"cubes": [
						{
							"origin": [-4.27746, 24.32021, -0.69068],
							"size": [0.41429, 0.23016, 0.3836],
							"uv": {
								"north": {"uv": [60, 48], "uv_size": [0, 0]},
								"east": {"uv": [60, 48], "uv_size": [0, 0]},
								"south": {"uv": [60, 48], "uv_size": [0, 0]},
								"west": {"uv": [60, 48], "uv_size": [0, 0]},
								"up": {"uv": [60, 48], "uv_size": [0, 0]},
								"down": {"uv": [60, 48], "uv_size": [0, 0]}
							}
						},
						{
							"origin": [-4.59358, 24.39693, 0.51776],
							"size": [1.32572, 0.54471, 0.23016],
							"uv": {
								"north": {"uv": [62, 47], "uv_size": [-1, 0]},
								"east": {"uv": [62, 47], "uv_size": [0, 0]},
								"south": {"uv": [63, 47], "uv_size": [-1, 0]},
								"west": {"uv": [61, 47], "uv_size": [0, 0]},
								"up": {"uv": [62, 47], "uv_size": [-1, 0]},
								"down": {"uv": [63, 47], "uv_size": [-1, 0]}
							}
						},
						{
							"origin": [-4.27746, 24.32021, 1.68764],
							"size": [0.41429, 0.23016, 0.3836],
							"uv": {
								"north": {"uv": [62, 49], "uv_size": [0, 0]},
								"east": {"uv": [62, 49], "uv_size": [0, 0]},
								"south": {"uv": [62, 49], "uv_size": [0, 0]},
								"west": {"uv": [62, 49], "uv_size": [0, 0]},
								"up": {"uv": [62, 49], "uv_size": [0, 0]},
								"down": {"uv": [62, 49], "uv_size": [0, 0]}
							}
						},
						{
							"origin": [-5.10602, 24.32021, -0.30708],
							"size": [2.15429, 0.23016, 1.99471],
							"uv": {
								"north": {"uv": [62, 44], "uv_size": [-2, 0]},
								"east": {"uv": [64, 44], "uv_size": [-2, 0]},
								"south": {"uv": [66, 44], "uv_size": [-2, 0]},
								"west": {"uv": [60, 44], "uv_size": [-2, 0]},
								"up": {"uv": [62, 42], "uv_size": [-2, 2]},
								"down": {"uv": [64, 44], "uv_size": [-2, -2]}
							}
						},
						{
							"origin": [-4.85745, 24.32021, -0.07692],
							"size": [1.65715, 0.53704, 1.5344],
							"uv": {
								"north": {"uv": [60, 37], "uv_size": [-2, -1]},
								"east": {"uv": [60, 35], "uv_size": [-2, 1]},
								"south": {"uv": [58, 35], "uv_size": [1.98215, 1.03704]},
								"west": {"uv": [58, 37], "uv_size": [2, -1]},
								"up": {"uv": [60, 35], "uv_size": [-2, 2]}
							}
						}
					]
				},
				{
					"name": "Eye7",
					"parent": "armorBody",
					"pivot": [3.39785, 22.01492, 3.20406],
					"rotation": [-90, 2.5, -107.5],
					"cubes": [
						{
							"origin": [3.08, 21.75678, 1.32266],
							"size": [0.56757, 0.31532, 0.52553],
							"uv": {
								"north": {"uv": [63, 49], "uv_size": [0, 0]},
								"east": {"uv": [63, 49], "uv_size": [0, 0]},
								"south": {"uv": [63, 49], "uv_size": [0, 0]},
								"west": {"uv": [63, 49], "uv_size": [0, 0]},
								"up": {"uv": [63, 49], "uv_size": [0, 0]},
								"down": {"uv": [63, 49], "uv_size": [0, 0]}
							}
						},
						{
							"origin": [2.51244, 21.8335, 3.00436],
							"size": [1.81624, 0.74626, 0.31532],
							"uv": {
								"north": {"uv": [62, 45], "uv_size": [-2, 0]},
								"east": {"uv": [62, 45], "uv_size": [0, 0]},
								"south": {"uv": [64, 45], "uv_size": [-2, 0]},
								"west": {"uv": [60, 45], "uv_size": [0, 0]},
								"up": {"uv": [62, 45], "uv_size": [-2, 0]},
								"down": {"uv": [64, 45], "uv_size": [-2, 0]}
							}
						},
						{
							"origin": [3.08, 21.75678, 4.58095],
							"size": [0.56757, 0.31532, 0.52553],
							"uv": {
								"north": {"uv": [59, 46], "uv_size": [0, 0]},
								"east": {"uv": [59, 46], "uv_size": [0, 0]},
								"south": {"uv": [59, 46], "uv_size": [0, 0]},
								"west": {"uv": [59, 46], "uv_size": [0, 0]},
								"up": {"uv": [59, 46], "uv_size": [0, 0]},
								"down": {"uv": [59, 46], "uv_size": [0, 0]}
							}
						},
						{
							"origin": [1.94486, 21.75678, 1.8482],
							"size": [2.95139, 0.31532, 2.73276],
							"uv": {
								"north": {"uv": [61, 64], "uv_size": [-3, 0]},
								"east": {"uv": [64, 64], "uv_size": [-3, 0]},
								"south": {"uv": [67, 64], "uv_size": [-3, 0]},
								"west": {"uv": [58, 64], "uv_size": [-3, 0]},
								"up": {"uv": [61, 61], "uv_size": [-3, 3]},
								"down": {"uv": [64, 64], "uv_size": [-3, -3]}
							}
						},
						{
							"origin": [2.2854, 21.75678, 2.16351],
							"size": [2.27029, 0.73575, 2.10213],
							"uv": {
								"north": {"uv": [60, 37], "uv_size": [-2, -1]},
								"east": {"uv": [60, 35], "uv_size": [-2, 1]},
								"south": {"uv": [58, 35], "uv_size": [2.02029, 0.98575]},
								"west": {"uv": [59, 37], "uv_size": [-2, -1]},
								"up": {"uv": [60, 35], "uv_size": [-2, 2]}
							}
						}
					]
				},
				{
					"name": "Eye8",
					"parent": "armorBody",
					"pivot": [-3.50945, 22.28759, 3.19954],
					"rotation": [-90, 2.5, -77.5],
					"cubes": [
						{
							"origin": [-3.7828, 22.06344, 1.58153],
							"size": [0.48812, 0.27118, 0.45196],
							"uv": {
								"north": {"uv": [62, 48], "uv_size": [0, 0]},
								"east": {"uv": [62, 48], "uv_size": [0, 0]},
								"south": {"uv": [62, 48], "uv_size": [0, 0]},
								"west": {"uv": [62, 48], "uv_size": [0, 0]},
								"up": {"uv": [62, 48], "uv_size": [0, 0]},
								"down": {"uv": [62, 48], "uv_size": [0, 0]}
							}
						},
						{
							"origin": [-4.2709, 22.14016, 3.02779],
							"size": [1.56195, 0.64178, 0.27117],
							"uv": {
								"north": {"uv": [60, 48], "uv_size": [-1, 0]},
								"east": {"uv": [60, 48], "uv_size": [0, 0]},
								"south": {"uv": [61, 48], "uv_size": [-1, 0]},
								"west": {"uv": [59, 48], "uv_size": [0, 0]},
								"up": {"uv": [60, 48], "uv_size": [-1, 0]},
								"down": {"uv": [61, 48], "uv_size": [-1, 0]}
							}
						},
						{
							"origin": [-3.7828, 22.06344, 4.38367],
							"size": [0.48812, 0.27118, 0.45195],
							"uv": {
								"north": {"uv": [63, 48], "uv_size": [0, 0]},
								"east": {"uv": [63, 48], "uv_size": [0, 0]},
								"south": {"uv": [63, 48], "uv_size": [0, 0]},
								"west": {"uv": [63, 48], "uv_size": [0, 0]},
								"up": {"uv": [63, 48], "uv_size": [0, 0]},
								"down": {"uv": [63, 48], "uv_size": [0, 0]}
							}
						},
						{
							"origin": [-4.75902, 22.06344, 2.03349],
							"size": [2.53819, 0.27118, 2.35018],
							"uv": {
								"north": {"uv": [58, 64], "uv_size": [-3, 0]},
								"east": {"uv": [61, 64], "uv_size": [-3, 0]},
								"south": {"uv": [64, 64], "uv_size": [-3, 0]},
								"west": {"uv": [55, 64], "uv_size": [-3, 0]},
								"up": {"uv": [58, 61], "uv_size": [-3, 3]},
								"down": {"uv": [61, 64], "uv_size": [-3, -3]}
							}
						},
						{
							"origin": [-4.46616, 22.06344, 2.30466],
							"size": [1.95246, 0.63274, 1.80782],
							"uv": {
								"north": {"uv": [60, 37], "uv_size": [-2, -1]},
								"east": {"uv": [60, 35], "uv_size": [-2, 1]},
								"south": {"uv": [58, 35], "uv_size": [2.00246, 0.95774]},
								"west": {"uv": [60, 37], "uv_size": [-2, -1]},
								"up": {"uv": [60, 35], "uv_size": [-2, 2]}
							}
						}
					]
				},
				{
					"name": "Eye9",
					"parent": "armorBody",
					"pivot": [0.22699, 19.76661, 3.36982],
					"rotation": [-90, 2.5, -77.5],
					"cubes": [
						{
							"origin": [-0.01355, 19.56752, 1.94598],
							"size": [0.42953, 0.23863, 0.39772],
							"uv": {
								"north": {"uv": [62, 47], "uv_size": [0, 0]},
								"east": {"uv": [62, 47], "uv_size": [0, 0]},
								"south": {"uv": [62, 47], "uv_size": [0, 0]},
								"west": {"uv": [62, 47], "uv_size": [0, 0]},
								"up": {"uv": [62, 47], "uv_size": [0, 0]},
								"down": {"uv": [62, 47], "uv_size": [0, 0]}
							}
						},
						{
							"origin": [-0.44309, 19.64424, 3.21869],
							"size": [1.37452, 0.56476, 0.23863],
							"uv": {
								"north": {"uv": [61, 48], "uv_size": [-1, 0]},
								"east": {"uv": [61, 48], "uv_size": [0, 0]},
								"south": {"uv": [62, 48], "uv_size": [-1, 0]},
								"west": {"uv": [60, 48], "uv_size": [0, 0]},
								"up": {"uv": [61, 48], "uv_size": [-1, 0]},
								"down": {"uv": [62, 48], "uv_size": [-1, 0]}
							}
						},
						{
							"origin": [-0.01355, 19.56752, 4.41185],
							"size": [0.42953, 0.23863, 0.39772],
							"uv": {
								"north": {"uv": [62, 48], "uv_size": [0, 0]},
								"east": {"uv": [62, 48], "uv_size": [0, 0]},
								"south": {"uv": [62, 48], "uv_size": [0, 0]},
								"west": {"uv": [62, 48], "uv_size": [0, 0]},
								"up": {"uv": [62, 48], "uv_size": [0, 0]},
								"down": {"uv": [62, 48], "uv_size": [0, 0]}
							}
						},
						{
							"origin": [-0.87263, 19.56752, 2.3437],
							"size": [2.23361, 0.23863, 2.06816],
							"uv": {
								"north": {"uv": [62, 44], "uv_size": [-2, 0]},
								"east": {"uv": [64, 44], "uv_size": [-2, 0]},
								"south": {"uv": [66, 44], "uv_size": [-2, 0]},
								"west": {"uv": [60, 44], "uv_size": [-2, 0]},
								"up": {"uv": [62, 42], "uv_size": [-2, 2]},
								"down": {"uv": [64, 44], "uv_size": [-2, -2]}
							}
						},
						{
							"origin": [-0.6149, 19.56752, 2.58233],
							"size": [1.71815, 0.55681, 1.59089],
							"uv": {
								"north": {"uv": [60, 37], "uv_size": [-2, -1]},
								"east": {"uv": [60, 35], "uv_size": [-2, 1]},
								"south": {"uv": [58, 35], "uv_size": [1.96815, 1.05681]},
								"west": {"uv": [58, 37], "uv_size": [2, -1]},
								"up": {"uv": [60, 35], "uv_size": [-2, 2]}
							}
						}
					]
				},
				{
					"name": "Eye10",
					"parent": "armorBody",
					"pivot": [-3.87166, 19.28493, 3.36986],
					"rotation": [-90.85553, 2.34914, -97.51754],
					"cubes": [
						{
							"origin": [-4.1122, 19.07049, 1.94602],
							"size": [0.42954, 0.23863, 0.39772],
							"uv": {
								"north": {"uv": [61, 47], "uv_size": [0, 0]},
								"east": {"uv": [61, 47], "uv_size": [0, 0]},
								"south": {"uv": [61, 47], "uv_size": [0, 0]},
								"west": {"uv": [61, 47], "uv_size": [0, 0]},
								"up": {"uv": [61, 47], "uv_size": [0, 0]},
								"down": {"uv": [61, 47], "uv_size": [0, 0]}
							}
						},
						{
							"origin": [-4.54174, 19.22394, 3.21873],
							"size": [1.37452, 0.56476, 0.23863],
							"uv": {
								"north": {"uv": [62, 49], "uv_size": [-1, 0]},
								"east": {"uv": [62, 49], "uv_size": [0, 0]},
								"south": {"uv": [63, 49], "uv_size": [-1, 0]},
								"west": {"uv": [61, 49], "uv_size": [0, 0]},
								"up": {"uv": [62, 49], "uv_size": [-1, 0]},
								"down": {"uv": [63, 49], "uv_size": [-1, 0]}
							}
						},
						{
							"origin": [-4.1122, 19.07049, 4.41189],
							"size": [0.42954, 0.23863, 0.39772],
							"uv": {
								"north": {"uv": [62, 47], "uv_size": [0, 0]},
								"east": {"uv": [62, 47], "uv_size": [0, 0]},
								"south": {"uv": [62, 47], "uv_size": [0, 0]},
								"west": {"uv": [62, 47], "uv_size": [0, 0]},
								"up": {"uv": [62, 47], "uv_size": [0, 0]},
								"down": {"uv": [62, 47], "uv_size": [0, 0]}
							}
						},
						{
							"origin": [-4.97128, 19.07049, 2.34374],
							"size": [2.23361, 0.23863, 2.06816],
							"uv": {
								"north": {"uv": [62, 44], "uv_size": [-2, 0]},
								"east": {"uv": [64, 44], "uv_size": [-2, 0]},
								"south": {"uv": [66, 44], "uv_size": [-2, 0]},
								"west": {"uv": [60, 44], "uv_size": [-2, 0]},
								"up": {"uv": [62, 42], "uv_size": [-2, 2]},
								"down": {"uv": [64, 44], "uv_size": [-2, -2]}
							}
						},
						{
							"origin": [-4.71354, 19.07049, 2.58237],
							"size": [1.71815, 0.55681, 1.59089],
							"uv": {
								"north": {"uv": [60, 37], "uv_size": [-2, -1]},
								"east": {"uv": [60, 35], "uv_size": [-2, 1]},
								"south": {"uv": [58, 35], "uv_size": [1.96815, 0.98181]},
								"west": {"uv": [58, 37], "uv_size": [2, -1]},
								"up": {"uv": [60, 35], "uv_size": [-2, 2]}
							}
						}
					]
				},
				{
					"name": "Eye15",
					"parent": "armorBody",
					"pivot": [0.02491, 32.06892, -1.99472],
					"rotation": [93, 0, 0],
					"cubes": [
						{
							"origin": [2.44741, 32.06892, -13.84179],
							"size": [0.43459, 0.51762, 0.786],
							"pivot": [0.02491, 32.32773, -13.48716],
							"rotation": [0, 90, 0],
							"uv": {
								"north": {"uv": [61, 48], "uv_size": [0, 0]},
								"east": {"uv": [62, 48], "uv_size": [-1, 0]},
								"south": {"uv": [62, 48], "uv_size": [0, 0]},
								"west": {"uv": [61, 48], "uv_size": [-1, 0]},
								"up": {"uv": [61, 47], "uv_size": [0, 1]},
								"down": {"uv": [61, 48], "uv_size": [0, -1]}
							}
						},
						{
							"origin": [0.95598, 32.22236, -11.63676],
							"size": [3.08602, 0.51763, 0.47912],
							"pivot": [0.02491, 32.48117, -11.43556],
							"rotation": [0, 90, 0],
							"uv": {
								"north": {"uv": [64, 49], "uv_size": [-3, 0]},
								"east": {"uv": [64, 49], "uv_size": [0, 0]},
								"south": {"uv": [67, 49], "uv_size": [-3, 0]},
								"west": {"uv": [61, 49], "uv_size": [0, 0]},
								"up": {"uv": [64, 49], "uv_size": [-3, 0]},
								"down": {"uv": [67, 49], "uv_size": [-3, 0]}
							}
						},
						{
							"origin": [-3.16359, 32.06892, -14.59179],
							"size": [0.76601, 0.51762, 0.786],
							"pivot": [0.02491, 32.32773, -14.23716],
							"rotation": [0, 90, 0],
							"uv": {
								"north": {"uv": [60, 45], "uv_size": [2, 4]},
								"east": {"uv": [63, 46], "uv_size": [-3, 3]},
								"south": {"uv": [63, 49], "uv_size": [0, 0]},
								"west": {"uv": [62, 49], "uv_size": [-3, -3]},
								"up": {"uv": [60, 40], "uv_size": [-2, 3]},
								"down": {"uv": [59, 50], "uv_size": [3, -2]}
							}
						},
						{
							"origin": [-2.64614, 32.06892, -15.97065],
							"size": [5.42499, 0.51762, 4.4861],
							"uv": {
								"north": {"uv": [60, 64], "uv_size": [-6, 0]},
								"east": {"uv": [65, 64], "uv_size": [-5, 0]},
								"south": {"uv": [71, 64], "uv_size": [-6, 0]},
								"west": {"uv": [54, 64], "uv_size": [-5, 0]},
								"up": {"uv": [60, 59], "uv_size": [-6, 5]},
								"down": {"uv": [66, 64], "uv_size": [-6, -5]}
							}
						},
						{
							"origin": [-2.08711, 31.45516, -15.52975],
							"size": [4.30692, 1.20778, 3.6043],
							"uv": {
								"north": {"uv": [26, 63], "uv_size": [-4, 1]},
								"east": {"uv": [30, 63], "uv_size": [-4, 1]},
								"south": {"uv": [34, 63], "uv_size": [-4, 1]},
								"west": {"uv": [22, 63], "uv_size": [-4, 1]},
								"up": {"uv": [26, 59], "uv_size": [-4, 4]},
								"down": {"uv": [30, 63], "uv_size": [-4, -4]}
							}
						}
					]
				},
				{
					"name": "armorLeftArm",
					"pivot": [5.63981, 22.0583, 0.61376],
					"rotation": [7.31594, 2.15393, -9.76758]
				},
				{
					"name": "UpperArm2",
					"parent": "armorLeftArm",
					"pivot": [2.89886, 26.93057, -0.51865],
					"rotation": [0, 0, -2.5],
					"cubes": [
						{
							"origin": [2.92794, 19.49631, -1.21065],
							"size": [4.72288, 4.6032, 4.14287],
							"pivot": [6.87601, 22.48083, 0.55542],
							"rotation": [0, 0, -45],
							"uv": {
								"north": {"uv": [5, 21], "uv_size": [5.7, 6]},
								"east": {"uv": [0, 21], "uv_size": [5, 6]},
								"south": {"uv": [14, 21], "uv_size": [5.7, 6]},
								"west": {"uv": [10, 21], "uv_size": [5, 6]},
								"up": {"uv": [5, 16], "uv_size": [4.5, 4.7]},
								"down": {"uv": [10, 21], "uv_size": [5, -5]}
							}
						},
						{
							"origin": [5.0681, 13.41537, -0.97409],
							"size": [4.06002, 7.82543, 3.37568],
							"pivot": [9.68517, 19.50595, 0.5589],
							"rotation": [-5.20328, 4.7731, -2.28054],
							"uv": {
								"north": {"uv": [5, 4], "uv_size": [4.9, 10.2]},
								"east": {"uv": [1, 4], "uv_size": [3.9, 10.1]},
								"south": {"uv": [12, 4], "uv_size": [4.9, 10.2]},
								"west": {"uv": [9, 4], "uv_size": [3.9, 10.3]},
								"up": {"uv": [5, 0], "uv_size": [4, 4]},
								"down": {"uv": [9, 4], "uv_size": [4, -4]}
							}
						}
					]
				},
				{
					"name": "Eye2",
					"parent": "UpperArm2",
					"pivot": [7.95265, 22.49181, 1.0137],
					"rotation": [0.99021, -12.71931, 45.04646],
					"cubes": [
						{
							"origin": [7.71193, 22.24766, -0.67221],
							"size": [0.50958, 0.28309, 0.47183],
							"uv": {
								"north": {"uv": [62, 48], "uv_size": [0, 0]},
								"east": {"uv": [62, 48], "uv_size": [0, 0]},
								"south": {"uv": [62, 48], "uv_size": [0, 0]},
								"west": {"uv": [62, 48], "uv_size": [0, 0]},
								"up": {"uv": [62, 48], "uv_size": [0, 0]},
								"down": {"uv": [62, 48], "uv_size": [0, 0]}
							}
						},
						{
							"origin": [7.10044, 22.32439, 0.83764],
							"size": [1.63064, 0.66999, 0.28309],
							"uv": {
								"north": {"uv": [59, 45], "uv_size": [1, 0]},
								"east": {"uv": [59, 45], "uv_size": [0, 0]},
								"south": {"uv": [60, 45], "uv_size": [1, 0]},
								"west": {"uv": [60, 45], "uv_size": [0, 0]},
								"up": {"uv": [59, 45], "uv_size": [1, 0]},
								"down": {"uv": [60, 45], "uv_size": [1, 0]}
							}
						},
						{
							"origin": [7.79445, 22.30179, 2.23698],
							"size": [0.50958, 0.28309, 0.47183],
							"uv": {
								"north": {"uv": [61, 48], "uv_size": [0, 0]},
								"east": {"uv": [61, 48], "uv_size": [0, 0]},
								"south": {"uv": [61, 48], "uv_size": [0, 0]},
								"west": {"uv": [61, 48], "uv_size": [0, 0]},
								"up": {"uv": [61, 48], "uv_size": [0, 0]},
								"down": {"uv": [61, 48], "uv_size": [0, 0]}
							}
						},
						{
							"origin": [6.59087, 22.24766, -0.20038],
							"size": [2.64978, 0.28309, 2.4535],
							"uv": {
								"north": {"uv": [53, 64], "uv_size": [3, 0]},
								"east": {"uv": [50, 64], "uv_size": [3, 0]},
								"south": {"uv": [59, 64], "uv_size": [3, 0]},
								"west": {"uv": [56, 64], "uv_size": [3, 0]},
								"up": {"uv": [53, 61], "uv_size": [3, 3]},
								"down": {"uv": [56, 64], "uv_size": [3, -3]}
							}
						},
						{
							"origin": [7.06166, 22.24766, 0.05043],
							"size": [2.03828, 0.66056, 1.88732],
							"pivot": [7.99828, 22.63207, 1.01023],
							"rotation": [0, 180, 0],
							"uv": {
								"north": {"uv": [60, 36], "uv_size": [-2, 1]},
								"east": {"uv": [60, 35], "uv_size": [-2, 1]},
								"south": {"uv": [58, 35], "uv_size": [1.98828, 1.01056]},
								"west": {"uv": [58, 37], "uv_size": [2, -1]},
								"up": {"uv": [60, 35], "uv_size": [-2, 2]}
							}
						}
					]
				},
				{
					"name": "Eye3",
					"parent": "UpperArm2",
					"pivot": [9.20975, 18.11874, 0.79686],
					"rotation": [5.89704, 3.68495, 87.91862],
					"cubes": [
						{
							"origin": [9.02746, 17.92618, -0.57642],
							"size": [0.41429, 0.23016, 0.3836],
							"uv": {
								"north": {"uv": [62, 49], "uv_size": [0, 0]},
								"east": {"uv": [62, 49], "uv_size": [0, 0]},
								"south": {"uv": [62, 49], "uv_size": [0, 0]},
								"west": {"uv": [62, 49], "uv_size": [0, 0]},
								"up": {"uv": [62, 49], "uv_size": [0, 0]},
								"down": {"uv": [62, 49], "uv_size": [0, 0]}
							}
						},
						{
							"origin": [8.53031, 18.00289, 0.6511],
							"size": [1.32572, 0.54472, 0.23016],
							"uv": {
								"north": {"uv": [60, 45], "uv_size": [1, 0]},
								"east": {"uv": [60, 45], "uv_size": [0, 0]},
								"south": {"uv": [61, 45], "uv_size": [1, 0]},
								"west": {"uv": [61, 45], "uv_size": [0, 0]},
								"up": {"uv": [60, 45], "uv_size": [1, 0]},
								"down": {"uv": [61, 45], "uv_size": [1, 0]}
							}
						},
						{
							"origin": [9.02746, 17.92618, 1.80189],
							"size": [0.41429, 0.23016, 0.3836],
							"uv": {
								"north": {"uv": [62, 47], "uv_size": [0, 0]},
								"east": {"uv": [62, 47], "uv_size": [0, 0]},
								"south": {"uv": [62, 47], "uv_size": [0, 0]},
								"west": {"uv": [62, 47], "uv_size": [0, 0]},
								"up": {"uv": [62, 47], "uv_size": [0, 0]},
								"down": {"uv": [62, 47], "uv_size": [0, 0]}
							}
						},
						{
							"origin": [8.11603, 17.92618, -0.19282],
							"size": [2.1543, 0.23016, 1.99471],
							"uv": {
								"north": {"uv": [60, 44], "uv_size": [2, 0]},
								"east": {"uv": [58, 44], "uv_size": [2, 0]},
								"south": {"uv": [64, 44], "uv_size": [2, 0]},
								"west": {"uv": [62, 44], "uv_size": [2, 0]},
								"up": {"uv": [60, 42], "uv_size": [2, 2]},
								"down": {"uv": [62, 44], "uv_size": [2, -2]}
							}
						},
						{
							"origin": [8.41452, 17.92618, 0.06344],
							"size": [1.65715, 0.53704, 1.5344],
							"pivot": [9.21814, 18.29065, 0.81759],
							"rotation": [0, 180, 0],
							"uv": {
								"north": {"uv": [60, 36], "uv_size": [-2, 1]},
								"east": {"uv": [64, 36], "uv_size": [-2, 1]},
								"south": {"uv": [58, 35], "uv_size": [1.98215, 1.03704]},
								"west": {"uv": [59, 37], "uv_size": [-2, -1]},
								"up": {"uv": [60, 35], "uv_size": [-2, 2]}
							}
						}
					]
				},
				{
					"name": "Eye4",
					"parent": "UpperArm2",
					"pivot": [9.31955, 15.34203, 0.63182],
					"rotation": [7.15266, -13.46066, 86.7092],
					"cubes": [
						{
							"origin": [9.13208, 15.15023, -0.74117],
							"size": [0.41429, 0.23016, 0.3836],
							"uv": {
								"north": {"uv": [62, 49], "uv_size": [0, 0]},
								"east": {"uv": [62, 49], "uv_size": [0, 0]},
								"south": {"uv": [62, 49], "uv_size": [0, 0]},
								"west": {"uv": [62, 49], "uv_size": [0, 0]},
								"up": {"uv": [62, 49], "uv_size": [0, 0]},
								"down": {"uv": [62, 49], "uv_size": [0, 0]}
							}
						},
						{
							"origin": [8.66081, 15.2231, 0.4849],
							"size": [1.32572, 0.54471, 0.23016],
							"uv": {
								"north": {"uv": [59, 47], "uv_size": [1, 0]},
								"east": {"uv": [59, 47], "uv_size": [0, 0]},
								"south": {"uv": [60, 47], "uv_size": [1, 0]},
								"west": {"uv": [60, 47], "uv_size": [0, 0]},
								"up": {"uv": [59, 47], "uv_size": [1, 0]},
								"down": {"uv": [60, 47], "uv_size": [1, 0]}
							}
						},
						{
							"origin": [9.13208, 15.15023, 1.63715],
							"size": [0.41429, 0.23016, 0.3836],
							"uv": {
								"north": {"uv": [62, 48], "uv_size": [0, 0]},
								"east": {"uv": [62, 48], "uv_size": [0, 0]},
								"south": {"uv": [62, 48], "uv_size": [0, 0]},
								"west": {"uv": [62, 48], "uv_size": [0, 0]},
								"up": {"uv": [62, 48], "uv_size": [0, 0]},
								"down": {"uv": [62, 48], "uv_size": [0, 0]}
							}
						},
						{
							"origin": [8.22065, 15.15023, -0.35757],
							"size": [2.1543, 0.23016, 1.99471],
							"uv": {
								"north": {"uv": [60, 44], "uv_size": [2, 0]},
								"east": {"uv": [58, 44], "uv_size": [2, 0]},
								"south": {"uv": [64, 44], "uv_size": [2, 0]},
								"west": {"uv": [62, 44], "uv_size": [2, 0]},
								"up": {"uv": [60, 42], "uv_size": [2, 2]},
								"down": {"uv": [62, 44], "uv_size": [2, -2]}
							}
						},
						{
							"origin": [8.52272, 15.15023, -0.11307],
							"size": [1.65715, 0.53704, 1.5344],
							"pivot": [9.32455, 15.51484, 0.64696],
							"rotation": [0, 180, 0],
							"uv": {
								"north": {"uv": [60, 37], "uv_size": [-2, -1]},
								"east": {"uv": [60, 35], "uv_size": [-2, 1]},
								"south": {"uv": [58, 35], "uv_size": [2.00715, 1.03704]},
								"west": {"uv": [59, 37], "uv_size": [-2, -1]},
								"up": {"uv": [60, 35], "uv_size": [-2, 2]}
							}
						}
					]
				},
				{
					"name": "HalfArm2",
					"parent": "armorLeftArm",
					"pivot": [8.85661, 13.5218, -0.51517],
					"rotation": [0, 0, 12.5],
					"cubes": [
						{
							"origin": [9.66875, 4.75682, -0.35281],
							"size": [1.07715, 1.918, 0.99736],
							"pivot": [13.57948, 19.81283, 0.9425],
							"rotation": [-21.40262, 16.6686, 4.36454],
							"uv": {
								"north": {"uv": [17, 12], "uv_size": [1, 2]},
								"east": {"uv": [16, 12], "uv_size": [1, 2]},
								"south": {"uv": [19, 12], "uv_size": [1, 2]},
								"west": {"uv": [18, 12], "uv_size": [1, 2]},
								"up": {"uv": [17, 11], "uv_size": [1, 1]},
								"down": {"uv": [18, 12], "uv_size": [1, -1]}
							}
						},
						{
							"origin": [7.48862, 5.16495, -4.66458],
							"size": [2.90002, 2.83864, 2.60847],
							"pivot": [8.93863, 6.58427, -3.36034],
							"rotation": [-23.29535, 13.81286, -2.82454],
							"uv": {
								"north": {"uv": [23, 14], "uv_size": [3, 3]},
								"east": {"uv": [20, 14], "uv_size": [3, 3]},
								"south": {"uv": [29, 14], "uv_size": [3, 3]},
								"west": {"uv": [26, 14], "uv_size": [3, 3]},
								"up": {"uv": [23, 11], "uv_size": [3, 3]},
								"down": {"uv": [26, 14], "uv_size": [3, -3]}
							}
						},
						{
							"origin": [6.88862, 6.96495, -4.86458],
							"size": [3.80002, 1.83864, 3.70847],
							"pivot": [8.93863, 7.38427, -3.16034],
							"rotation": [-24.15535, 12.45128, -7.70294],
							"uv": {
								"north": {"uv": [50, 9], "uv_size": [2.80002, 1.83864]},
								"east": {"uv": [52, 29], "uv_size": [3.80847, 1.83864]},
								"south": {"uv": [52.80002, 9], "uv_size": [-2.80002, 1.83864]},
								"west": {"uv": [50, 7], "uv_size": [3.80847, 1.83864]},
								"up": {"uv": [23, 11], "uv_size": [3.80002, 4.10847]},
								"down": {"uv": [42.3, 41.20847], "uv_size": [4.50002, -4.20847]}
							}
						},
						{
							"origin": [5.05082, 6.12075, 0.70784],
							"size": [4.80574, 7.67199, 4.52647],
							"pivot": [10.18233, 19.50595, 3.2441],
							"rotation": [-29.78922, 9.86042, -10.72897],
							"uv": {
								"north": {"uv": [20, 4], "uv_size": [5.8, 10]},
								"east": {"uv": [15, 32], "uv_size": [5.9, 10]},
								"south": {"uv": [58.2, 0], "uv_size": [5.8, 10]},
								"west": {"uv": [25, 4], "uv_size": [4, 7]},
								"up": {"uv": [20, 0], "uv_size": [4, 4]},
								"down": {"uv": [57, 33.9], "uv_size": [5.8, -5.9]}
							}
						}
					]
				},
				{
					"name": "Eye5",
					"parent": "HalfArm2",
					"pivot": [10.84809, 10.13167, -2.15611],
					"rotation": [10.93502, -12.42961, 76.56002],
					"cubes": [
						{
							"origin": [10.62062, 9.89938, -3.84358],
							"size": [0.50844, 0.28247, 0.47078],
							"uv": {
								"north": {"uv": [61, 47], "uv_size": [0, 0]},
								"east": {"uv": [61, 47], "uv_size": [0, 0]},
								"south": {"uv": [61, 47], "uv_size": [0, 0]},
								"west": {"uv": [61, 47], "uv_size": [0, 0]},
								"up": {"uv": [61, 47], "uv_size": [0, 0]},
								"down": {"uv": [61, 47], "uv_size": [0, 0]}
							}
						},
						{
							"origin": [10.0293, 9.97337, -2.3267],
							"size": [1.62702, 0.6685, 0.28247],
							"uv": {
								"north": {"uv": [60, 46], "uv_size": [1, 0]},
								"east": {"uv": [60, 46], "uv_size": [0, 0]},
								"south": {"uv": [61, 46], "uv_size": [1, 0]},
								"west": {"uv": [61, 46], "uv_size": [0, 0]},
								"up": {"uv": [60, 46], "uv_size": [1, 0]},
								"down": {"uv": [61, 46], "uv_size": [1, 0]}
							}
						},
						{
							"origin": [10.62062, 9.89938, -0.92476],
							"size": [0.50844, 0.28247, 0.47078],
							"uv": {
								"north": {"uv": [62, 46], "uv_size": [0, 0]},
								"east": {"uv": [62, 46], "uv_size": [0, 0]},
								"south": {"uv": [62, 46], "uv_size": [0, 0]},
								"west": {"uv": [62, 46], "uv_size": [0, 0]},
								"up": {"uv": [62, 46], "uv_size": [0, 0]},
								"down": {"uv": [62, 46], "uv_size": [0, 0]}
							}
						},
						{
							"origin": [9.50205, 9.89938, -3.3728],
							"size": [2.64389, 0.28247, 2.44804],
							"uv": {
								"north": {"uv": [55, 63], "uv_size": [3, 0]},
								"east": {"uv": [52, 63], "uv_size": [3, 0]},
								"south": {"uv": [61, 63], "uv_size": [3, 0]},
								"west": {"uv": [58, 63], "uv_size": [3, 0]},
								"up": {"uv": [55, 60], "uv_size": [3, 3]},
								"down": {"uv": [58, 63], "uv_size": [3, -3]}
							}
						},
						{
							"origin": [9.8447, 9.89938, -3.05817],
							"size": [2.03376, 0.65908, 1.88311],
							"pivot": [10.84279, 10.32581, -2.13269],
							"rotation": [0, 180, 0],
							"uv": {
								"north": {"uv": [60, 36], "uv_size": [-2, 1]},
								"east": {"uv": [60, 36], "uv_size": [-2, -1]},
								"south": {"uv": [58, 35], "uv_size": [2.03376, 0.95908]},
								"west": {"uv": [59, 37], "uv_size": [-2, -1]},
								"up": {"uv": [60, 35], "uv_size": [-2, 2]}
							}
						}
					]
				},
				{
					"name": "armorRightArm",
					"pivot": [-5.3731, 22.0583, 0.61376],
					"rotation": [7.31594, -2.15393, 9.76758]
				},
				{
					"name": "UpperArm3",
					"parent": "armorRightArm",
					"pivot": [-2.87837, 26.88732, -0.51487],
					"rotation": [0, 0, 2.5],
					"cubes": [
						{
							"origin": [-7.63033, 19.45306, -1.20687],
							"size": [4.72288, 4.6032, 4.14287],
							"pivot": [-6.85552, 22.43758, 0.5592],
							"rotation": [0, 0, 45],
							"uv": {
								"north": {"uv": [10.7, 21], "uv_size": [-5.7, 6]},
								"east": {"uv": [15, 21], "uv_size": [-5, 6]},
								"south": {"uv": [19.7, 21], "uv_size": [-5.7, 6]},
								"west": {"uv": [5, 21], "uv_size": [-5, 6]},
								"up": {"uv": [10, 16], "uv_size": [-5, 5]},
								"down": {"uv": [15, 21], "uv_size": [-5, -5]}
							}
						},
						{
							"origin": [-9.10763, 13.37212, -0.97031],
							"size": [4.06002, 7.82543, 3.37568],
							"pivot": [-9.66468, 19.4627, 0.56268],
							"rotation": [-5.20328, -4.7731, 2.28054],
							"uv": {
								"north": {"uv": [9.9, 4], "uv_size": [-4.9, 10.2]},
								"east": {"uv": [13, 4], "uv_size": [-4, 12]},
								"south": {"uv": [16.9, 4], "uv_size": [-4.9, 10.2]},
								"west": {"uv": [5, 4], "uv_size": [-4, 12]},
								"up": {"uv": [9, 0], "uv_size": [-4, 4]},
								"down": {"uv": [13, 4], "uv_size": [-4, -4]}
							}
						}
					]
				},
				{
					"name": "Eye11",
					"parent": "UpperArm3",
					"pivot": [-8.01026, 22.4313, 1.01869],
					"rotation": [0.99021, 12.71931, -45.04646],
					"cubes": [
						{
							"origin": [-8.21311, 22.14384, -0.65431],
							"size": [0.50958, 0.28309, 0.47183],
							"uv": {
								"north": {"uv": [62, 48], "uv_size": [0, 0]},
								"east": {"uv": [62, 48], "uv_size": [0, 0]},
								"south": {"uv": [62, 48], "uv_size": [0, 0]},
								"west": {"uv": [62, 48], "uv_size": [0, 0]},
								"up": {"uv": [62, 48], "uv_size": [0, 0]},
								"down": {"uv": [62, 48], "uv_size": [0, 0]}
							}
						},
						{
							"origin": [-8.72267, 22.22057, 0.85554],
							"size": [1.63064, 0.66999, 0.28309],
							"uv": {
								"north": {"uv": [60, 45], "uv_size": [-1, 0]},
								"east": {"uv": [60, 45], "uv_size": [0, 0]},
								"south": {"uv": [61, 45], "uv_size": [-1, 0]},
								"west": {"uv": [59, 45], "uv_size": [0, 0]},
								"up": {"uv": [60, 45], "uv_size": [-1, 0]},
								"down": {"uv": [61, 45], "uv_size": [-1, 0]}
							}
						},
						{
							"origin": [-8.21311, 22.14384, 2.27102],
							"size": [0.50958, 0.28309, 0.47183],
							"uv": {
								"north": {"uv": [61, 48], "uv_size": [0, 0]},
								"east": {"uv": [61, 48], "uv_size": [0, 0]},
								"south": {"uv": [61, 48], "uv_size": [0, 0]},
								"west": {"uv": [61, 48], "uv_size": [0, 0]},
								"up": {"uv": [61, 48], "uv_size": [0, 0]},
								"down": {"uv": [61, 48], "uv_size": [0, 0]}
							}
						},
						{
							"origin": [-9.23225, 22.14384, -0.18248],
							"size": [2.64978, 0.28309, 2.4535],
							"uv": {
								"north": {"uv": [56, 64], "uv_size": [-3, 0]},
								"east": {"uv": [59, 64], "uv_size": [-3, 0]},
								"south": {"uv": [62, 64], "uv_size": [-3, 0]},
								"west": {"uv": [53, 64], "uv_size": [-3, 0]},
								"up": {"uv": [56, 61], "uv_size": [-3, 3]},
								"down": {"uv": [59, 64], "uv_size": [-3, -3]}
							}
						},
						{
							"origin": [-8.9265, 22.14384, 0.10061],
							"size": [2.03828, 0.66056, 1.88732],
							"uv": {
								"north": {"uv": [60, 37], "uv_size": [-2, -1]},
								"east": {"uv": [60, 35], "uv_size": [-2, 1]},
								"south": {"uv": [58, 35], "uv_size": [2.03828, 0.98556]},
								"west": {"uv": [58, 37], "uv_size": [2, -1]},
								"up": {"uv": [60, 35], "uv_size": [-2, 2]}
							}
						}
					]
				},
				{
					"name": "Eye12",
					"parent": "UpperArm3",
					"pivot": [-9.18925, 18.07549, 0.80064],
					"rotation": [5.89704, -3.68495, -87.91862],
					"cubes": [
						{
							"origin": [-9.42125, 17.88292, -0.57264],
							"size": [0.41429, 0.23016, 0.3836],
							"uv": {
								"north": {"uv": [62, 49], "uv_size": [0, 0]},
								"east": {"uv": [62, 49], "uv_size": [0, 0]},
								"south": {"uv": [62, 49], "uv_size": [0, 0]},
								"west": {"uv": [62, 49], "uv_size": [0, 0]},
								"up": {"uv": [62, 49], "uv_size": [0, 0]},
								"down": {"uv": [62, 49], "uv_size": [0, 0]}
							}
						},
						{
							"origin": [-9.83554, 17.95963, 0.65488],
							"size": [1.32572, 0.54472, 0.23016],
							"uv": {
								"north": {"uv": [61, 45], "uv_size": [-1, 0]},
								"east": {"uv": [61, 45], "uv_size": [0, 0]},
								"south": {"uv": [62, 45], "uv_size": [-1, 0]},
								"west": {"uv": [60, 45], "uv_size": [0, 0]},
								"up": {"uv": [61, 45], "uv_size": [-1, 0]},
								"down": {"uv": [62, 45], "uv_size": [-1, 0]}
							}
						},
						{
							"origin": [-9.42125, 17.88292, 1.80567],
							"size": [0.41429, 0.23016, 0.3836],
							"uv": {
								"north": {"uv": [62, 47], "uv_size": [0, 0]},
								"east": {"uv": [62, 47], "uv_size": [0, 0]},
								"south": {"uv": [62, 47], "uv_size": [0, 0]},
								"west": {"uv": [62, 47], "uv_size": [0, 0]},
								"up": {"uv": [62, 47], "uv_size": [0, 0]},
								"down": {"uv": [62, 47], "uv_size": [0, 0]}
							}
						},
						{
							"origin": [-10.24983, 17.88292, -0.18904],
							"size": [2.1543, 0.23016, 1.99471],
							"uv": {
								"north": {"uv": [62, 44], "uv_size": [-2, 0]},
								"east": {"uv": [64, 44], "uv_size": [-2, 0]},
								"south": {"uv": [66, 44], "uv_size": [-2, 0]},
								"west": {"uv": [60, 44], "uv_size": [-2, 0]},
								"up": {"uv": [62, 42], "uv_size": [-2, 2]},
								"down": {"uv": [64, 44], "uv_size": [-2, -2]}
							}
						},
						{
							"origin": [-10.00126, 17.88292, 0.04112],
							"size": [1.65715, 0.53704, 1.5344],
							"uv": {
								"north": {"uv": [60, 37], "uv_size": [-2, -1]},
								"east": {"uv": [60, 35], "uv_size": [-2, 1]},
								"south": {"uv": [58, 35], "uv_size": [2.00715, 0.96204]},
								"west": {"uv": [58, 37], "uv_size": [2, -1]},
								"up": {"uv": [60, 35], "uv_size": [-2, 2]}
							}
						}
					]
				},
				{
					"name": "Eye13",
					"parent": "UpperArm3",
					"pivot": [-9.29905, 15.29878, 0.63561],
					"rotation": [7.15266, 13.46066, -86.7092],
					"cubes": [
						{
							"origin": [-9.52587, 15.10698, -0.73739],
							"size": [0.41429, 0.23016, 0.3836],
							"uv": {
								"north": {"uv": [62, 49], "uv_size": [0, 0]},
								"east": {"uv": [62, 49], "uv_size": [0, 0]},
								"south": {"uv": [62, 49], "uv_size": [0, 0]},
								"west": {"uv": [62, 49], "uv_size": [0, 0]},
								"up": {"uv": [62, 49], "uv_size": [0, 0]},
								"down": {"uv": [62, 49], "uv_size": [0, 0]}
							}
						},
						{
							"origin": [-9.96604, 15.17985, 0.48868],
							"size": [1.32572, 0.54471, 0.23016],
							"uv": {
								"north": {"uv": [60, 47], "uv_size": [-1, 0]},
								"east": {"uv": [60, 47], "uv_size": [0, 0]},
								"south": {"uv": [61, 47], "uv_size": [-1, 0]},
								"west": {"uv": [59, 47], "uv_size": [0, 0]},
								"up": {"uv": [60, 47], "uv_size": [-1, 0]},
								"down": {"uv": [61, 47], "uv_size": [-1, 0]}
							}
						},
						{
							"origin": [-9.52587, 15.10698, 1.64093],
							"size": [0.41429, 0.23016, 0.3836],
							"uv": {
								"north": {"uv": [62, 48], "uv_size": [0, 0]},
								"east": {"uv": [62, 48], "uv_size": [0, 0]},
								"south": {"uv": [62, 48], "uv_size": [0, 0]},
								"west": {"uv": [62, 48], "uv_size": [0, 0]},
								"up": {"uv": [62, 48], "uv_size": [0, 0]},
								"down": {"uv": [62, 48], "uv_size": [0, 0]}
							}
						},
						{
							"origin": [-10.35445, 15.10698, -0.35379],
							"size": [2.1543, 0.23016, 1.99471],
							"uv": {
								"north": {"uv": [62, 44], "uv_size": [-2, 0]},
								"east": {"uv": [64, 44], "uv_size": [-2, 0]},
								"south": {"uv": [66, 44], "uv_size": [-2, 0]},
								"west": {"uv": [60, 44], "uv_size": [-2, 0]},
								"up": {"uv": [62, 42], "uv_size": [-2, 2]},
								"down": {"uv": [64, 44], "uv_size": [-2, -2]}
							}
						},
						{
							"origin": [-10.10588, 15.10698, -0.12363],
							"size": [1.65715, 0.53704, 1.5344],
							"uv": {
								"north": {"uv": [60, 37], "uv_size": [-2, -1]},
								"east": {"uv": [60, 35], "uv_size": [-2, 1]},
								"south": {"uv": [58, 35], "uv_size": [2.00715, 0.96204]},
								"west": {"uv": [58, 37], "uv_size": [2, -1]},
								"up": {"uv": [60, 35], "uv_size": [-2, 2]}
							}
						}
					]
				},
				{
					"name": "HalfArm3",
					"parent": "armorRightArm",
					"pivot": [-8.83611, 13.47855, -0.51139],
					"rotation": [0, 0, -12.5],
					"cubes": [
						{
							"origin": [-10.68864, 6.96495, -4.86458],
							"size": [3.80002, 1.83864, 3.70847],
							"pivot": [-8.93863, 7.38427, -3.16034],
							"rotation": [-24.15535, -12.45128, 7.70294],
							"uv": {
								"north": {"uv": [52.80002, 9], "uv_size": [-2.80002, 1.83864]},
								"east": {"uv": [53.80847, 7], "uv_size": [-3.80847, 1.83864]},
								"south": {"uv": [50, 9], "uv_size": [2.80002, 1.83864]},
								"west": {"uv": [55.80847, 29], "uv_size": [-3.80847, 1.83864]},
								"up": {"uv": [26.80002, 11], "uv_size": [-3.80002, 4.10847]},
								"down": {"uv": [46.80002, 41.20847], "uv_size": [-4.50002, -4.20847]}
							}
						},
						{
							"origin": [-10.7254, 4.71357, -0.34903],
							"size": [1.07715, 1.918, 0.99736],
							"pivot": [-13.55898, 19.76958, 0.94628],
							"rotation": [-21.40262, -16.6686, -4.36454],
							"uv": {
								"north": {"uv": [18, 12], "uv_size": [-1, 2]},
								"east": {"uv": [19, 12], "uv_size": [-1, 2]},
								"south": {"uv": [20, 12], "uv_size": [-1, 2]},
								"west": {"uv": [17, 12], "uv_size": [-1, 2]},
								"up": {"uv": [18, 11], "uv_size": [-1, 1]},
								"down": {"uv": [19, 12], "uv_size": [-1, -1]}
							}
						},
						{
							"origin": [-10.91821, 4.24821, 0.11129],
							"size": [2.90002, 2.83864, 2.60847],
							"pivot": [-11.90183, 19.53942, 1.17644],
							"rotation": [-23.29535, -13.81286, 2.82454],
							"uv": {
								"north": {"uv": [26, 14], "uv_size": [-3, 3]},
								"east": {"uv": [29, 14], "uv_size": [-3, 3]},
								"south": {"uv": [32, 14], "uv_size": [-3, 3]},
								"west": {"uv": [23, 14], "uv_size": [-3, 3]},
								"up": {"uv": [26, 11], "uv_size": [-3, 3]},
								"down": {"uv": [29, 14], "uv_size": [-3, -3]}
							}
						},
						{
							"origin": [-9.83607, 6.0775, 0.71162],
							"size": [4.80574, 7.67199, 4.52647],
							"pivot": [-10.16183, 19.4627, 3.24788],
							"rotation": [-29.78922, -9.86042, 10.72897],
							"uv": {
								"north": {"uv": [25.8, 4], "uv_size": [-5.8, 10]},
								"east": {"uv": [29, 4], "uv_size": [-4, 7]},
								"south": {"uv": [64, 0], "uv_size": [-5.8, 10]},
								"west": {"uv": [20.9, 32], "uv_size": [-5.9, 10]},
								"up": {"uv": [24, 0], "uv_size": [-4, 4]},
								"down": {"uv": [62.8, 33.9], "uv_size": [-5.8, -5.9]}
							}
						}
					]
				},
				{
					"name": "Eye14",
					"parent": "HalfArm3",
					"pivot": [-10.81844, 10.08843, -1.95234],
					"rotation": [10.93502, 12.42961, -76.56002],
					"cubes": [
						{
							"origin": [-11.0994, 9.85613, -3.6398],
							"size": [0.50844, 0.28247, 0.47078],
							"uv": {
								"north": {"uv": [61, 47], "uv_size": [0, 0]},
								"east": {"uv": [61, 47], "uv_size": [0, 0]},
								"south": {"uv": [61, 47], "uv_size": [0, 0]},
								"west": {"uv": [61, 47], "uv_size": [0, 0]},
								"up": {"uv": [61, 47], "uv_size": [0, 0]},
								"down": {"uv": [61, 47], "uv_size": [0, 0]}
							}
						},
						{
							"origin": [-11.62666, 9.93012, -2.12292],
							"size": [1.62702, 0.6685, 0.28247],
							"uv": {
								"north": {"uv": [61, 46], "uv_size": [-1, 0]},
								"east": {"uv": [61, 46], "uv_size": [0, 0]},
								"south": {"uv": [62, 46], "uv_size": [-1, 0]},
								"west": {"uv": [60, 46], "uv_size": [0, 0]},
								"up": {"uv": [61, 46], "uv_size": [-1, 0]},
								"down": {"uv": [62, 46], "uv_size": [-1, 0]}
							}
						},
						{
							"origin": [-11.0994, 9.85613, -0.72098],
							"size": [0.50844, 0.28247, 0.47078],
							"uv": {
								"north": {"uv": [62, 46], "uv_size": [0, 0]},
								"east": {"uv": [62, 46], "uv_size": [0, 0]},
								"south": {"uv": [62, 46], "uv_size": [0, 0]},
								"west": {"uv": [62, 46], "uv_size": [0, 0]},
								"up": {"uv": [62, 46], "uv_size": [0, 0]},
								"down": {"uv": [62, 46], "uv_size": [0, 0]}
							}
						},
						{
							"origin": [-12.11629, 9.85613, -3.16902],
							"size": [2.64389, 0.28247, 2.44804],
							"uv": {
								"north": {"uv": [58, 63], "uv_size": [-3, 0]},
								"east": {"uv": [61, 63], "uv_size": [-3, 0]},
								"south": {"uv": [64, 63], "uv_size": [-3, 0]},
								"west": {"uv": [55, 63], "uv_size": [-3, 0]},
								"up": {"uv": [58, 60], "uv_size": [-3, 3]},
								"down": {"uv": [61, 63], "uv_size": [-3, -3]}
							}
						},
						{
							"origin": [-11.81123, 9.85613, -2.88655],
							"size": [2.03376, 0.65908, 1.88311],
							"uv": {
								"north": {"uv": [60, 36], "uv_size": [-2, 1]},
								"east": {"uv": [60, 35], "uv_size": [-2, 1]},
								"south": {"uv": [58, 35], "uv_size": [2.03376, 0.98408]},
								"west": {"uv": [58, 37], "uv_size": [2, -1]},
								"up": {"uv": [60, 35], "uv_size": [-2, 2]}
							}
						}
					]
				},
				{
					"name": "armorLeftLeg",
					"pivot": [2.2097, 12.1884, 0.52349],
					"cubes": [
						{
							"origin": [2.28454, 6.49691, -1.57185],
							"size": [2.65449, 6.28583, 2.80586],
							"inflate": -0.1,
							"pivot": [2.25016, 1.49294, -1.53118],
							"rotation": [-5.5347, -16.1231, -8.7273],
							"uv": {
								"north": {"uv": [8, 51], "uv_size": [3, 7]},
								"east": {"uv": [29, 48], "uv_size": [-3, 7]},
								"south": {"uv": [8, 51], "uv_size": [-3, 7]},
								"west": {"uv": [23, 48], "uv_size": [3, 7]},
								"up": {"uv": [26, 55], "uv_size": [3, 4]},
								"down": {"uv": [39, 59], "uv_size": [3, -4]}
							}
						},
						{
							"origin": [1.21124, 2.51047, -0.12776],
							"size": [3.47419, 5.53249, 3.65746],
							"inflate": -0.1,
							"pivot": [1.53671, 1.14225, 0.91167],
							"rotation": [15.4653, -16.1231, -8.7273],
							"uv": {
								"north": {"uv": [52, 38], "uv_size": [4, 5]},
								"east": {"uv": [56, 48], "uv_size": [-4, 5]},
								"south": {"uv": [35, 52], "uv_size": [4, 5]},
								"west": {"uv": [52, 43], "uv_size": [4, 5]},
								"up": {"uv": [52, 33], "uv_size": [4, 5]},
								"down": {"uv": [15, 32], "uv_size": [4, -5]}
							}
						},
						{
							"origin": [1.85505, 1.31825, 0.55352],
							"size": [2.18658, 1.78396, 2.29491],
							"inflate": -0.1,
							"pivot": [1.53671, 1.14225, 0.91167],
							"rotation": [15.4653, -16.1231, -8.7273],
							"uv": {
								"north": {"uv": [59, 18], "uv_size": [-3, 2]},
								"east": {"uv": [20, 56], "uv_size": [3, 2]},
								"south": {"uv": [56, 20], "uv_size": [3, 2]},
								"west": {"uv": [56, 22], "uv_size": [3, 2]},
								"up": {"uv": [56, 13], "uv_size": [3, 3]},
								"down": {"uv": [14, 59], "uv_size": [3, -3]}
							}
						},
						{
							"origin": [1.74502, 0.08221, -1.38011],
							"size": [2.50396, 1.70756, 4.51782],
							"inflate": 0.1,
							"pivot": [2.20974, 2.51083, 0.52349],
							"rotation": [0.7027, -13.6323, -1.1854],
							"uv": {
								"north": {"uv": [56, 24], "uv_size": [3, 2]},
								"east": {"uv": [61, 55], "uv_size": [-6, 2]},
								"south": {"uv": [56, 26], "uv_size": [3, 2]},
								"west": {"uv": [55, 55], "uv_size": [6, 2]},
								"up": {"uv": [52, 53], "uv_size": [3, 6]},
								"down": {"uv": [0, 60], "uv_size": [3, -6]}
							}
						}
					]
				},
				{
					"name": "armorRightLeg",
					"pivot": [-2.2097, 12.1884, 0.52349],
					"cubes": [
						{
							"origin": [-4.93903, 6.49691, -1.57185],
							"size": [2.65449, 6.28583, 2.80586],
							"inflate": -0.1,
							"pivot": [-2.25016, 1.49294, -1.53118],
							"rotation": [-5.5347, 16.1231, 8.7273],
							"uv": {
								"north": {"uv": [11, 51], "uv_size": [-3, 7]},
								"east": {"uv": [26, 48], "uv_size": [-3, 7]},
								"south": {"uv": [5, 51], "uv_size": [3, 7]},
								"west": {"uv": [26, 48], "uv_size": [3, 7]},
								"up": {"uv": [29, 55], "uv_size": [-3, 4]},
								"down": {"uv": [42, 59], "uv_size": [-3, -4]}
							}
						},
						{
							"origin": [-4.68543, 2.51047, -0.12776],
							"size": [3.47419, 5.53249, 3.65746],
							"inflate": -0.1,
							"pivot": [-1.53671, 1.14225, 0.91167],
							"rotation": [15.4653, 16.1231, 8.7273],
							"uv": {
								"north": {"uv": [56, 38], "uv_size": [-4, 5]},
								"east": {"uv": [56, 43], "uv_size": [-4, 5]},
								"south": {"uv": [39, 52], "uv_size": [-4, 5]},
								"west": {"uv": [52, 48], "uv_size": [4, 5]},
								"up": {"uv": [56, 33], "uv_size": [-4, 5]},
								"down": {"uv": [15, 32], "uv_size": [4, -5]}
							}
						},
						{
							"origin": [-4.04163, 1.31825, 0.55352],
							"size": [2.18658, 1.78396, 2.29491],
							"inflate": -0.1,
							"pivot": [-1.53671, 1.14225, 0.91167],
							"rotation": [15.4653, 16.1231, 8.7273],
							"uv": {
								"north": {"uv": [56, 18], "uv_size": [3, 2]},
								"east": {"uv": [59, 22], "uv_size": [-3, 2]},
								"south": {"uv": [59, 20], "uv_size": [-3, 2]},
								"west": {"uv": [23, 56], "uv_size": [-3, 2]},
								"up": {"uv": [59, 13], "uv_size": [-3, 3]},
								"down": {"uv": [17, 59], "uv_size": [-3, -3]}
							}
						},
						{
							"origin": [-4.24898, 0.08221, -1.38011],
							"size": [2.50396, 1.70756, 4.51782],
							"inflate": 0.1,
							"pivot": [-2.20974, 2.51083, 0.52349],
							"rotation": [0.7027, 13.6323, 1.1854],
							"uv": {
								"north": {"uv": [59, 24], "uv_size": [-3, 2]},
								"east": {"uv": [61, 55], "uv_size": [-6, 2]},
								"south": {"uv": [59, 26], "uv_size": [-3, 2]},
								"west": {"uv": [55, 55], "uv_size": [6, 2]},
								"up": {"uv": [55, 53], "uv_size": [-3, 6]},
								"down": {"uv": [3, 60], "uv_size": [-3, -6]}
							}
						}
					]
				}
			]
		}
	]
}