{
	"format_version": "1.12.0",
	"minecraft:geometry": [
		{
			"description": {
				"identifier": "geometry.evo3",
				"texture_width": 64,
				"texture_height": 64,
				"visible_bounds_width": 4,
				"visible_bounds_height": 4.5,
				"visible_bounds_offset": [0, 1.75, 0]
			},
			"bones": [
				{
					"name": "armorHead",
					"pivot": [-0.10434, 26.85197, -1.72543],
					"cubes": [
						{
							"origin": [-2.78451, 25.64577, -4.31819],
							"size": [5.53431, 3.98943, 4.52647],
							"uv": {
								"north": {"uv": [19, 42], "uv_size": [7, 6]},
								"east": {"uv": [42, 29], "uv_size": [6, 7]},
								"south": {"uv": [26, 41], "uv_size": [7, 7]},
								"west": {"uv": [48, 29], "uv_size": [-6, 7]},
								"up": {"uv": [7, 45], "uv_size": [7, 6]},
								"down": {"uv": [24, 8], "uv_size": [5, -3]}
							}
						},
						{
							"origin": [-2.20452, 24.64842, -3.85787],
							"size": [4.29145, 1.30423, 2.37831],
							"pivot": [-0.1088, 20.71438, -1.01653],
							"rotation": [5, 0, 0],
							"uv": {
								"north": {"uv": [24, 33], "uv_size": [4.9, 1.7]},
								"east": {"uv": [42, 33], "uv_size": [6, 3]},
								"south": {"uv": [26, 41], "uv_size": [7, 7]},
								"west": {"uv": [48, 33], "uv_size": [-6, 3]},
								"up": {"uv": [33, 34], "uv_size": [7, 6]},
								"down": {"uv": [29, 27], "uv_size": [4, -2]}
							}
						},
						{
							"origin": [-0.96687, 26.69947, -4.43816],
							"size": [6.88381, 4.83335, 0],
							"pivot": [2.47505, 29.11615, -4.43816],
							"rotation": [9.61749, -4.28566, -59.72014],
							"uv": {
								"north": {"uv": [32, 7], "uv_size": [9, 8]},
								"east": {"uv": [0, 0], "uv_size": [0, 8]},
								"south": {"uv": [55, 10], "uv_size": [9, 8]},
								"west": {"uv": [0, 0], "uv_size": [0, 8]},
								"up": {"uv": [0, 0], "uv_size": [9, 0]},
								"down": {"uv": [0, 0], "uv_size": [9, 0]}
							}
						},
						{
							"origin": [-6.86311, 26.69947, -4.43816],
							"size": [0.83521, 4.83335, 0],
							"pivot": [-2.59263, 29.11615, -4.43816],
							"rotation": [9.61749, 4.28566, 59.72014],
							"uv": {
								"north": {"uv": [36.208, 57.4], "uv_size": [-0.208, 5]},
								"south": {"uv": [36.208, 57.4], "uv_size": [-0.208, 5]}
							}
						},
						{
							"origin": [-6.03453, 26.69947, -4.43816],
							"size": [6.8838, 4.83335, 0],
							"pivot": [-2.59263, 29.11615, -4.43816],
							"rotation": [9.61749, 4.28566, 59.72014],
							"uv": {
								"north": {"uv": [41, 7], "uv_size": [-9, 8]},
								"east": {"uv": [0, 0], "uv_size": [0, 8]},
								"south": {"uv": [64, 10], "uv_size": [-9, 8]},
								"west": {"uv": [0, 0], "uv_size": [0, 8]},
								"up": {"uv": [9, 0], "uv_size": [-9, 0]},
								"down": {"uv": [9, 0], "uv_size": [-9, 0]}
							}
						},
						{
							"origin": [5.91031, 26.69947, -4.43816],
							"size": [0.8352, 4.83335, 0],
							"pivot": [2.47505, 29.11615, -4.43816],
							"rotation": [9.61749, -4.28566, -59.72014],
							"uv": {
								"north": {"uv": [36, 57.4], "uv_size": [0.208, 5]},
								"south": {"uv": [36, 57.4], "uv_size": [0.208, 5]}
							}
						}
					]
				},
				{
					"name": "armorBody",
					"pivot": [0.00835, 25.54773, 1.5344],
					"cubes": [
						{
							"origin": [-6.33025, 17.74362, -2.09332],
							"size": [12.74291, 6.67463, 5.37039],
							"pivot": [0.00835, 21.02125, -0.01918],
							"rotation": [2.5, 0, 0],
							"uv": {
								"north": {"uv": [20, 17], "uv_size": [15, 8]},
								"east": {"uv": [35, 22], "uv_size": [7, 8]},
								"south": {"uv": [20, 25], "uv_size": [14, 6.8]},
								"west": {"uv": [42, 22], "uv_size": [-7, 8]},
								"up": {"uv": [0, 27], "uv_size": [14, 7]},
								"down": {"uv": [32, 7], "uv_size": [15, -7]}
							}
						},
						{
							"origin": [-1.87309, 22.42354, 1.28236],
							"size": [3.56287, 4.44975, 3.29895],
							"pivot": [-0.09165, 20.56093, 1.59194],
							"rotation": [37.5, 0, 0],
							"uv": {
								"north": {"uv": [25, 25], "uv_size": [4, 8]},
								"east": {"uv": [47, 36], "uv_size": [5, 8]},
								"south": {"uv": [48, 20], "uv_size": [4, 8]},
								"west": {"uv": [52, 36], "uv_size": [-5, 8]},
								"up": {"uv": [52, 18], "uv_size": [4, 5]},
								"down": {"uv": [52, 28], "uv_size": [4, -5]}
							}
						},
						{
							"origin": [-4.63167, 16.26846, -1.11436],
							"size": [9.28004, 4.91007, 4.29631],
							"uv": {
								"north": {"uv": [0.3, 34], "uv_size": [8.4, 7]},
								"east": {"uv": [41, 41], "uv_size": [6, 7]},
								"south": {"uv": [35, 15], "uv_size": [9, 7]},
								"west": {"uv": [47, 41], "uv_size": [-6, 7]},
								"down": {"uv": [41, 13], "uv_size": [9, -6]}
							}
						},
						{
							"origin": [-2.16023, 12.5859, -0.34716],
							"size": [4.3543, 6.70903, 2.76192],
							"uv": {
								"north": {"uv": [9.1, 37], "uv_size": [4.8, 7.9]},
								"east": {"uv": [35.7, 44], "uv_size": [-2.6, 7.9]},
								"south": {"uv": [18.7, 44], "uv_size": [-4.6, 7.9]},
								"west": {"uv": [33.1, 44], "uv_size": [2.6, 7.9]},
								"down": {"uv": [14, 56], "uv_size": [5, -4]}
							}
						},
						{
							"origin": [-1.21737, 11.8187, -0.34716],
							"size": [2.46857, 0.7672, 2.76192],
							"uv": {
								"north": {"uv": [39, 32], "uv_size": [3, 1]},
								"east": {"uv": [40, 32], "uv_size": [-4, 1]},
								"south": {"uv": [47, 6], "uv_size": [3, 1]},
								"west": {"uv": [35, 32], "uv_size": [4, 1]},
								"down": {"uv": [54, 4], "uv_size": [3, -4]}
							}
						}
					]
				},
				{
					"name": "Eye",
					"parent": "armorBody",
					"pivot": [4.08251, 24.58778, 0.67879],
					"rotation": [0, 11, 0],
					"cubes": [
						{
							"origin": [3.88059, 24.39521, -0.69831],
							"size": [0.41429, 0.23016, 0.3836],
							"uv": {
								"north": {"uv": [61, 46], "uv_size": [0, 0]},
								"east": {"uv": [61, 46], "uv_size": [0, 0]},
								"south": {"uv": [61, 46], "uv_size": [0, 0]},
								"west": {"uv": [61, 46], "uv_size": [0, 0]},
								"up": {"uv": [61, 46], "uv_size": [0, 0]},
								"down": {"uv": [61, 46], "uv_size": [0, 0]}
							}
						},
						{
							"origin": [3.4816, 24.47193, 0.54829],
							"size": [1.32572, 0.54471, 0.23016],
							"uv": {
								"north": {"uv": [60, 46], "uv_size": [-1, -1]},
								"east": {"uv": [60, 46], "uv_size": [-1, -1]},
								"south": {"uv": [60, 46], "uv_size": [-1, -1]},
								"west": {"uv": [60, 46], "uv_size": [-1, -1]},
								"up": {"uv": [59, 45], "uv_size": [1, 1]},
								"down": {"uv": [59, 45], "uv_size": [1, 1]}
							}
						},
						{
							"origin": [3.88059, 24.39521, 1.68001],
							"size": [0.41429, 0.23016, 0.3836],
							"uv": {
								"north": {"uv": [62, 48], "uv_size": [0, 0]},
								"east": {"uv": [62, 48], "uv_size": [0, 0]},
								"south": {"uv": [62, 48], "uv_size": [0, 0]},
								"west": {"uv": [62, 48], "uv_size": [0, 0]},
								"up": {"uv": [62, 48], "uv_size": [0, 0]},
								"down": {"uv": [62, 48], "uv_size": [0, 0]}
							}
						},
						{
							"origin": [2.96916, 24.39521, -0.31471],
							"size": [2.15429, 0.23016, 1.99471],
							"uv": {
								"north": {"uv": [60, 44], "uv_size": [3, 2]},
								"east": {"uv": [60, 44], "uv_size": [3, 2]},
								"south": {"uv": [60, 44], "uv_size": [3, 2]},
								"west": {"uv": [60, 44], "uv_size": [3, 2]},
								"up": {"uv": [60, 42], "uv_size": [2, 2]},
								"down": {"uv": [63, 46], "uv_size": [-3, -2]}
							}
						},
						{
							"origin": [3.21773, 24.39521, -0.08455],
							"size": [1.65715, 0.53704, 1.5344],
							"uv": {
								"north": {"uv": [60, 37], "uv_size": [-2, -1]},
								"east": {"uv": [60, 35], "uv_size": [-2, 1]},
								"south": {"uv": [58, 35], "uv_size": [1.98215, 1.03704]},
								"west": {"uv": [58, 37], "uv_size": [2, -1]},
								"up": {"uv": [60, 35], "uv_size": [-2, 2]}
							}
						}
					]
				},
				{
					"name": "Eye6",
					"parent": "armorBody",
					"pivot": [-4.02499, 24.61268, 0.67451],
					"rotation": [2.5, -11, 0],
					"cubes": [
						{
							"origin": [-4.27663, 24.42011, -0.69496],
							"size": [0.41429, 0.23016, 0.3836],
							"uv": {
								"north": {"uv": [60, 48], "uv_size": [0, 0]},
								"east": {"uv": [60, 48], "uv_size": [0, 0]},
								"south": {"uv": [60, 48], "uv_size": [0, 0]},
								"west": {"uv": [60, 48], "uv_size": [0, 0]},
								"up": {"uv": [60, 48], "uv_size": [0, 0]},
								"down": {"uv": [60, 48], "uv_size": [0, 0]}
							}
						},
						{
							"origin": [-4.59275, 24.49683, 0.51348],
							"size": [1.32572, 0.54471, 0.23016],
							"uv": {
								"north": {"uv": [59, 46], "uv_size": [1, -1]},
								"east": {"uv": [59, 46], "uv_size": [1, -1]},
								"south": {"uv": [59, 46], "uv_size": [1, -1]},
								"west": {"uv": [59, 46], "uv_size": [1, -1]},
								"up": {"uv": [60, 45], "uv_size": [-1, 1]},
								"down": {"uv": [60, 45], "uv_size": [-1, 1]}
							}
						},
						{
							"origin": [-4.27663, 24.42011, 1.68336],
							"size": [0.41429, 0.23016, 0.3836],
							"uv": {
								"north": {"uv": [62, 49], "uv_size": [0, 0]},
								"east": {"uv": [62, 49], "uv_size": [0, 0]},
								"south": {"uv": [62, 49], "uv_size": [0, 0]},
								"west": {"uv": [62, 49], "uv_size": [0, 0]},
								"up": {"uv": [62, 49], "uv_size": [0, 0]},
								"down": {"uv": [62, 49], "uv_size": [0, 0]}
							}
						},
						{
							"origin": [-5.10519, 24.42011, -0.31136],
							"size": [2.15429, 0.23016, 1.99471],
							"uv": {
								"north": {"uv": [60, 44], "uv_size": [3, 2]},
								"east": {"uv": [60, 44], "uv_size": [3, 2]},
								"south": {"uv": [60, 44], "uv_size": [3, 2]},
								"west": {"uv": [60, 44], "uv_size": [3, 2]},
								"up": {"uv": [62, 42], "uv_size": [-2, 2]},
								"down": {"uv": [63, 46], "uv_size": [-3, -2]}
							}
						},
						{
							"origin": [-4.85662, 24.42011, -0.0812],
							"size": [1.65715, 0.53704, 1.5344],
							"uv": {
								"north": {"uv": [60, 37], "uv_size": [-2, -1]},
								"east": {"uv": [60, 35], "uv_size": [-2, 1]},
								"south": {"uv": [58, 35], "uv_size": [1.98215, 1.03704]},
								"west": {"uv": [58, 37], "uv_size": [2, -1]},
								"up": {"uv": [60, 35], "uv_size": [-2, 2]}
							}
						}
					]
				},
				{
					"name": "Eye7",
					"parent": "armorBody",
					"pivot": [3.3949, 22.02428, 3.42885],
					"rotation": [-90, 2.5, -107.5],
					"cubes": [
						{
							"origin": [3.07705, 21.76614, 1.54745],
							"size": [0.56757, 0.31532, 0.52553],
							"uv": {
								"north": {"uv": [63, 49], "uv_size": [0, 0]},
								"east": {"uv": [63, 49], "uv_size": [0, 0]},
								"south": {"uv": [63, 49], "uv_size": [0, 0]},
								"west": {"uv": [63, 49], "uv_size": [0, 0]},
								"up": {"uv": [63, 49], "uv_size": [0, 0]},
								"down": {"uv": [63, 49], "uv_size": [0, 0]}
							}
						},
						{
							"origin": [2.50949, 21.84286, 3.22915],
							"size": [1.81624, 0.74626, 0.31532],
							"uv": {
								"north": {"uv": [59, 45], "uv_size": [1, 1]},
								"east": {"uv": [59, 45], "uv_size": [1, 1]},
								"south": {"uv": [59, 45], "uv_size": [1, 1]},
								"west": {"uv": [59, 45], "uv_size": [1, 1]},
								"up": {"uv": [60, 46], "uv_size": [-1, -1]},
								"down": {"uv": [60, 46], "uv_size": [-1, -1]}
							}
						},
						{
							"origin": [3.07705, 21.76614, 4.80574],
							"size": [0.56757, 0.31532, 0.52553],
							"uv": {
								"north": {"uv": [58, 45], "uv_size": [1, 1]},
								"east": {"uv": [58, 45], "uv_size": [1, 1]},
								"south": {"uv": [58, 45], "uv_size": [1, 1]},
								"west": {"uv": [58, 45], "uv_size": [1, 1]},
								"up": {"uv": [59, 46], "uv_size": [-1, -1]},
								"down": {"uv": [59, 46], "uv_size": [-1, -1]}
							}
						},
						{
							"origin": [1.94191, 21.76614, 2.07299],
							"size": [2.95139, 0.31532, 2.73276],
							"uv": {
								"north": {"uv": [60, 44], "uv_size": [3, 2]},
								"east": {"uv": [60, 44], "uv_size": [3, 2]},
								"south": {"uv": [60, 44], "uv_size": [3, 2]},
								"west": {"uv": [60, 44], "uv_size": [3, 2]},
								"up": {"uv": [61, 61], "uv_size": [-3, 3]},
								"down": {"uv": [63, 46], "uv_size": [-3, -2]}
							}
						},
						{
							"origin": [2.28245, 21.76614, 2.3883],
							"size": [2.27029, 0.73575, 2.10213],
							"uv": {
								"north": {"uv": [60, 37], "uv_size": [-2, -1]},
								"east": {"uv": [60, 35], "uv_size": [-2, 1]},
								"south": {"uv": [58, 35], "uv_size": [2.02029, 0.98575]},
								"west": {"uv": [59, 37], "uv_size": [-2, -1]},
								"up": {"uv": [60, 35], "uv_size": [-2, 2]}
							}
						}
					]
				},
				{
					"name": "Eye8",
					"parent": "armorBody",
					"pivot": [-3.50803, 22.29398, 3.3494],
					"rotation": [-90, 2.5, -77.5],
					"cubes": [
						{
							"origin": [-3.78138, 22.06983, 1.73139],
							"size": [0.48812, 0.27118, 0.45196],
							"uv": {
								"north": {"uv": [62, 48], "uv_size": [0, 0]},
								"east": {"uv": [62, 48], "uv_size": [0, 0]},
								"south": {"uv": [62, 48], "uv_size": [0, 0]},
								"west": {"uv": [62, 48], "uv_size": [0, 0]},
								"up": {"uv": [62, 48], "uv_size": [0, 0]},
								"down": {"uv": [62, 48], "uv_size": [0, 0]}
							}
						},
						{
							"origin": [-4.26948, 22.14655, 3.17765],
							"size": [1.56195, 0.64178, 0.27117],
							"uv": {
								"north": {"uv": [59, 46], "uv_size": [1, -1]},
								"east": {"uv": [59, 46], "uv_size": [1, -1]},
								"south": {"uv": [59, 46], "uv_size": [1, -1]},
								"west": {"uv": [59, 46], "uv_size": [1, -1]},
								"up": {"uv": [60, 45], "uv_size": [-1, 1]},
								"down": {"uv": [60, 45], "uv_size": [-1, 1]}
							}
						},
						{
							"origin": [-3.78138, 22.06983, 4.53353],
							"size": [0.48812, 0.27118, 0.45195],
							"uv": {
								"north": {"uv": [63, 48], "uv_size": [0, 0]},
								"east": {"uv": [63, 48], "uv_size": [0, 0]},
								"south": {"uv": [63, 48], "uv_size": [0, 0]},
								"west": {"uv": [63, 48], "uv_size": [0, 0]},
								"up": {"uv": [63, 48], "uv_size": [0, 0]},
								"down": {"uv": [63, 48], "uv_size": [0, 0]}
							}
						},
						{
							"origin": [-4.7576, 22.06983, 2.18335],
							"size": [2.53819, 0.27118, 2.35018],
							"uv": {
								"north": {"uv": [60, 44], "uv_size": [3, 2]},
								"east": {"uv": [60, 44], "uv_size": [3, 2]},
								"south": {"uv": [60, 44], "uv_size": [3, 2]},
								"west": {"uv": [60, 44], "uv_size": [3, 2]},
								"up": {"uv": [58, 61], "uv_size": [-3, 3]},
								"down": {"uv": [63, 46], "uv_size": [-3, -2]}
							}
						},
						{
							"origin": [-4.46474, 22.06983, 2.45452],
							"size": [1.95246, 0.63274, 1.80782],
							"uv": {
								"north": {"uv": [60, 37], "uv_size": [-2, -1]},
								"east": {"uv": [60, 35], "uv_size": [-2, 1]},
								"south": {"uv": [58, 35], "uv_size": [2.00246, 0.95774]},
								"west": {"uv": [58, 37], "uv_size": [2, -1]},
								"up": {"uv": [60, 35], "uv_size": [-2, 2]}
							}
						}
					]
				},
				{
					"name": "Eye9",
					"parent": "armorBody",
					"pivot": [0.22841, 19.773, 3.51968],
					"rotation": [-90, 2.5, -77.5],
					"cubes": [
						{
							"origin": [-0.01213, 19.57391, 2.09584],
							"size": [0.42953, 0.23863, 0.39772],
							"uv": {
								"north": {"uv": [62, 47], "uv_size": [0, 0]},
								"east": {"uv": [62, 47], "uv_size": [0, 0]},
								"south": {"uv": [62, 47], "uv_size": [0, 0]},
								"west": {"uv": [62, 47], "uv_size": [0, 0]},
								"up": {"uv": [62, 47], "uv_size": [0, 0]},
								"down": {"uv": [62, 47], "uv_size": [0, 0]}
							}
						},
						{
							"origin": [-0.44167, 19.65063, 3.36855],
							"size": [1.37452, 0.56476, 0.23863],
							"uv": {
								"north": {"uv": [59, 46], "uv_size": [1, -1]},
								"east": {"uv": [59, 46], "uv_size": [1, -1]},
								"south": {"uv": [59, 46], "uv_size": [1, -1]},
								"west": {"uv": [59, 46], "uv_size": [1, -1]},
								"up": {"uv": [60, 45], "uv_size": [-1, 1]},
								"down": {"uv": [60, 45], "uv_size": [-1, 1]}
							}
						},
						{
							"origin": [-0.01213, 19.57391, 4.56171],
							"size": [0.42953, 0.23863, 0.39772],
							"uv": {
								"north": {"uv": [62, 48], "uv_size": [0, 0]},
								"east": {"uv": [62, 48], "uv_size": [0, 0]},
								"south": {"uv": [62, 48], "uv_size": [0, 0]},
								"west": {"uv": [62, 48], "uv_size": [0, 0]},
								"up": {"uv": [62, 48], "uv_size": [0, 0]},
								"down": {"uv": [62, 48], "uv_size": [0, 0]}
							}
						},
						{
							"origin": [-0.87121, 19.57391, 2.49356],
							"size": [2.23361, 0.23863, 2.06816],
							"uv": {
								"north": {"uv": [60, 44], "uv_size": [3, 2]},
								"east": {"uv": [60, 44], "uv_size": [3, 2]},
								"south": {"uv": [60, 44], "uv_size": [3, 2]},
								"west": {"uv": [60, 44], "uv_size": [3, 2]},
								"up": {"uv": [62, 42], "uv_size": [-2, 2]},
								"down": {"uv": [63, 46], "uv_size": [-3, -2]}
							}
						},
						{
							"origin": [-0.61348, 19.57391, 2.73219],
							"size": [1.71815, 0.55681, 1.59089],
							"uv": {
								"north": {"uv": [60, 37], "uv_size": [-2, -1]},
								"east": {"uv": [60, 35], "uv_size": [-2, 1]},
								"south": {"uv": [58, 35], "uv_size": [1.96815, 1.05681]},
								"west": {"uv": [58, 37], "uv_size": [2, -1]},
								"up": {"uv": [60, 35], "uv_size": [-2, 2]}
							}
						}
					]
				},
				{
					"name": "Eye10",
					"parent": "armorBody",
					"pivot": [-3.86977, 19.29345, 3.56967],
					"rotation": [-90.85553, 2.34914, -97.51754],
					"cubes": [
						{
							"origin": [-4.11031, 19.07901, 2.14583],
							"size": [0.42954, 0.23863, 0.39772],
							"uv": {
								"north": {"uv": [61, 47], "uv_size": [0, 0]},
								"east": {"uv": [61, 47], "uv_size": [0, 0]},
								"south": {"uv": [61, 47], "uv_size": [0, 0]},
								"west": {"uv": [61, 47], "uv_size": [0, 0]},
								"up": {"uv": [61, 47], "uv_size": [0, 0]},
								"down": {"uv": [61, 47], "uv_size": [0, 0]}
							}
						},
						{
							"origin": [-4.53985, 19.23246, 3.41854],
							"size": [1.37452, 0.56476, 0.23863],
							"uv": {
								"north": {"uv": [59, 46], "uv_size": [1, -1]},
								"east": {"uv": [59, 46], "uv_size": [1, -1]},
								"south": {"uv": [59, 46], "uv_size": [1, -1]},
								"west": {"uv": [59, 46], "uv_size": [1, -1]},
								"up": {"uv": [60, 45], "uv_size": [-1, 1]},
								"down": {"uv": [60, 45], "uv_size": [-1, 1]}
							}
						},
						{
							"origin": [-4.11031, 19.07901, 4.6117],
							"size": [0.42954, 0.23863, 0.39772],
							"uv": {
								"north": {"uv": [62, 47], "uv_size": [0, 0]},
								"east": {"uv": [62, 47], "uv_size": [0, 0]},
								"south": {"uv": [62, 47], "uv_size": [0, 0]},
								"west": {"uv": [62, 47], "uv_size": [0, 0]},
								"up": {"uv": [62, 47], "uv_size": [0, 0]},
								"down": {"uv": [62, 47], "uv_size": [0, 0]}
							}
						},
						{
							"origin": [-4.96939, 19.07901, 2.54355],
							"size": [2.23361, 0.23863, 2.06816],
							"uv": {
								"north": {"uv": [60, 44], "uv_size": [3, 2]},
								"east": {"uv": [60, 44], "uv_size": [3, 2]},
								"south": {"uv": [60, 44], "uv_size": [3, 2]},
								"west": {"uv": [60, 44], "uv_size": [3, 2]},
								"up": {"uv": [62, 42], "uv_size": [-2, 2]},
								"down": {"uv": [63, 46], "uv_size": [-3, -2]}
							}
						},
						{
							"origin": [-4.71165, 19.07901, 2.78218],
							"size": [1.71815, 0.55681, 1.59089],
							"uv": {
								"north": {"uv": [60, 37], "uv_size": [-2, -1]},
								"east": {"uv": [60, 35], "uv_size": [-2, 1]},
								"south": {"uv": [58, 35], "uv_size": [1.96815, 0.98181]},
								"west": {"uv": [58, 37], "uv_size": [2, -1]},
								"up": {"uv": [60, 35], "uv_size": [-2, 2]}
							}
						}
					]
				},
				{
					"name": "Eye15",
					"parent": "armorBody",
					"pivot": [-0.2457, 20.27827, -1.83723],
					"rotation": [93, 0, 0],
					"cubes": [
						{
							"origin": [2.97077, 19.21861, -1.38344],
							"size": [0.43459, 0.51762, 0.786],
							"pivot": [0.02491, 29.46372, -1.02881],
							"rotation": [0, 90, 0],
							"uv": {
								"north": {"uv": [61, 48], "uv_size": [0, 0]},
								"east": {"uv": [62, 48], "uv_size": [-1, 0]},
								"south": {"uv": [62, 48], "uv_size": [0, 0]},
								"west": {"uv": [61, 48], "uv_size": [-1, 0]},
								"up": {"uv": [61, 47], "uv_size": [0, 1]},
								"down": {"uv": [61, 48], "uv_size": [0, -1]}
							}
						},
						{
							"origin": [1.47934, 19.37205, 0.82159],
							"size": [3.08602, 1.01763, 0.47912],
							"pivot": [0.02491, 29.61716, 1.02279],
							"rotation": [0, 90, 0],
							"uv": {
								"north": {"uv": [59, 45], "uv_size": [1, 1]},
								"east": {"uv": [59, 45], "uv_size": [1, 1]},
								"south": {"uv": [59, 45], "uv_size": [1, 1]},
								"west": {"uv": [59, 45], "uv_size": [1, 1]},
								"up": {"uv": [60, 46], "uv_size": [-1, -1]},
								"down": {"uv": [60, 46], "uv_size": [-1, -1]}
							}
						},
						{
							"origin": [-2.64023, 19.21861, -2.13344],
							"size": [0.76601, 0.51762, 0.786],
							"pivot": [0.02491, 29.46372, -1.77881],
							"rotation": [0, 90, 0],
							"uv": {
								"north": {"uv": [60, 45], "uv_size": [2, 4]},
								"east": {"uv": [63, 46], "uv_size": [-3, 3]},
								"south": {"uv": [63, 49], "uv_size": [0, 0]},
								"west": {"uv": [62, 49], "uv_size": [-3, -3]},
								"up": {"uv": [60, 40], "uv_size": [-2, 3]},
								"down": {"uv": [59, 50], "uv_size": [3, -2]}
							}
						},
						{
							"origin": [-2.64614, 19.21861, -4.03566],
							"size": [5.42499, 0.51762, 4.4861],
							"uv": {
								"north": {"uv": [55, 63.825], "uv_size": [-3, -0.7]},
								"east": {"uv": [57.8, 64], "uv_size": [-3, -0.7]},
								"south": {"uv": [55, 64], "uv_size": [-3, -0.7]},
								"west": {"uv": [59, 64], "uv_size": [-5, -0.7]},
								"up": {"uv": [54, 59.05], "uv_size": [6, 4.95]},
								"down": {"uv": [54, 59.05], "uv_size": [6, 4.95]}
							}
						},
						{
							"origin": [-2.24614, 17.71861, -3.73566],
							"size": [4.62499, 1.61762, 3.9861],
							"uv": {
								"north": {"uv": [5, 24], "uv_size": [-5, -3]},
								"east": {"uv": [60, 53], "uv_size": [-6, 3]},
								"south": {"uv": [5, 24], "uv_size": [-5, -3]},
								"west": {"uv": [60, 53], "uv_size": [-6, 3]},
								"up": {"uv": [60, 59], "uv_size": [-6, 5]},
								"down": {"uv": [5, 16], "uv_size": [4, 5]}
							}
						},
						{
							"origin": [-2.08711, 18.60485, -3.59476],
							"size": [4.30692, 1.70778, 3.6043],
							"uv": {
								"north": {"uv": [26, 63], "uv_size": [-4, 1]},
								"east": {"uv": [30, 63], "uv_size": [-4, 1]},
								"south": {"uv": [34, 63], "uv_size": [-4, 1]},
								"west": {"uv": [30, 63], "uv_size": [-4, 1]},
								"up": {"uv": [26, 59], "uv_size": [-4, 4]},
								"down": {"uv": [30, 63], "uv_size": [-4, -4]}
							}
						}
					]
				},
				{
					"name": "String",
					"parent": "Eye15",
					"pivot": [-2.10876, 25.6486, -1.86949],
					"cubes": [
						{
							"origin": [9.40837, 20.64286, -1.00686],
							"size": [0, 1.71762, 5.0861],
							"pivot": [0.30876, 25.5486, 1.48619],
							"rotation": [90, 27.5, 90],
							"uv": {
								"north": {"uv": [5, 24], "uv_size": [-5, -3]},
								"east": {"uv": [4, 48], "uv_size": [-4, 1]},
								"south": {"uv": [5, 24], "uv_size": [-5, -3]},
								"up": {"uv": [60, 59], "uv_size": [-6, 5]},
								"down": {"uv": [5, 16], "uv_size": [4, 5]}
							}
						},
						{
							"origin": [8.52505, 20.31441, -6.56254],
							"size": [0, 1.11762, 5.0861],
							"pivot": [-0.09124, 25.5486, -3.96949],
							"rotation": [-90, -27.5, 90],
							"uv": {
								"north": {"uv": [0, 24], "uv_size": [5, -3]},
								"east": {"uv": [0, 48], "uv_size": [4, 1]},
								"south": {"uv": [0, 24], "uv_size": [5, -3]},
								"up": {"uv": [60, 64], "uv_size": [-6, -5]},
								"down": {"uv": [5, 21], "uv_size": [4, -5]}
							}
						},
						{
							"origin": [10.65063, 20.4909, -3.03166],
							"size": [0, 1.11762, 5.0861],
							"pivot": [2.10876, 25.6486, -1.86949],
							"rotation": [-178.56032, -6.86823, 119.78971],
							"uv": {
								"north": {"uv": [0, 24], "uv_size": [5, -3]},
								"east": {"uv": [0, 48], "uv_size": [4, 1]},
								"south": {"uv": [0, 24], "uv_size": [5, -3]},
								"up": {"uv": [60, 64], "uv_size": [-6, -5]},
								"down": {"uv": [5, 21], "uv_size": [4, -5]}
							}
						},
						{
							"origin": [-10.65063, 20.4909, -3.03166],
							"size": [0, 1.11762, 5.0861],
							"pivot": [-2.10876, 25.6486, -1.86949],
							"rotation": [-178.56032, 6.86823, -119.78971],
							"uv": {
								"north": {"uv": [5, 24], "uv_size": [-5, -3]},
								"south": {"uv": [5, 24], "uv_size": [-5, -3]},
								"west": {"uv": [4, 48], "uv_size": [-4, 1]},
								"up": {"uv": [54, 64], "uv_size": [6, -5]},
								"down": {"uv": [9, 21], "uv_size": [-4, -5]}
							}
						}
					]
				},
				{
					"name": "StringMain",
					"parent": "String",
					"pivot": [-0.57885, 28.96372, -1.71925],
					"cubes": [
						{
							"origin": [-3.32799, 16.29969, -2.18947],
							"size": [0, 2.91762, 3.5861],
							"pivot": [0.57885, 28.96372, -0.41925],
							"rotation": [97.27481, -69.85071, -96.83392],
							"uv": {
								"north": {"uv": [5, 24], "uv_size": [-5, -3]},
								"east": {"uv": [4, 41], "uv_size": [-4, 8]},
								"south": {"uv": [5, 24], "uv_size": [-5, -3]},
								"up": {"uv": [60, 59], "uv_size": [-6, 5]},
								"down": {"uv": [5, 16], "uv_size": [4, 5]}
							}
						},
						{
							"origin": [2.31781, 15.82889, -4.38825],
							"size": [0, 2.91762, 3.5861],
							"pivot": [-0.17885, 28.96372, -2.21925],
							"rotation": [-93.71253, -72.45238, 95.75683],
							"uv": {
								"north": {"uv": [0, 24], "uv_size": [5, -3]},
								"south": {"uv": [0, 24], "uv_size": [5, -3]},
								"west": {"uv": [4, 41], "uv_size": [-4, 8]},
								"up": {"uv": [54, 59], "uv_size": [6, 5]},
								"down": {"uv": [9, 16], "uv_size": [-4, 5]}
							}
						},
						{
							"origin": [-1.58258, 15.75533, -3.63566],
							"size": [0, 2.91762, 3.5861],
							"pivot": [0.57885, 28.96372, -1.31925],
							"rotation": [0, 0, -12.5],
							"uv": {
								"north": {"uv": [5, 24], "uv_size": [-5, -3]},
								"east": {"uv": [4, 41], "uv_size": [-4, 8]},
								"south": {"uv": [5, 24], "uv_size": [-5, -3]},
								"up": {"uv": [60, 59], "uv_size": [-6, 5]},
								"down": {"uv": [5, 16], "uv_size": [4, 5]}
							}
						},
						{
							"origin": [1.58258, 15.77042, -2.7586],
							"size": [0, 2.91762, 3.5861],
							"pivot": [-0.57885, 28.96372, -1.71925],
							"rotation": [-7.5, 0, 12.5],
							"uv": {
								"north": {"uv": [0, 24], "uv_size": [5, -3]},
								"south": {"uv": [0, 24], "uv_size": [5, -3]},
								"west": {"uv": [4, 41], "uv_size": [-4, 8]},
								"up": {"uv": [54, 59], "uv_size": [6, 5]},
								"down": {"uv": [9, 16], "uv_size": [-4, 5]}
							}
						}
					]
				},
				{
					"name": "armorLeftArm",
					"pivot": [5.63981, 22.0583, 0.61376],
					"rotation": [7.31594, 2.15393, -9.76758]
				},
				{
					"name": "UpperArm2",
					"parent": "armorLeftArm",
					"pivot": [6.89886, 23.93057, 1.48135],
					"rotation": [0, 0, -2.5],
					"cubes": [
						{
							"origin": [2.92794, 19.49631, -1.21065],
							"size": [4.72288, 4.6032, 4.14287],
							"pivot": [6.87601, 22.48083, 0.55542],
							"rotation": [0, 0, -45],
							"uv": {
								"north": {"uv": [5, 21], "uv_size": [5.7, 6]},
								"east": {"uv": [0, 21], "uv_size": [5, 6]},
								"south": {"uv": [14, 21], "uv_size": [5.7, 6]},
								"west": {"uv": [10, 21], "uv_size": [5, 6]},
								"up": {"uv": [5, 16], "uv_size": [4.5, 4.7]},
								"down": {"uv": [10, 21], "uv_size": [5, -5]}
							}
						},
						{
							"origin": [5.0681, 13.41537, -0.97409],
							"size": [4.06002, 7.82543, 3.37568],
							"pivot": [9.68517, 19.50595, 0.5589],
							"rotation": [-5.20328, 4.7731, -2.28054],
							"uv": {
								"north": {"uv": [5, 4], "uv_size": [4.9, 10.2]},
								"east": {"uv": [1, 4], "uv_size": [3.9, 10.1]},
								"south": {"uv": [12, 4], "uv_size": [4.9, 10.2]},
								"west": {"uv": [9, 4], "uv_size": [3.9, 10.3]},
								"up": {"uv": [5, 0], "uv_size": [4, 4]},
								"down": {"uv": [9, 4], "uv_size": [4, -4]}
							}
						}
					]
				},
				{
					"name": "HalfArm2",
					"parent": "UpperArm2",
					"pivot": [8.85661, 13.5218, -0.51517],
					"rotation": [0, 0, 12.5],
					"cubes": [
						{
							"origin": [9.03704, 4.34267, -0.44985],
							"size": [1.07715, 1.918, 0.99736],
							"pivot": [13.57948, 19.81283, 0.9425],
							"rotation": [-21.40262, 16.6686, 4.36454],
							"uv": {
								"north": {"uv": [17, 12], "uv_size": [1, 2]},
								"east": {"uv": [16, 12], "uv_size": [1, 2]},
								"south": {"uv": [19, 12], "uv_size": [1, 2]},
								"west": {"uv": [18, 12], "uv_size": [1, 2]},
								"up": {"uv": [17, 11], "uv_size": [1, 1]},
								"down": {"uv": [18, 12], "uv_size": [1, -1]}
							}
						},
						{
							"origin": [7.35831, 3.96331, 0.01047],
							"size": [2.90002, 2.83864, 2.60847],
							"pivot": [11.92233, 19.58267, 1.17266],
							"rotation": [-23.29535, 13.81286, -2.82454],
							"uv": {
								"north": {"uv": [23, 14], "uv_size": [3, 3]},
								"east": {"uv": [20, 14], "uv_size": [3, 3]},
								"south": {"uv": [29, 14], "uv_size": [3, 3]},
								"west": {"uv": [26, 14], "uv_size": [3, 3]},
								"up": {"uv": [23, 11], "uv_size": [3, 3]},
								"down": {"uv": [26, 14], "uv_size": [3, -3]}
							}
						},
						{
							"origin": [4.32802, 5.89204, 0.63536],
							"size": [4.80574, 7.67199, 4.52647],
							"pivot": [10.18233, 19.50595, 3.2441],
							"rotation": [-29.78922, 9.86042, -10.72897],
							"uv": {
								"north": {"uv": [20, 4], "uv_size": [5.8, 10]},
								"east": {"uv": [15, 32], "uv_size": [5.9, 10]},
								"south": {"uv": [58.2, 0], "uv_size": [5.8, 10]},
								"west": {"uv": [25, 4], "uv_size": [4, 7]},
								"up": {"uv": [20, 0], "uv_size": [4, 4]},
								"down": {"uv": [57, 33.9], "uv_size": [5.8, -5.9]}
							}
						}
					]
				},
				{
					"name": "Eye5",
					"parent": "HalfArm2",
					"pivot": [10.84809, 10.13167, -2.15611],
					"rotation": [10.93502, -12.42961, 76.56002],
					"cubes": [
						{
							"origin": [10.73403, 9.17826, -4.06065],
							"size": [0.50844, 0.28247, 0.47078],
							"uv": {
								"north": {"uv": [61, 47], "uv_size": [0, 0]},
								"east": {"uv": [61, 47], "uv_size": [0, 0]},
								"south": {"uv": [61, 47], "uv_size": [0, 0]},
								"west": {"uv": [61, 47], "uv_size": [0, 0]},
								"up": {"uv": [61, 47], "uv_size": [0, 0]},
								"down": {"uv": [61, 47], "uv_size": [0, 0]}
							}
						},
						{
							"origin": [10.14271, 9.25225, -2.54377],
							"size": [1.62702, 0.6685, 0.28247],
							"uv": {
								"north": {"uv": [60, 46], "uv_size": [-1, -1]},
								"east": {"uv": [60, 46], "uv_size": [-1, -1]},
								"south": {"uv": [60, 46], "uv_size": [-1, -1]},
								"west": {"uv": [60, 46], "uv_size": [-1, -1]},
								"up": {"uv": [59, 45], "uv_size": [1, 1]},
								"down": {"uv": [59, 45], "uv_size": [1, 1]}
							}
						},
						{
							"origin": [10.73403, 9.17826, -1.14183],
							"size": [0.50844, 0.28247, 0.47078],
							"uv": {
								"north": {"uv": [62, 46], "uv_size": [0, 0]},
								"east": {"uv": [62, 46], "uv_size": [0, 0]},
								"south": {"uv": [62, 46], "uv_size": [0, 0]},
								"west": {"uv": [62, 46], "uv_size": [0, 0]},
								"up": {"uv": [62, 46], "uv_size": [0, 0]},
								"down": {"uv": [62, 46], "uv_size": [0, 0]}
							}
						},
						{
							"origin": [9.61546, 9.17826, -3.58987],
							"size": [2.64389, 0.28247, 2.44804],
							"uv": {
								"north": {"uv": [60, 44], "uv_size": [3, 2]},
								"east": {"uv": [60, 44], "uv_size": [3, 2]},
								"south": {"uv": [60, 44], "uv_size": [3, 2]},
								"west": {"uv": [60, 44], "uv_size": [3, 2]},
								"up": {"uv": [55, 60], "uv_size": [3, 3]},
								"down": {"uv": [63, 46], "uv_size": [-3, -2]}
							}
						},
						{
							"origin": [9.73129, 9.17826, -2.8411],
							"size": [2.03376, 0.65908, 1.88311],
							"pivot": [10.84279, 10.32581, -2.13269],
							"rotation": [0, 180, 0],
							"uv": {
								"north": {"uv": [60, 36], "uv_size": [-2, 1]},
								"east": {"uv": [60, 36], "uv_size": [-2, -1]},
								"south": {"uv": [58, 35], "uv_size": [2.03376, 0.95908]},
								"west": {"uv": [59, 37], "uv_size": [-2, -1]},
								"up": {"uv": [60, 35], "uv_size": [-2, 2]}
							}
						}
					]
				},
				{
					"name": "Eye2",
					"parent": "UpperArm2",
					"pivot": [8.13022, 22.66774, 1.00949],
					"rotation": [0.99021, -12.71931, 45.04646],
					"cubes": [
						{
							"origin": [7.8895, 22.42359, -0.67642],
							"size": [0.50958, 0.28309, 0.47183],
							"uv": {
								"north": {"uv": [62, 48], "uv_size": [0, 0]},
								"east": {"uv": [62, 48], "uv_size": [0, 0]},
								"south": {"uv": [62, 48], "uv_size": [0, 0]},
								"west": {"uv": [62, 48], "uv_size": [0, 0]},
								"up": {"uv": [62, 48], "uv_size": [0, 0]},
								"down": {"uv": [62, 48], "uv_size": [0, 0]}
							}
						},
						{
							"origin": [7.27801, 22.50032, 0.83343],
							"size": [1.63064, 0.66999, 0.28309],
							"uv": {
								"north": {"uv": [60, 45], "uv_size": [-1, 1]},
								"east": {"uv": [60, 45], "uv_size": [-1, 1]},
								"south": {"uv": [60, 45], "uv_size": [-1, 1]},
								"west": {"uv": [60, 45], "uv_size": [-1, 1]},
								"up": {"uv": [59, 46], "uv_size": [1, -1]},
								"down": {"uv": [59, 46], "uv_size": [1, -1]}
							}
						},
						{
							"origin": [7.97202, 22.47772, 2.23277],
							"size": [0.50958, 0.28309, 0.47183],
							"uv": {
								"north": {"uv": [61, 48], "uv_size": [0, 0]},
								"east": {"uv": [61, 48], "uv_size": [0, 0]},
								"south": {"uv": [61, 48], "uv_size": [0, 0]},
								"west": {"uv": [61, 48], "uv_size": [0, 0]},
								"up": {"uv": [61, 48], "uv_size": [0, 0]},
								"down": {"uv": [61, 48], "uv_size": [0, 0]}
							}
						},
						{
							"origin": [6.76844, 22.42359, -0.20459],
							"size": [2.64978, 0.28309, 2.4535],
							"uv": {
								"north": {"uv": [60, 44], "uv_size": [3, 2]},
								"east": {"uv": [60, 44], "uv_size": [3, 2]},
								"south": {"uv": [60, 44], "uv_size": [3, 2]},
								"west": {"uv": [60, 44], "uv_size": [3, 2]},
								"up": {"uv": [53, 61], "uv_size": [3, 3]},
								"down": {"uv": [63, 46], "uv_size": [-3, -2]}
							}
						},
						{
							"origin": [7.23923, 22.42359, 0.04622],
							"size": [2.03828, 0.66056, 1.88732],
							"pivot": [8.17585, 22.808, 1.00602],
							"rotation": [0, 180, 0],
							"uv": {
								"north": {"uv": [60, 36], "uv_size": [-2, 1]},
								"east": {"uv": [60, 35], "uv_size": [-2, 1]},
								"south": {"uv": [58, 35], "uv_size": [1.98828, 1.01056]},
								"west": {"uv": [58, 37], "uv_size": [2, -1]},
								"up": {"uv": [60, 35], "uv_size": [-2, 2]}
							}
						}
					]
				},
				{
					"name": "Eye3",
					"parent": "UpperArm2",
					"pivot": [9.38367, 18.12622, 0.77892],
					"rotation": [5.89704, 3.68495, 87.91862],
					"cubes": [
						{
							"origin": [9.20138, 17.93366, -0.59436],
							"size": [0.41429, 0.23016, 0.3836],
							"uv": {
								"north": {"uv": [62, 49], "uv_size": [0, 0]},
								"east": {"uv": [62, 49], "uv_size": [0, 0]},
								"south": {"uv": [62, 49], "uv_size": [0, 0]},
								"west": {"uv": [62, 49], "uv_size": [0, 0]},
								"up": {"uv": [62, 49], "uv_size": [0, 0]},
								"down": {"uv": [62, 49], "uv_size": [0, 0]}
							}
						},
						{
							"origin": [8.70423, 18.01037, 0.63316],
							"size": [1.32572, 0.54472, 0.23016],
							"uv": {
								"north": {"uv": [60, 45], "uv_size": [-1, 1]},
								"east": {"uv": [60, 45], "uv_size": [-1, 1]},
								"south": {"uv": [60, 45], "uv_size": [-1, 1]},
								"west": {"uv": [60, 45], "uv_size": [-1, 1]},
								"up": {"uv": [59, 46], "uv_size": [1, -1]},
								"down": {"uv": [59, 46], "uv_size": [1, -1]}
							}
						},
						{
							"origin": [9.20138, 17.93366, 1.78395],
							"size": [0.41429, 0.23016, 0.3836],
							"uv": {
								"north": {"uv": [62, 47], "uv_size": [0, 0]},
								"east": {"uv": [62, 47], "uv_size": [0, 0]},
								"south": {"uv": [62, 47], "uv_size": [0, 0]},
								"west": {"uv": [62, 47], "uv_size": [0, 0]},
								"up": {"uv": [62, 47], "uv_size": [0, 0]},
								"down": {"uv": [62, 47], "uv_size": [0, 0]}
							}
						},
						{
							"origin": [8.28995, 17.93366, -0.21076],
							"size": [2.1543, 0.23016, 1.99471],
							"uv": {
								"north": {"uv": [60, 44], "uv_size": [3, 2]},
								"east": {"uv": [60, 44], "uv_size": [3, 2]},
								"south": {"uv": [60, 44], "uv_size": [3, 2]},
								"west": {"uv": [60, 44], "uv_size": [3, 2]},
								"up": {"uv": [60, 42], "uv_size": [2, 2]},
								"down": {"uv": [63, 46], "uv_size": [-3, -2]}
							}
						},
						{
							"origin": [8.58844, 17.93366, 0.0455],
							"size": [1.65715, 0.53704, 1.5344],
							"pivot": [9.39206, 18.29813, 0.79965],
							"rotation": [0, 180, 0],
							"uv": {
								"north": {"uv": [60, 36], "uv_size": [-2, 1]},
								"east": {"uv": [64, 36], "uv_size": [-2, 1]},
								"south": {"uv": [58, 35], "uv_size": [1.98215, 1.03704]},
								"west": {"uv": [59, 37], "uv_size": [-2, -1]},
								"up": {"uv": [60, 35], "uv_size": [-2, 2]}
							}
						}
					]
				},
				{
					"name": "Eye4",
					"parent": "UpperArm2",
					"pivot": [9.56761, 15.34904, 0.60155],
					"rotation": [4.65266, -13.46066, 86.7092],
					"cubes": [
						{
							"origin": [9.38014, 15.15724, -0.77144],
							"size": [0.41429, 0.23016, 0.3836],
							"uv": {
								"north": {"uv": [62, 49], "uv_size": [0, 0]},
								"east": {"uv": [62, 49], "uv_size": [0, 0]},
								"south": {"uv": [62, 49], "uv_size": [0, 0]},
								"west": {"uv": [62, 49], "uv_size": [0, 0]},
								"up": {"uv": [62, 49], "uv_size": [0, 0]},
								"down": {"uv": [62, 49], "uv_size": [0, 0]}
							}
						},
						{
							"origin": [8.90887, 15.23011, 0.45463],
							"size": [1.32572, 0.54471, 0.23016],
							"uv": {
								"north": {"uv": [59, 46], "uv_size": [1, -1]},
								"east": {"uv": [59, 46], "uv_size": [1, -1]},
								"south": {"uv": [59, 46], "uv_size": [1, -1]},
								"west": {"uv": [59, 46], "uv_size": [1, -1]},
								"up": {"uv": [60, 45], "uv_size": [-1, 1]},
								"down": {"uv": [60, 45], "uv_size": [-1, 1]}
							}
						},
						{
							"origin": [9.38014, 15.15724, 1.60688],
							"size": [0.41429, 0.23016, 0.3836],
							"uv": {
								"north": {"uv": [62, 48], "uv_size": [0, 0]},
								"east": {"uv": [62, 48], "uv_size": [0, 0]},
								"south": {"uv": [62, 48], "uv_size": [0, 0]},
								"west": {"uv": [62, 48], "uv_size": [0, 0]},
								"up": {"uv": [62, 48], "uv_size": [0, 0]},
								"down": {"uv": [62, 48], "uv_size": [0, 0]}
							}
						},
						{
							"origin": [8.46871, 15.08224, -0.38784],
							"size": [2.1543, 0.23016, 1.99471],
							"uv": {
								"north": {"uv": [60, 44], "uv_size": [3, 2]},
								"east": {"uv": [60, 44], "uv_size": [3, 2]},
								"south": {"uv": [60, 44], "uv_size": [3, 2]},
								"west": {"uv": [60, 44], "uv_size": [3, 2]},
								"up": {"uv": [60, 42], "uv_size": [2, 2]},
								"down": {"uv": [63, 46], "uv_size": [-3, -2]}
							}
						},
						{
							"origin": [8.77078, 15.15724, -0.14334],
							"size": [1.65715, 0.53704, 1.5344],
							"pivot": [9.57261, 15.52185, 0.61669],
							"rotation": [0, 180, 0],
							"uv": {
								"north": {"uv": [60, 37], "uv_size": [-2, -1]},
								"east": {"uv": [60, 35], "uv_size": [-2, 1]},
								"south": {"uv": [58, 35], "uv_size": [2.00715, 1.03704]},
								"west": {"uv": [59, 37], "uv_size": [-2, -1]},
								"up": {"uv": [60, 35], "uv_size": [-2, 2]}
							}
						}
					]
				},
				{
					"name": "armorRightArm",
					"pivot": [-5.3731, 22.0583, 0.61376],
					"rotation": [7.31594, -2.15393, 9.76758]
				},
				{
					"name": "UpperArm3",
					"parent": "armorRightArm",
					"pivot": [-5.87837, 23.88732, 0.48513],
					"rotation": [0, 0, 2.5],
					"cubes": [
						{
							"origin": [-7.63033, 19.45306, -1.20687],
							"size": [4.72288, 4.6032, 4.14287],
							"pivot": [-6.85552, 22.43758, 0.5592],
							"rotation": [0, 0, 45],
							"uv": {
								"north": {"uv": [10.7, 21], "uv_size": [-5.7, 6]},
								"east": {"uv": [15, 21], "uv_size": [-5, 6]},
								"south": {"uv": [19.7, 21], "uv_size": [-5.7, 6]},
								"west": {"uv": [5, 21], "uv_size": [-5, 6]},
								"up": {"uv": [10, 16], "uv_size": [-5, 5]},
								"down": {"uv": [15, 21], "uv_size": [-5, -5]}
							}
						},
						{
							"origin": [-9.10763, 13.37212, -0.97031],
							"size": [4.06002, 7.82543, 3.37568],
							"pivot": [-9.66468, 19.4627, 0.56268],
							"rotation": [-5.20328, -4.7731, 2.28054],
							"uv": {
								"north": {"uv": [9.9, 4], "uv_size": [-4.9, 10.2]},
								"east": {"uv": [13, 4], "uv_size": [-4, 12]},
								"south": {"uv": [16.9, 4], "uv_size": [-4.9, 10.2]},
								"west": {"uv": [5, 4], "uv_size": [-4, 12]},
								"up": {"uv": [9, 0], "uv_size": [-4, 4]},
								"down": {"uv": [13, 4], "uv_size": [-4, -4]}
							}
						}
					]
				},
				{
					"name": "Eye11",
					"parent": "UpperArm3",
					"pivot": [-8.18783, 22.60723, 1.01448],
					"rotation": [0.99021, 12.71931, -45.04646],
					"cubes": [
						{
							"origin": [-8.39068, 22.31977, -0.65852],
							"size": [0.50958, 0.28309, 0.47183],
							"uv": {
								"north": {"uv": [62, 48], "uv_size": [0, 0]},
								"east": {"uv": [62, 48], "uv_size": [0, 0]},
								"south": {"uv": [62, 48], "uv_size": [0, 0]},
								"west": {"uv": [62, 48], "uv_size": [0, 0]},
								"up": {"uv": [62, 48], "uv_size": [0, 0]},
								"down": {"uv": [62, 48], "uv_size": [0, 0]}
							}
						},
						{
							"origin": [-8.90024, 22.3965, 0.85133],
							"size": [1.63064, 0.66999, 0.28309],
							"uv": {
								"north": {"uv": [59, 45], "uv_size": [1, 1]},
								"east": {"uv": [59, 45], "uv_size": [1, 1]},
								"south": {"uv": [59, 45], "uv_size": [1, 1]},
								"west": {"uv": [59, 45], "uv_size": [1, 1]},
								"up": {"uv": [60, 46], "uv_size": [-1, -1]},
								"down": {"uv": [60, 46], "uv_size": [-1, -1]}
							}
						},
						{
							"origin": [-8.39068, 22.31977, 2.26681],
							"size": [0.50958, 0.28309, 0.47183],
							"uv": {
								"north": {"uv": [61, 48], "uv_size": [0, 0]},
								"east": {"uv": [61, 48], "uv_size": [0, 0]},
								"south": {"uv": [61, 48], "uv_size": [0, 0]},
								"west": {"uv": [61, 48], "uv_size": [0, 0]},
								"up": {"uv": [61, 48], "uv_size": [0, 0]},
								"down": {"uv": [61, 48], "uv_size": [0, 0]}
							}
						},
						{
							"origin": [-9.40982, 22.31977, -0.18669],
							"size": [2.64978, 0.28309, 2.4535],
							"uv": {
								"north": {"uv": [60, 44], "uv_size": [3, 2]},
								"east": {"uv": [60, 44], "uv_size": [3, 2]},
								"south": {"uv": [60, 44], "uv_size": [3, 2]},
								"west": {"uv": [60, 44], "uv_size": [3, 2]},
								"up": {"uv": [56, 61], "uv_size": [-3, 3]},
								"down": {"uv": [63, 46], "uv_size": [-3, -2]}
							}
						},
						{
							"origin": [-9.10407, 22.31977, 0.0964],
							"size": [2.03828, 0.66056, 1.88732],
							"uv": {
								"north": {"uv": [60, 37], "uv_size": [-2, -1]},
								"east": {"uv": [60, 35], "uv_size": [-2, 1]},
								"south": {"uv": [58, 35], "uv_size": [2.03828, 0.98556]},
								"west": {"uv": [58, 37], "uv_size": [2, -1]},
								"up": {"uv": [60, 35], "uv_size": [-2, 2]}
							}
						}
					]
				},
				{
					"name": "Eye12",
					"parent": "UpperArm3",
					"pivot": [-9.33832, 18.0819, 0.78526],
					"rotation": [5.89704, -3.68495, -87.91862],
					"cubes": [
						{
							"origin": [-9.57032, 17.88933, -0.58802],
							"size": [0.41429, 0.23016, 0.3836],
							"uv": {
								"north": {"uv": [62, 49], "uv_size": [0, 0]},
								"east": {"uv": [62, 49], "uv_size": [0, 0]},
								"south": {"uv": [62, 49], "uv_size": [0, 0]},
								"west": {"uv": [62, 49], "uv_size": [0, 0]},
								"up": {"uv": [62, 49], "uv_size": [0, 0]},
								"down": {"uv": [62, 49], "uv_size": [0, 0]}
							}
						},
						{
							"origin": [-9.98461, 17.96604, 0.6395],
							"size": [1.32572, 0.54472, 0.23016],
							"uv": {
								"north": {"uv": [59, 45], "uv_size": [1, 1]},
								"east": {"uv": [59, 45], "uv_size": [1, 1]},
								"south": {"uv": [59, 45], "uv_size": [1, 1]},
								"west": {"uv": [59, 45], "uv_size": [1, 1]},
								"up": {"uv": [60, 46], "uv_size": [-1, -1]},
								"down": {"uv": [60, 46], "uv_size": [-1, -1]}
							}
						},
						{
							"origin": [-9.57032, 17.88933, 1.79029],
							"size": [0.41429, 0.23016, 0.3836],
							"uv": {
								"north": {"uv": [62, 47], "uv_size": [0, 0]},
								"east": {"uv": [62, 47], "uv_size": [0, 0]},
								"south": {"uv": [62, 47], "uv_size": [0, 0]},
								"west": {"uv": [62, 47], "uv_size": [0, 0]},
								"up": {"uv": [62, 47], "uv_size": [0, 0]},
								"down": {"uv": [62, 47], "uv_size": [0, 0]}
							}
						},
						{
							"origin": [-10.3989, 17.88933, -0.20442],
							"size": [2.1543, 0.23016, 1.99471],
							"uv": {
								"north": {"uv": [60, 44], "uv_size": [3, 2]},
								"east": {"uv": [60, 44], "uv_size": [3, 2]},
								"south": {"uv": [60, 44], "uv_size": [3, 2]},
								"west": {"uv": [60, 44], "uv_size": [3, 2]},
								"up": {"uv": [62, 42], "uv_size": [-2, 2]},
								"down": {"uv": [63, 46], "uv_size": [-3, -2]}
							}
						},
						{
							"origin": [-10.15033, 17.88933, 0.02574],
							"size": [1.65715, 0.53704, 1.5344],
							"uv": {
								"north": {"uv": [60, 37], "uv_size": [-2, -1]},
								"east": {"uv": [60, 35], "uv_size": [-2, 1]},
								"south": {"uv": [58, 35], "uv_size": [2.00715, 0.96204]},
								"west": {"uv": [58, 37], "uv_size": [2, -1]},
								"up": {"uv": [60, 35], "uv_size": [-2, 2]}
							}
						}
					]
				},
				{
					"name": "Eye13",
					"parent": "UpperArm3",
					"pivot": [-9.42345, 15.30319, 0.62416],
					"rotation": [5.40266, 13.46066, -86.7092],
					"cubes": [
						{
							"origin": [-9.65027, 15.11139, -0.74884],
							"size": [0.41429, 0.23016, 0.3836],
							"uv": {
								"north": {"uv": [62, 49], "uv_size": [0, 0]},
								"east": {"uv": [62, 49], "uv_size": [0, 0]},
								"south": {"uv": [62, 49], "uv_size": [0, 0]},
								"west": {"uv": [62, 49], "uv_size": [0, 0]},
								"up": {"uv": [62, 49], "uv_size": [0, 0]},
								"down": {"uv": [62, 49], "uv_size": [0, 0]}
							}
						},
						{
							"origin": [-10.09044, 15.18426, 0.47723],
							"size": [1.32572, 0.54471, 0.23016],
							"uv": {
								"north": {"uv": [59, 46], "uv_size": [1, -1]},
								"east": {"uv": [59, 46], "uv_size": [1, -1]},
								"south": {"uv": [59, 46], "uv_size": [1, -1]},
								"west": {"uv": [59, 46], "uv_size": [1, -1]},
								"up": {"uv": [60, 45], "uv_size": [-1, 1]},
								"down": {"uv": [60, 45], "uv_size": [-1, 1]}
							}
						},
						{
							"origin": [-9.65027, 15.11139, 1.62948],
							"size": [0.41429, 0.23016, 0.3836],
							"uv": {
								"north": {"uv": [62, 48], "uv_size": [0, 0]},
								"east": {"uv": [62, 48], "uv_size": [0, 0]},
								"south": {"uv": [62, 48], "uv_size": [0, 0]},
								"west": {"uv": [62, 48], "uv_size": [0, 0]},
								"up": {"uv": [62, 48], "uv_size": [0, 0]},
								"down": {"uv": [62, 48], "uv_size": [0, 0]}
							}
						},
						{
							"origin": [-10.47885, 15.11139, -0.36524],
							"size": [2.1543, 0.23016, 1.99471],
							"uv": {
								"north": {"uv": [60, 44], "uv_size": [3, 2]},
								"east": {"uv": [60, 44], "uv_size": [3, 2]},
								"south": {"uv": [60, 44], "uv_size": [3, 2]},
								"west": {"uv": [60, 44], "uv_size": [3, 2]},
								"up": {"uv": [62, 42], "uv_size": [-2, 2]},
								"down": {"uv": [63, 46], "uv_size": [-3, -2]}
							}
						},
						{
							"origin": [-10.23028, 15.11139, -0.13508],
							"size": [1.65715, 0.53704, 1.5344],
							"uv": {
								"north": {"uv": [60, 37], "uv_size": [-2, -1]},
								"east": {"uv": [60, 35], "uv_size": [-2, 1]},
								"south": {"uv": [58, 35], "uv_size": [2.00715, 0.96204]},
								"west": {"uv": [58, 37], "uv_size": [2, -1]},
								"up": {"uv": [60, 35], "uv_size": [-2, 2]}
							}
						}
					]
				},
				{
					"name": "HalfArm3",
					"parent": "UpperArm3",
					"pivot": [-8.13611, 13.27855, -0.51139],
					"rotation": [0, 0, -12.5],
					"cubes": [
						{
							"origin": [-10.0254, 4.51357, -0.34903],
							"size": [1.07715, 1.918, 0.99736],
							"pivot": [-12.85898, 19.56958, 0.94628],
							"rotation": [-21.40262, -16.6686, -4.36454],
							"uv": {
								"north": {"uv": [18, 12], "uv_size": [-1, 2]},
								"east": {"uv": [19, 12], "uv_size": [-1, 2]},
								"south": {"uv": [20, 12], "uv_size": [-1, 2]},
								"west": {"uv": [17, 12], "uv_size": [-1, 2]},
								"up": {"uv": [18, 11], "uv_size": [-1, 1]},
								"down": {"uv": [19, 12], "uv_size": [-1, -1]}
							}
						},
						{
							"origin": [-10.21821, 4.04821, 0.11129],
							"size": [2.90002, 2.83864, 2.60847],
							"pivot": [-11.20183, 19.33942, 1.17644],
							"rotation": [-23.29535, -13.81286, 2.82454],
							"uv": {
								"north": {"uv": [26, 14], "uv_size": [-3, 3]},
								"east": {"uv": [29, 14], "uv_size": [-3, 3]},
								"south": {"uv": [32, 14], "uv_size": [-3, 3]},
								"west": {"uv": [23, 14], "uv_size": [-3, 3]},
								"up": {"uv": [26, 11], "uv_size": [-3, 3]},
								"down": {"uv": [29, 14], "uv_size": [-3, -3]}
							}
						},
						{
							"origin": [-9.13607, 5.8775, 0.71162],
							"size": [4.80574, 7.67199, 4.52647],
							"pivot": [-9.46183, 19.2627, 3.24788],
							"rotation": [-29.78922, -9.86042, 10.72897],
							"uv": {
								"north": {"uv": [25.8, 4], "uv_size": [-5.8, 10]},
								"east": {"uv": [29, 4], "uv_size": [-4, 7]},
								"south": {"uv": [64, 0], "uv_size": [-5.8, 10]},
								"west": {"uv": [20.9, 32], "uv_size": [-5.9, 10]},
								"up": {"uv": [24, 0], "uv_size": [-4, 4]},
								"down": {"uv": [62.8, 33.9], "uv_size": [-5.8, -5.9]}
							}
						}
					]
				},
				{
					"name": "Eye14",
					"parent": "HalfArm3",
					"pivot": [-10.11844, 9.88843, -1.95234],
					"rotation": [10.93502, 12.42961, -76.56002],
					"cubes": [
						{
							"origin": [-10.3994, 9.65613, -3.6398],
							"size": [0.50844, 0.28247, 0.47078],
							"uv": {
								"north": {"uv": [61, 47], "uv_size": [0, 0]},
								"east": {"uv": [61, 47], "uv_size": [0, 0]},
								"south": {"uv": [61, 47], "uv_size": [0, 0]},
								"west": {"uv": [61, 47], "uv_size": [0, 0]},
								"up": {"uv": [61, 47], "uv_size": [0, 0]},
								"down": {"uv": [61, 47], "uv_size": [0, 0]}
							}
						},
						{
							"origin": [-10.92666, 9.73012, -2.12292],
							"size": [1.62702, 0.6685, 0.28247],
							"uv": {
								"north": {"uv": [59, 45], "uv_size": [1, 1]},
								"east": {"uv": [59, 45], "uv_size": [1, 1]},
								"south": {"uv": [59, 45], "uv_size": [1, 1]},
								"west": {"uv": [59, 45], "uv_size": [1, 1]},
								"up": {"uv": [60, 46], "uv_size": [-1, -1]},
								"down": {"uv": [60, 46], "uv_size": [-1, -1]}
							}
						},
						{
							"origin": [-10.3994, 9.65613, -0.72098],
							"size": [0.50844, 0.28247, 0.47078],
							"uv": {
								"north": {"uv": [62, 46], "uv_size": [0, 0]},
								"east": {"uv": [62, 46], "uv_size": [0, 0]},
								"south": {"uv": [62, 46], "uv_size": [0, 0]},
								"west": {"uv": [62, 46], "uv_size": [0, 0]},
								"up": {"uv": [62, 46], "uv_size": [0, 0]},
								"down": {"uv": [62, 46], "uv_size": [0, 0]}
							}
						},
						{
							"origin": [-11.41629, 9.65613, -3.16902],
							"size": [2.64389, 0.28247, 2.44804],
							"uv": {
								"north": {"uv": [60, 44], "uv_size": [3, 2]},
								"east": {"uv": [60, 44], "uv_size": [3, 2]},
								"south": {"uv": [60, 44], "uv_size": [3, 2]},
								"west": {"uv": [60, 44], "uv_size": [3, 2]},
								"up": {"uv": [58, 60], "uv_size": [-3, 3]},
								"down": {"uv": [63, 46], "uv_size": [-3, -2]}
							}
						},
						{
							"origin": [-11.11123, 9.65613, -2.88655],
							"size": [2.03376, 0.65908, 1.88311],
							"uv": {
								"north": {"uv": [60, 36], "uv_size": [-2, 1]},
								"east": {"uv": [60, 35], "uv_size": [-2, 1]},
								"south": {"uv": [58, 35], "uv_size": [2.03376, 0.98408]},
								"west": {"uv": [58, 37], "uv_size": [2, -1]},
								"up": {"uv": [60, 35], "uv_size": [-2, 2]}
							}
						}
					]
				},
				{
					"name": "armorLeftLeg",
					"pivot": [2.2097, 12.1884, 0.52349]
				},
				{
					"name": "LLeg",
					"parent": "armorLeftLeg",
					"pivot": [2.3891, 12.6259, 1.17843],
					"cubes": [
						{
							"origin": [1.74502, 0.08221, -1.38011],
							"size": [2.50396, 1.70756, 4.51782],
							"inflate": 0.1,
							"pivot": [2.20974, 2.51083, 0.52349],
							"rotation": [0.7027, -13.6323, -1.1854],
							"uv": {
								"north": {"uv": [56, 24], "uv_size": [3, 2]},
								"east": {"uv": [61, 55], "uv_size": [-6, 2]},
								"south": {"uv": [56, 26], "uv_size": [3, 2]},
								"west": {"uv": [55, 55], "uv_size": [6, 2]},
								"up": {"uv": [52, 53], "uv_size": [3, 6]},
								"down": {"uv": [0, 60], "uv_size": [3, -6]}
							}
						},
						{
							"origin": [1.85505, 1.31825, 0.55352],
							"size": [2.18658, 1.78396, 2.29491],
							"inflate": -0.1,
							"pivot": [1.53671, 1.14225, 0.91167],
							"rotation": [15.4653, -16.1231, -8.7273],
							"uv": {
								"north": {"uv": [56, 22], "uv_size": [3, 2]},
								"east": {"uv": [56, 22], "uv_size": [3, 2]},
								"south": {"uv": [56, 22], "uv_size": [3, 2]},
								"west": {"uv": [56, 22], "uv_size": [3, 2]},
								"up": {"uv": [59, 24], "uv_size": [-3, -2]},
								"down": {"uv": [59, 24], "uv_size": [-3, -2]}
							}
						},
						{
							"origin": [1.39429, 1.67586, 0.61592],
							"size": [2.38658, 0.98396, 2.49491],
							"inflate": -0.1,
							"pivot": [2.58758, 2.16784, 1.86337],
							"rotation": [15.4653, -16.1231, -8.7273],
							"uv": {
								"north": {"uv": [20, 57], "uv_size": [3, 1]},
								"east": {"uv": [20, 57], "uv_size": [3, 1]},
								"south": {"uv": [20, 57], "uv_size": [3, 1]},
								"west": {"uv": [20, 57], "uv_size": [3, 1]},
								"up": {"uv": [23, 58], "uv_size": [-3, -1]},
								"down": {"uv": [23, 58], "uv_size": [-3, -1]}
							}
						},
						{
							"origin": [1.21124, 2.51047, -0.12776],
							"size": [3.47419, 5.53249, 3.65746],
							"inflate": -0.1,
							"pivot": [1.53671, 1.14225, 0.91167],
							"rotation": [15.4653, -16.1231, -8.7273],
							"uv": {
								"north": {"uv": [52, 38], "uv_size": [4, 5]},
								"east": {"uv": [56, 38], "uv_size": [-4, 5]},
								"south": {"uv": [52, 38], "uv_size": [4, 5]},
								"west": {"uv": [56, 38], "uv_size": [-4, 5]},
								"up": {"uv": [52, 33], "uv_size": [4, 5]},
								"down": {"uv": [56, 43], "uv_size": [-4, -5]}
							}
						},
						{
							"origin": [2.28454, 6.49691, -1.57185],
							"size": [2.65449, 6.28583, 2.80586],
							"inflate": -0.1,
							"pivot": [2.25016, 1.49294, -1.53118],
							"rotation": [-5.5347, -16.1231, -8.7273],
							"uv": {
								"north": {"uv": [8, 51], "uv_size": [3, 7]},
								"east": {"uv": [29, 48], "uv_size": [-3, 7]},
								"south": {"uv": [8, 51], "uv_size": [-3, 7]},
								"west": {"uv": [23, 48], "uv_size": [3, 7]},
								"up": {"uv": [26, 55], "uv_size": [3, 4]},
								"down": {"uv": [39, 59], "uv_size": [3, -4]}
							}
						}
					]
				},
				{
					"name": "armorRightLeg",
					"pivot": [-2.2097, 12.1884, 0.52349]
				},
				{
					"name": "RLeg",
					"parent": "armorRightLeg",
					"pivot": [-2.3891, 12.6259, 1.17843],
					"cubes": [
						{
							"origin": [-4.93903, 6.49691, -1.57185],
							"size": [2.65449, 6.28583, 2.80586],
							"inflate": -0.1,
							"pivot": [-2.25016, 1.49294, -1.53118],
							"rotation": [-5.5347, 16.1231, 8.7273],
							"uv": {
								"north": {"uv": [11, 51], "uv_size": [-3, 7]},
								"east": {"uv": [26, 48], "uv_size": [-3, 7]},
								"south": {"uv": [5, 51], "uv_size": [3, 7]},
								"west": {"uv": [26, 48], "uv_size": [3, 7]},
								"up": {"uv": [29, 55], "uv_size": [-3, 4]},
								"down": {"uv": [42, 59], "uv_size": [-3, -4]}
							}
						},
						{
							"origin": [-4.68543, 2.51047, -0.12776],
							"size": [3.47419, 5.53249, 3.65746],
							"inflate": -0.1,
							"pivot": [-1.53671, 1.14225, 0.91167],
							"rotation": [15.4653, 16.1231, 8.7273],
							"uv": {
								"north": {"uv": [56, 38], "uv_size": [-4, 5]},
								"east": {"uv": [52, 38], "uv_size": [4, 5]},
								"south": {"uv": [56, 38], "uv_size": [-4, 5]},
								"west": {"uv": [52, 38], "uv_size": [4, 5]},
								"up": {"uv": [56, 33], "uv_size": [-4, 5]},
								"down": {"uv": [52, 43], "uv_size": [4, -5]}
							}
						},
						{
							"origin": [-3.78087, 1.67586, 0.61592],
							"size": [2.38658, 0.98396, 2.49491],
							"inflate": -0.1,
							"pivot": [-2.58758, 2.16784, 1.86337],
							"rotation": [15.4653, 16.1231, 8.7273],
							"uv": {
								"north": {"uv": [23, 57], "uv_size": [-3, 1]},
								"east": {"uv": [23, 57], "uv_size": [-3, 1]},
								"south": {"uv": [23, 57], "uv_size": [-3, 1]},
								"west": {"uv": [23, 57], "uv_size": [-3, 1]},
								"up": {"uv": [20, 58], "uv_size": [3, -1]},
								"down": {"uv": [20, 58], "uv_size": [3, -1]}
							}
						},
						{
							"origin": [-4.04163, 1.31825, 0.55352],
							"size": [2.18658, 1.78396, 2.29491],
							"inflate": -0.1,
							"pivot": [-1.53671, 1.14225, 0.91167],
							"rotation": [15.4653, 16.1231, 8.7273],
							"uv": {
								"north": {"uv": [59, 22], "uv_size": [-3, 2]},
								"east": {"uv": [59, 22], "uv_size": [-3, 2]},
								"south": {"uv": [59, 22], "uv_size": [-3, 2]},
								"west": {"uv": [59, 22], "uv_size": [-3, 2]},
								"up": {"uv": [56, 24], "uv_size": [3, -2]},
								"down": {"uv": [56, 24], "uv_size": [3, -2]}
							}
						},
						{
							"origin": [-4.24898, 0.08221, -1.38011],
							"size": [2.50396, 1.70756, 4.51782],
							"inflate": 0.1,
							"pivot": [-2.20974, 2.51083, 0.52349],
							"rotation": [0.7027, 13.6323, 1.1854],
							"uv": {
								"north": {"uv": [59, 24], "uv_size": [-3, 2]},
								"east": {"uv": [61, 55], "uv_size": [-6, 2]},
								"south": {"uv": [59, 26], "uv_size": [-3, 2]},
								"west": {"uv": [55, 55], "uv_size": [6, 2]},
								"up": {"uv": [55, 53], "uv_size": [-3, 6]},
								"down": {"uv": [3, 60], "uv_size": [-3, -6]}
							}
						}
					]
				}
			]
		}
	]
}