
{
  "transformers": [
          {
            "type": "palladium:color",
            "color": "##GLOW_PROTO_1",
            "filter": "#d0ec55",
            "ignore_blank": true
          },
          {
            "type": "palladium:color",
            "color": "##GLOW_PROTO_2",
            "filter": "#b0df1e",
            "ignore_blank": true
          },
           {
            "type": "palladium:color",
            "color": "##GLOW_PROTO_3",
            "filter": "#98cd1b",
            "ignore_blank": true
          },
          {
            "type": "palladium:color",
            "color": "##GLOW_PROTO_4",
            "filter": "#7fba18",
            "ignore_blank": true
          },
          {
            "type": "palladium:color",
            "color": "##GLOW_PROTO_5",
            "filter": "#589311",
            "ignore_blank": true
          }
          
        ],
        "variables": {
          "GLOW_PROTO_1": {
            "type": "palladium:string_property",
            "property": "opticoid_prototype_glowcolor_1_color_1"
          },
          "GLOW_PROTO_2": {
            "type": "palladium:string_property",
            "property": "opticoid_prototype_glowcolor_1_color_2"
          },
          "GLOW_PROTO_3": {
            "type": "palladium:string_property",
            "property": "opticoid_prototype_glowcolor_1_color_3"
          },
          "GLOW_PROTO_4": {
            "type": "palladium:string_property",
            "property": "opticoid_prototype_glowcolor_1_color_4"
          },
          "GLOW_PROTO_5": {
            "type": "palladium:string_property",
            "property": "opticoid_prototype_glowcolor_1_color_5"
          }
        },
  "base": "omni_extras:textures/gui/playlists/shoulder_beams/shoulder_beam.png"
}