{
  "name": "DNA Crystal",
  "icon": "omni_extras:textures/item/crystalthing.png",
  "background": "alienevo:textures/gui/power_screen/power_screen.png",
    "primary_color": "#8ed721",
    "allow_bar_shrinking": false,
    "persistent_data": true,
    "secondary_color": "#332e27",
    "ability_bar_texture": "alienevo:textures/gui/ability_bar/interface.png",
  "abilities": {
	"abilityuse": {
		"type": "palladium:command",
		"hidden": true,
		"hidden_in_bar": true,
		"list_index": -1,
		"first_tick_commands": ["function omni_extras:vialgrant",
								"item replace entity @s weapon.mainhand with air"],
		"last_tick_commands": [],
		"commands": [],
		"conditions": {
			"enabling": [
				{
					"type": "palladium:action",
					"key_type": "right_click"
				},
				{
					"type":"palladium:not",
					"conditions":[
						{
							"type":"palladium:has_tag",
							"tag":"Opticoid.owned"
						}
					]
                },
				 {
                        "type": "palladium:not",
                        "conditions": [
                            {
                                "type": "palladium:or",
                                "conditions": [
                                {
                                        "type": "palladium:ability_unlocked",
                                        "power": "alienevo:prototype_omnitrix",
                                        "ability": "removed_core"
                                 }
                             ]
                         }
                    ]
             	 }
			]
		}
	}
  }
}