{
	"format_version": "1.8.0",
	"animations": {
		"tail": {
			"loop": true,
			"bones": {
				"TAIL_LOWMID": {
					"rotation": {
						"vector": [
							-20,
							"math.sin(query.anim_time*224-50)*20",
							0
						]
					}
				},
				"TAIL_HIGHMID": {
					"rotation": {
						"vector": [
							-12.5,
							"math.sin(query.anim_time*224-100)*20",
							0
						]
					}
				},
				"TAIL_HIGH": {
					"rotation": {
						"vector": [
							-20,
							"math.sin(query.anim_time*224-150)*25",
							0
						]
					}
				},
				"TAIL_BASE": {
					"rotation": {
						"vector": [
							-22.5,
							"math.sin(query.anim_time*224)*15",
							0
						]
					}
				}
			}
		}
	},
	"geckolib_format_version": 2
}