{
  "transformers": [
        {
            "type": "palladium:color",
            "color": "##SKIN_PROTO_1",
            "filter": "#b5eb20",
            "ignore_blank": true
          },
          {
            "type": "palladium:color",
            "color": "##SKIN_PROTO_2",
            "filter": "#9dda13", 
            "ignore_blank": true
          },
          {
            "type": "palladium:color",
            "color": "##SKIN_PROTO_3",
            "filter": "#82be11", 
            "ignore_blank": true
          },
          {
            "type": "palladium:color",
            "color": "##SKIN_PROTO_4",
            "filter": "#659e0e",
            "ignore_blank": true
          },
          {
            "type": "palladium:color",
            "color": "##SKIN_PROTO_P2_1",
            "filter": "#559910",
            "ignore_blank": true
          },
          {
            "type": "palladium:color",
            "color": "##SKIN_PROTO_P2_2",
            "filter": "#457e0c",
            "ignore_blank": true
          },
          {
            "type": "palladium:color",
            "color": "##SKIN_PROTO_P2_3",
            "filter": "#335e08",
            "ignore_blank": true
          },
         {
            "type": "palladium:color",
            "color": "##GLOW_PROTO_1",
            "filter": "#f9f9f9",
            "ignore_blank": true
         },
         {
            "type": "palladium:color",
            "color": "##GLOW_PROTO_2",
            "filter": "#dadedf",
            "ignore_blank": true
         },
         {
            "type": "palladium:color",
            "color": "##SKIN_DEFAULT_1",
            "filter": "#fc2b2b",
            "ignore_blank": true
          },
          {
            "type": "palladium:color",
            "color": "##SKIN_DEFAULT_2",
            "filter": "#de3939", 
            "ignore_blank": true
          },
          {
            "type": "palladium:color",
            "color": "##SKIN_DEFAULT_3",
            "filter": "#b83535", 
            "ignore_blank": true
          },
          {
            "type": "palladium:color",
            "color": "##SKIN_DEFAULT_4",
            "filter": "#8f2828",
            "ignore_blank": true
          },
          {
            "type": "palladium:color",
            "color": "##SKIN_DEFAULT_P2_1",
            "filter": "#c21818",
            "ignore_blank": true
          },
          {
            "type": "palladium:color",
            "color": "##SKIN_DEFAULT_P2_2",
            "filter": "#800d0d",
            "ignore_blank": true
          },
          {
            "type": "palladium:color",
            "color": "##SKIN_DEFAULT_P2_3",
            "filter": "#5e0707",
            "ignore_blank": true
          },
          {
            "type": "palladium:color",
            "color": "##SKIN_10K_1",
            "filter": "#76ede6",
            "ignore_blank": true
          },
          {
            "type": "palladium:color",
            "color": "##SKIN_10K_2",
            "filter": "#56eae1",
            "ignore_blank": true
          },
          {
            "type": "palladium:color",
            "color": "##SKIN_10K_3",
            "filter": "#2dd3c9",
            "ignore_blank": true
          },
          {
            "type": "palladium:color",
            "color": "##SKIN_10K_4",
            "filter": "#1cbfb5",
            "ignore_blank": true
          },
          {
            "type": "palladium:color",
            "color": "##SKIN_10K_P2_1",
            "filter": "#5771c5",
            "ignore_blank": true
          },
          {
            "type": "palladium:color",
            "color": "##SKIN_10K_P2_2",
            "filter": "#3f5fc6",
            "ignore_blank": true
          },
          {
            "type": "palladium:color",
            "color": "##SKIN_10K_P2_3",
            "filter": "#2040a8",
            "ignore_blank": true
          },
          {
            "type": "palladium:color",
            "color": "##GLOW_10K_1",
            "filter": "#fdff49",
            "ignore_blank": true
          },
          {
            "type": "palladium:color",
            "color": "##SECONDARY_1",
            "filter": "#ffffff",
            "ignore_blank": true
          },
          {
            "type": "palladium:color",
            "color": "##SECONDARY_2",
            "filter": "#e0e4e5",
            "ignore_blank": true
          },
          {
            "type": "palladium:color",
            "color": "##SECONDARY_4",
            "filter": "#bdc7cf",
            "ignore_blank": true
          },
          {
            "type": "palladium:color",
            "color": "##SECONDARY_5",
            "filter": "#97a2b0",
            "ignore_blank": true
          },
          {
            "type": "palladium:color",
            "color": "##PRIMARY_1",
            "filter": "#3a3333",
            "ignore_blank": true
          },
          {
            "type": "palladium:color",
            "color": "##PRIMARY_3",
            "filter": "#232020",
            "ignore_blank": true
          },
          {
            "type": "palladium:color",
            "color": "##PRIMARY_4",
            "filter": "#171515",
            "ignore_blank": true
          },
         {
            "type": "palladium:color",
            "color": "##GLOW_DEFAULT_1",
            "filter": "#b8ff00",
            "ignore_blank": true
         },
         {
            "type": "palladium:color",
            "color": "##GLOW_DEFAULT_2",
            "filter": "#8ed721",
            "ignore_blank": true
         }
        ],
        "variables": {
            "UNIFORM": {
            "type": "palladium:string_property",
            "property": "uniform"
          },
          "SKIN_PROTO_1": {
            "type": "palladium:string_property",
            "property": "perkgourmand_prototype_skincolor_palette_1_color_1"
          },
          "SKIN_PROTO_2": {
            "type": "palladium:string_property",
            "property": "perkgourmand_prototype_skincolor_palette_1_color_2"
          },
          "SKIN_PROTO_3": {
            "type": "palladium:string_property",
            "property": "perkgourmand_prototype_skincolor_palette_1_color_3"
          },
          "SKIN_PROTO_4": {
            "type": "palladium:string_property",
            "property": "perkgourmand_prototype_skincolor_palette_1_color_4"
          },
          "SKIN_PROTO_P2_1": {
            "type": "palladium:string_property",
            "property": "perkgourmand_prototype_skincolor_palette_2_color_1"
          },
          "SKIN_PROTO_P2_2": {
            "type": "palladium:string_property",
            "property": "perkgourmand_prototype_skincolor_palette_2_color_2"
          },
          "SKIN_PROTO_P2_3": {
            "type": "palladium:string_property",
            "property": "perkgourmand_prototype_skincolor_palette_2_color_3"
          },
          "SKIN_10K_1": {
            "type": "palladium:string_property",
            "property": "perkgourmand_10k_skincolor_palette_1_color_1"
          },
          "SKIN_10K_2": {
            "type": "palladium:string_property",
            "property": "perkgourmand_10k_skincolor_palette_1_color_2"
          },
          "SKIN_10K_3": {
            "type": "palladium:string_property",
            "property": "perkgourmand_10k_skincolor_palette_1_color_3"
          },
          "SKIN_10K_4": {
            "type": "palladium:string_property",
            "property": "perkgourmand_10k_skincolor_palette_1_color_4"
          },
          "SKIN_10K_P2_1": {
            "type": "palladium:string_property",
            "property": "perkgourmand_10k_skincolor_palette_2_color_1"
          },
          "SKIN_10K_P2_2": {
            "type": "palladium:string_property",
            "property": "perkgourmand_10k_skincolor_palette_2_color_2"
          },
          "SKIN_10K_P2_3": {
            "type": "palladium:string_property",
            "property": "perkgourmand_10k_skincolor_palette_2_color_3"
          },  
          "GLOW_10K_1": {
            "type": "palladium:string_property",
            "property": "perkgourmand_10k_glowcolor_1_color_1"
          },
          "GLOW_PROTO_1": {
            "type": "palladium:string_property",
            "property": "perkgourmand_prototype_glowcolor_1_color_1"
          },
          "GLOW_PROTO_2": {
            "type": "palladium:string_property",
            "property": "perkgourmand_prototype_glowcolor_1_color_2"
          },
          "SKIN_DEFAULT_1": {
            "type": "palladium:string_property",
            "property": "perkgourmand_default_skincolor_palette_1_color_1"
          },
          "SKIN_DEFAULT_2": {
            "type": "palladium:string_property",
            "property": "perkgourmand_default_skincolor_palette_1_color_2"
          },
          "SKIN_DEFAULT_3": {
            "type": "palladium:string_property",
            "property": "perkgourmand_default_skincolor_palette_1_color_3"
          },
          "SKIN_DEFAULT_4": {
            "type": "palladium:string_property",
            "property": "perkgourmand_default_skincolor_palette_1_color_4"
          },
          "SKIN_DEFAULT_P2_1": {
            "type": "palladium:string_property",
            "property": "perkgourmand_default_skincolor_palette_2_color_1"
          },
          "SKIN_DEFAULT_P2_2": {
            "type": "palladium:string_property",
            "property": "perkgourmand_default_skincolor_palette_2_color_2"
          },
          "SKIN_DEFAULT_P2_3": {
            "type": "palladium:string_property",
            "property": "perkgourmand_default_skincolor_palette_2_color_3"
          },
          "SECONDARY_1": {
            "type": "palladium:string_property",
            "property": "uniform_secondary_color_1"
          },
          "SECONDARY_2": {
            "type": "palladium:string_property",
            "property": "uniform_secondary_color_2"
          },
          "SECONDARY_4": {
            "type": "palladium:string_property",
            "property": "uniform_secondary_color_4"
          },
          "SECONDARY_5": {
            "type": "palladium:string_property",
            "property": "uniform_secondary_color_5"
          },
          "PRIMARY_1": {
            "type": "palladium:string_property",
            "property": "uniform_primary_color_1"
          },
          "PRIMARY_3": {
            "type": "palladium:string_property",
            "property": "uniform_primary_color_3"
          },
          "PRIMARY_4": {
            "type": "palladium:string_property",
            "property": "uniform_primary_color_4"
          },
          "GLOW_DEFAULT_1": {
            "type": "palladium:string_property",
            "property": "perkgourmand_default_glowcolor_1_color_1"
          },
          "GLOW_DEFAULT_2": {
            "type": "palladium:string_property",
            "property": "perkgourmand_default_glowcolor_1_color_2"
          }
          
          
        },
  "base": "omni_extras:textures/icon/alien_111_#UNIFORM.png"
}