{
	"format_version": "1.12.0",
	"minecraft:geometry": [
		{
			"description": {
				"identifier": "geometry.evo3",
				"texture_width": 64,
				"texture_height": 64,
				"visible_bounds_width": 3,
				"visible_bounds_height": 4.5,
				"visible_bounds_offset": [0, 1.75, 0]
			},
			"bones": [
				{
					"name": "armorHead",
					"pivot": [-0.236, 32.9, -2.249],
					"cubes": [
						{
							"origin": [-3.35, 31.3278, -5.62852],
							"size": [6.7, 5.2, 5.9],
							"uv": {
								"north": {"uv": [19, 41], "uv_size": [7, 7]},
								"east": {"uv": [42, 29], "uv_size": [6, 7]},
								"south": {"uv": [26, 41], "uv_size": [7, 7]},
								"west": {"uv": [44, 13], "uv_size": [6, 7]},
								"up": {"uv": [7, 45], "uv_size": [7, 6]},
								"down": {"uv": [47, 6], "uv_size": [7, -6]}
							}
						},
						{
							"origin": [-2.65, 30.0278, -5.02852],
							"size": [5.2, 1.7, 3.1],
							"pivot": [0, 24.9, -1.325],
							"rotation": [5, 0, 0],
							"uv": {
								"north": {"uv": [24, 33], "uv_size": [7, 3]},
								"east": {"uv": [42, 29], "uv_size": [6, 7]},
								"south": {"uv": [26, 41], "uv_size": [7, 7]},
								"west": {"uv": [44, 13], "uv_size": [6, 7]},
								"up": {"uv": [33, 34], "uv_size": [7, 6]},
								"down": {"uv": [47, 6], "uv_size": [7, -6]}
							}
						},
						{
							"origin": [6.182, 32.11935, -5.15996],
							"size": [7.308, 6.3, 0],
							"pivot": [5.636, 28.4, -2.049],
							"rotation": [9.21214, -5.10408, -54.77092],
							"uv": {
								"north": {"uv": [32, 7], "uv_size": [9, 8]},
								"east": {"uv": [0, 0], "uv_size": [0, 8]},
								"south": {"uv": [15, 33], "uv_size": [9, 8]},
								"west": {"uv": [0, 0], "uv_size": [0, 8]},
								"up": {"uv": [0, 0], "uv_size": [9, 0]},
								"down": {"uv": [0, 0], "uv_size": [9, 0]}
							}
						},
						{
							"origin": [-13.39, 32.11935, -5.15996],
							"size": [7.308, 6.3, 0],
							"pivot": [-5.536, 28.4, -2.049],
							"rotation": [9.21214, 5.10408, 54.77092],
							"uv": {
								"north": {"uv": [41, 7], "uv_size": [-9, 8]},
								"east": {"uv": [0, 0], "uv_size": [0, 8]},
								"south": {"uv": [24, 33], "uv_size": [-9, 8]},
								"west": {"uv": [0, 0], "uv_size": [0, 8]},
								"up": {"uv": [9, 0], "uv_size": [-9, 0]},
								"down": {"uv": [9, 0], "uv_size": [-9, 0]}
							}
						}
					]
				},
				{
					"name": "armorBody",
					"pivot": [0, 31.2, 2],
					"cubes": [
						{
							"origin": [-7.25, 21.4278, -2.72852],
							"size": [14.5, 8.3, 7],
							"pivot": [0, 25.3, -0.025],
							"rotation": [2.5, 0, 0],
							"uv": {
								"north": {"uv": [20, 17], "uv_size": [15, 8]},
								"east": {"uv": [35, 22], "uv_size": [7, 8]},
								"south": {"uv": [20, 25], "uv_size": [15, 8]},
								"west": {"uv": [42, 22], "uv_size": [-7, 8]},
								"up": {"uv": [0, 27], "uv_size": [15, 7]},
								"down": {"uv": [32, 7], "uv_size": [15, -7]}
							}
						},
						{
							"origin": [-2.15, 27.1278, 1.67148],
							"size": [4.3, 5.8, 4.3],
							"pivot": [0, 24.7, 2.075],
							"rotation": [37.5, 0, 0],
							"uv": {
								"north": {"uv": [19, 48], "uv_size": [4, 8]},
								"east": {"uv": [47, 36], "uv_size": [5, 8]},
								"south": {"uv": [48, 20], "uv_size": [4, 8]},
								"west": {"uv": [52, 36], "uv_size": [-5, 8]},
								"up": {"uv": [52, 18], "uv_size": [4, 5]},
								"down": {"uv": [52, 28], "uv_size": [4, -5]}
							}
						},
						{
							"origin": [-4.5, 19.305, -1.4525],
							"size": [9, 6.7, 5.6],
							"uv": {
								"north": {"uv": [0, 34], "uv_size": [9, 7]},
								"east": {"uv": [41, 41], "uv_size": [6, 7]},
								"south": {"uv": [35, 15], "uv_size": [9, 7]},
								"west": {"uv": [47, 41], "uv_size": [-6, 7]},
								"down": {"uv": [41, 13], "uv_size": [9, -6]}
							}
						},
						{
							"origin": [-2.5, 14.305, -0.4525],
							"size": [5, 10.7, 3.6],
							"uv": {
								"north": {"uv": [9, 34], "uv_size": [5, 11]},
								"east": {"uv": [33, 41], "uv_size": [4, 11]},
								"south": {"uv": [14, 41], "uv_size": [5, 11]},
								"west": {"uv": [37, 41], "uv_size": [-4, 11]},
								"down": {"uv": [14, 56], "uv_size": [5, -4]}
							}
						},
						{
							"origin": [-1.5, 13.305, -0.4525],
							"size": [3, 1, 3.6],
							"uv": {
								"north": {"uv": [39, 32], "uv_size": [3, 1]},
								"east": {"uv": [15, 32], "uv_size": [4, 1]},
								"south": {"uv": [47, 6], "uv_size": [3, 1]},
								"west": {"uv": [35, 32], "uv_size": [4, 1]},
								"down": {"uv": [54, 4], "uv_size": [3, -4]}
							}
						}
					]
				},
				{
					"name": "Eye",
					"parent": "armorBody",
					"pivot": [-1.8, 29.6, 2.3],
					"rotation": [0, 11, 0],
					"cubes": [
						{"origin": [4.8, 29.6, 0.5], "size": [0.5, 0.3, 0.5], "uv": [61, 46]},
						{"origin": [4.2, 29.7, 2.1], "size": [1.6, 0.71, 0.3], "uv": [61, 46]},
						{"origin": [4.8, 29.6, 3.6], "size": [0.5, 0.3, 0.5], "uv": [62, 48]},
						{"origin": [3.7, 29.6, 1], "size": [2.6, 0.3, 2.6], "uv": [58, 42]},
						{"origin": [4, 29.6, 1.3], "size": [2, 0.7, 2], "uv": [56, 35]}
					]
				},
				{
					"name": "Eye6",
					"parent": "armorBody",
					"pivot": [1.8, 29.6, 2.3],
					"rotation": [0, -11, 0],
					"cubes": [
						{"origin": [-5.3, 29.6, 0.5], "size": [0.5, 0.3, 0.5], "uv": [60, 48], "mirror": true},
						{"origin": [-5.8, 29.7, 2.1], "size": [1.6, 0.71, 0.3], "uv": [61, 47], "mirror": true},
						{"origin": [-5.3, 29.6, 3.6], "size": [0.5, 0.3, 0.5], "uv": [62, 49], "mirror": true},
						{"origin": [-6.3, 29.6, 1], "size": [2.6, 0.3, 2.6], "uv": [58, 42], "mirror": true},
						{"origin": [-6, 29.6, 1.3], "size": [2, 0.7, 2], "uv": [56, 35], "mirror": true}
					]
				},
				{
					"name": "Eye7",
					"parent": "armorBody",
					"pivot": [1.3, 36.2, 3.4],
					"rotation": [-90, 2.5, -107.5],
					"cubes": [
						{"origin": [-8.427, 36.2, 0.934], "size": [0.685, 0.411, 0.685], "uv": [63, 49], "mirror": true},
						{"origin": [-9.112, 36.3, 3.126], "size": [2.192, 0.9727, 0.411], "uv": [60, 45], "mirror": true},
						{"origin": [-8.427, 36.2, 5.181], "size": [0.685, 0.411, 0.685], "uv": [59, 46], "mirror": true},
						{"origin": [-9.797, 36.2, 1.619], "size": [3.562, 0.411, 3.562], "uv": [55, 61], "mirror": true},
						{"origin": [-9.386, 36.2, 2.03], "size": [2.74, 0.959, 2.74], "uv": [56, 35], "mirror": true}
					]
				},
				{
					"name": "Eye8",
					"parent": "armorBody",
					"pivot": [-2.5, 35.4, 3.5],
					"rotation": [-90, 2.5, -77.5],
					"cubes": [
						{"origin": [-10.86522, 35.4, 1.37924], "size": [0.5891, 0.35346, 0.5891], "uv": [62, 48], "mirror": true},
						{"origin": [-11.45432, 35.5, 3.26436], "size": [1.88512, 0.83652, 0.35346], "uv": [59, 48], "mirror": true},
						{"origin": [-10.86522, 35.4, 5.03166], "size": [0.5891, 0.35346, 0.5891], "uv": [63, 48], "mirror": true},
						{"origin": [-12.04342, 35.4, 1.96834], "size": [3.06332, 0.35346, 3.06332], "uv": [52, 61], "mirror": true},
						{"origin": [-11.68996, 35.4, 2.3218], "size": [2.3564, 0.82474, 2.3564], "uv": [56, 35], "mirror": true}
					]
				},
				{
					"name": "Eye9",
					"parent": "armorBody",
					"pivot": [1.8, 31.1, 3.8],
					"rotation": [-90, 2.5, -77.5],
					"cubes": [
						{"origin": [-5.56139, 31.1, 1.93373], "size": [0.5184, 0.31104, 0.51841], "uv": [62, 47], "mirror": true},
						{"origin": [-6.0798, 31.2, 3.59264], "size": [1.6589, 0.73614, 0.31104], "uv": [60, 48], "mirror": true},
						{"origin": [-5.56139, 31.1, 5.14786], "size": [0.5184, 0.31104, 0.51841], "uv": [62, 48], "mirror": true},
						{"origin": [-6.59821, 31.1, 2.45214], "size": [2.69572, 0.31104, 2.69572], "uv": [58, 42], "mirror": true},
						{"origin": [-6.28716, 31.1, 2.76318], "size": [2.07363, 0.72577, 2.07364], "uv": [56, 35], "mirror": true}
					]
				},
				{
					"name": "Eye10",
					"parent": "armorBody",
					"pivot": [-5.6, 30.2, 3.8],
					"rotation": [-90.85553, 2.34914, -97.51754],
					"cubes": [
						{"origin": [-12.96139, 30.2, 1.93373], "size": [0.5184, 0.31104, 0.51841], "uv": [61, 47], "mirror": true},
						{"origin": [-13.4798, 30.4, 3.59264], "size": [1.6589, 0.73614, 0.31104], "uv": [61, 49], "mirror": true},
						{"origin": [-12.96139, 30.2, 5.14786], "size": [0.5184, 0.31104, 0.51841], "uv": [62, 47], "mirror": true},
						{"origin": [-13.99821, 30.2, 2.45214], "size": [2.69572, 0.31104, 2.69572], "uv": [58, 42], "mirror": true},
						{"origin": [-13.68716, 30.2, 2.76318], "size": [2.07363, 0.72577, 2.07364], "uv": [56, 35], "mirror": true}
					]
				},
				{
					"name": "Eye15",
					"parent": "armorBody",
					"pivot": [0.02, 39.7, -2.5],
					"rotation": [93, 0, 0],
					"cubes": [
						{"origin": [2.94369, 39.7, -18.46784], "size": [1.1245, 0.6747, 1.12449], "uv": [59, 46], "mirror": true},
						{"origin": [-0.2049, 38.9, -19.59234], "size": [0.6747, 1.59678, 3.59839], "uv": [58, 47], "mirror": true},
						{"origin": [-4.02819, 39.7, -18.46784], "size": [1.1245, 0.6747, 1.12449], "uv": [61, 47], "mirror": true},
						{"origin": [-2.90369, 39.7, -20.71684], "size": [5.84738, 0.6747, 5.84738], "uv": [49, 59], "mirror": true},
						{"origin": [-2.22899, 38.9, -20.04214], "size": [4.49798, 1.57429, 4.49799], "uv": [18, 59], "mirror": true}
					]
				},
				{
					"name": "armorLeftArm",
					"pivot": [8, 28.1, 0.3],
					"rotation": [12.5, 0, 0]
				},
				{
					"name": "UpperArm2",
					"parent": "armorLeftArm",
					"pivot": [3.2, 33.2, -1.1],
					"cubes": [
						{"origin": [4, 23.4, -1.8], "size": [5, 6, 5], "pivot": [8, 27.4, 0.2], "rotation": [0, 0, -45], "uv": [0, 16]},
						{"origin": [6.7, 14.7, -1.3], "size": [4, 12, 4], "pivot": [10.7, 24.7, 0.3], "rotation": [-6.2582, 3.2667, -17.24216], "uv": [0, 0]}
					]
				},
				{
					"name": "Eye2",
					"parent": "UpperArm2",
					"pivot": [3.2, 33.2, -1.1],
					"rotation": [-1.50979, -12.71931, 45.04646],
					"cubes": [
						{"origin": [11.318, 33.2, -3.314], "size": [0.615, 0.369, 0.615], "uv": [62, 48]},
						{"origin": [10.58, 33.3, -1.346], "size": [1.968, 0.8733, 0.369], "uv": [59, 45]},
						{"origin": [11.318, 33.2, 0.499], "size": [0.615, 0.369, 0.615], "uv": [61, 48]},
						{"origin": [9.965, 33.2, -2.699], "size": [3.198, 0.369, 3.198], "uv": [50, 61]},
						{"origin": [10.334, 33.2, -2.33], "size": [2.46, 0.861, 2.46], "uv": [56, 35]}
					]
				},
				{
					"name": "Eye3",
					"parent": "UpperArm2",
					"pivot": [8.8, 29.4, 1.1],
					"rotation": [2.07565, 4.7458, 70.40623],
					"cubes": [
						{"origin": [15.4, 29.4, -0.7], "size": [0.5, 0.3, 0.5], "uv": [62, 49]},
						{"origin": [14.8, 29.5, 0.9], "size": [1.6, 0.71, 0.3], "uv": [60, 45]},
						{"origin": [15.4, 29.4, 2.4], "size": [0.5, 0.3, 0.5], "uv": [62, 47]},
						{"origin": [14.3, 29.4, -0.2], "size": [2.6, 0.3, 2.6], "uv": [58, 42]},
						{"origin": [14.6, 29.4, 0.1], "size": [2, 0.7, 2], "uv": [56, 35]}
					]
				},
				{
					"name": "Eye4",
					"parent": "UpperArm2",
					"pivot": [10.4, 24.3, -1.4],
					"rotation": [3.16413, -12.86987, 71.31707],
					"cubes": [
						{"origin": [17, 24.3, -3.2], "size": [0.5, 0.3, 0.5], "uv": [62, 49]},
						{"origin": [16.43123, 24.39498, -1.6019], "size": [1.6, 0.71, 0.3], "uv": [59, 47]},
						{"origin": [17, 24.3, -0.1], "size": [0.5, 0.3, 0.5], "uv": [62, 48]},
						{"origin": [15.9, 24.3, -2.7], "size": [2.6, 0.3, 2.6], "uv": [58, 42]},
						{"origin": [16.2, 24.3, -2.4], "size": [2, 0.7, 2], "uv": [56, 35]}
					]
				},
				{
					"name": "HalfArm2",
					"parent": "armorLeftArm",
					"pivot": [10.9, 16.1, -1],
					"cubes": [
						{"origin": [12.5, 5.9, -0.1], "size": [1.3, 2.5, 1.3], "pivot": [16.6, 24.2, 1.6], "rotation": [-21.40262, 16.6686, 4.36454], "uv": [16, 11]},
						{"origin": [10.7, 5.2, 0.5], "size": [3.5, 3.7, 3.4], "pivot": [14.6, 23.9, 1.9], "rotation": [-23.29535, 13.81286, -2.82454], "uv": [20, 11]},
						{"origin": [8.2, 7.9, 2], "size": [4.7, 7, 4.6], "pivot": [12.5, 23.9, 3.9], "rotation": [-29.78922, 9.86042, -10.72897], "uv": [16, 0]}
					]
				},
				{
					"name": "Eye5",
					"parent": "HalfArm2",
					"pivot": [11.9, 20.1, -4],
					"rotation": [10.93502, -12.42961, 76.56002],
					"cubes": [
						{"origin": [19.95837, 20.12217, -6.29729], "size": [0.61363, 0.36818, 0.61364], "uv": [61, 47]},
						{"origin": [19.24471, 20.21861, -4.32012], "size": [1.96363, 0.87136, 0.36818], "uv": [60, 46]},
						{"origin": [19.95837, 20.12217, -2.49277], "size": [0.61363, 0.36818, 0.61364], "uv": [62, 46]},
						{"origin": [18.60838, 20.12217, -5.68365], "size": [3.19089, 0.36818, 3.19088], "uv": [52, 60]},
						{"origin": [18.97656, 20.12217, -5.31547], "size": [2.45453, 0.85908, 2.45452], "uv": [56, 35]}
					]
				},
				{
					"name": "armorRightArm",
					"pivot": [-9, 28.4, 1.2],
					"rotation": [12.5, 0, 0]
				},
				{
					"name": "UpperArm",
					"parent": "armorRightArm",
					"pivot": [-3.2, 33.2, -1.1],
					"cubes": [
						{"origin": [-9, 23.4, -1.8], "size": [5, 6, 5], "pivot": [-8, 27.4, 0.2], "rotation": [0, 0, 45], "uv": [0, 16], "mirror": true},
						{"origin": [-10.7, 14.7, -1.3], "size": [4, 12, 4], "pivot": [-10.7, 24.7, 0.3], "rotation": [-6.2582, -3.2667, 17.24216], "uv": [0, 0], "mirror": true}
					]
				},
				{
					"name": "Eye11",
					"parent": "UpperArm",
					"pivot": [-3.2, 33.2, -1.1],
					"rotation": [-1.50979, 12.71931, -45.04646],
					"cubes": [
						{"origin": [-11.933, 33.2, -3.314], "size": [0.615, 0.369, 0.615], "uv": [62, 49], "mirror": true},
						{"origin": [-12.548, 33.3, -1.346], "size": [1.968, 0.8733, 0.369], "uv": [58, 45], "mirror": true},
						{"origin": [-11.933, 33.2, 0.499], "size": [0.615, 0.369, 0.615], "uv": [62, 49], "mirror": true},
						{"origin": [-13.163, 33.2, -2.699], "size": [3.198, 0.369, 3.198], "uv": [55, 61], "mirror": true},
						{"origin": [-12.794, 33.2, -2.33], "size": [2.46, 0.861, 2.46], "uv": [56, 35], "mirror": true}
					]
				},
				{
					"name": "Eye12",
					"parent": "UpperArm",
					"pivot": [-8.8, 29.4, 1.1],
					"rotation": [2.07565, -4.7458, -70.40623],
					"cubes": [
						{"origin": [-15.9, 29.4, -0.7], "size": [0.5, 0.3, 0.5], "uv": [63, 49], "mirror": true},
						{"origin": [-16.4, 29.5, 0.9], "size": [1.6, 0.71, 0.3], "uv": [60, 47], "mirror": true},
						{"origin": [-15.9, 29.4, 2.4], "size": [0.5, 0.3, 0.5], "uv": [63, 47], "mirror": true},
						{"origin": [-16.9, 29.4, -0.2], "size": [2.6, 0.3, 2.6], "uv": [58, 42], "mirror": true},
						{"origin": [-16.6, 29.4, 0.1], "size": [2, 0.7, 2], "uv": [56, 35], "mirror": true}
					]
				},
				{
					"name": "Eye13",
					"parent": "UpperArm",
					"pivot": [-10.4, 24.3, -1.4],
					"rotation": [3.16413, 12.86987, -71.31707],
					"cubes": [
						{"origin": [-17.5, 24.3, -3.2], "size": [0.5, 0.3, 0.5], "uv": [59, 46], "mirror": true},
						{"origin": [-18, 24.4, -1.6], "size": [1.6, 0.71, 0.3], "uv": [61, 45], "mirror": true},
						{"origin": [-17.5, 24.3, -0.1], "size": [0.5, 0.3, 0.5], "uv": [61, 47], "mirror": true},
						{"origin": [-18.5, 24.3, -2.7], "size": [2.6, 0.3, 2.6], "uv": [58, 42], "mirror": true},
						{"origin": [-18.2, 24.3, -2.4], "size": [2, 0.7, 2], "uv": [56, 35], "mirror": true}
					]
				},
				{
					"name": "HalfArm",
					"parent": "armorRightArm",
					"pivot": [-10.9, 15.1, -1],
					"cubes": [
						{"origin": [-13.8, 5.9, -0.1], "size": [1.3, 2.5, 1.3], "pivot": [-16.6, 24.2, 1.6], "rotation": [-21.40262, -16.6686, -4.36454], "uv": [16, 11], "mirror": true},
						{"origin": [-14.2, 5.2, 0.5], "size": [3.5, 3.7, 3.4], "pivot": [-14.6, 23.9, 1.9], "rotation": [-23.29535, -13.81286, 2.82454], "uv": [20, 11], "mirror": true},
						{"origin": [-12.9, 7.9, 2], "size": [4.7, 7, 4.6], "pivot": [-12.5, 23.9, 3.9], "rotation": [-29.78922, -9.86042, 10.72897], "uv": [16, 0], "mirror": true}
					]
				},
				{
					"name": "Eye14",
					"parent": "HalfArm",
					"pivot": [-11.9, 20.1, -4],
					"rotation": [10.93502, 12.42961, -76.56002],
					"cubes": [
						{"origin": [-20.572, 20.12217, -6.29729], "size": [0.61363, 0.36818, 0.61364], "uv": [63, 47], "mirror": true},
						{"origin": [-21.18564, 20.22217, -4.33366], "size": [1.96363, 0.87136, 0.36818], "uv": [59, 48], "mirror": true},
						{"origin": [-20.572, 20.12217, -2.49277], "size": [0.61363, 0.36818, 0.61364], "uv": [61, 48], "mirror": true},
						{"origin": [-21.79927, 20.12217, -5.68365], "size": [3.19089, 0.36818, 3.19088], "uv": [53, 60], "mirror": true},
						{"origin": [-21.43109, 20.12217, -5.31547], "size": [2.45453, 0.85908, 2.45452], "uv": [56, 35], "mirror": true}
					]
				},
				{
					"name": "armorLeftLeg",
					"pivot": [2.55685, 13.27273, 0.58234],
					"cubes": [
						{
							"origin": [2.78849, 7.71663, -2.11848],
							"size": [3.0416, 6.9146, 3.5966],
							"inflate": -0.1,
							"pivot": [2.60562, 1.94597, -2.0958],
							"rotation": [-5.5347, -16.1231, -8.7273],
							"uv": {
								"north": {"uv": [8, 51], "uv_size": [3, 7]},
								"east": {"uv": [11, 51], "uv_size": [-3, 7]},
								"south": {"uv": [9, 51], "uv_size": [3, 7]},
								"west": {"uv": [11, 51], "uv_size": [-3, 7]},
								"up": {"uv": [26, 55], "uv_size": [3, 4]},
								"down": {"uv": [39, 59], "uv_size": [3, -4]}
							}
						},
						{
							"origin": [1.37245, 3.3026, -0.23618],
							"size": [4.1516, 5.1506, 4.7066],
							"inflate": -0.1,
							"pivot": [1.74457, 1.48886, 1.08831],
							"rotation": [15.4653, -16.1231, -8.7273],
							"uv": {
								"north": {"uv": [52, 38], "uv_size": [4, 5]},
								"east": {"uv": [52, 38], "uv_size": [4, 5]},
								"south": {"uv": [52, 38], "uv_size": [4, 5]},
								"west": {"uv": [56, 38], "uv_size": [-4, 5]},
								"up": {"uv": [52, 33], "uv_size": [4, 5]},
								"down": {"uv": [52, 53], "uv_size": [4, -5]}
							}
						},
						{
							"origin": [2.14945, 1.7486, 0.65182],
							"size": [2.5976, 2.2646, 2.9306],
							"inflate": -0.1,
							"pivot": [1.74457, 1.48886, 1.08831],
							"rotation": [15.4653, -16.1231, -8.7273],
							"uv": {
								"north": {"uv": [59, 18], "uv_size": [-3, 2]},
								"east": {"uv": [20, 56], "uv_size": [3, 2]},
								"south": {"uv": [56, 20], "uv_size": [3, 2]},
								"west": {"uv": [56, 22], "uv_size": [3, 2]},
								"up": {"uv": [56, 13], "uv_size": [3, 3]},
								"down": {"uv": [14, 59], "uv_size": [3, -3]}
							}
						},
						{
							"origin": [1.97528, 0.07681, -1.92923],
							"size": [3.0634, 2.2864, 5.9494],
							"inflate": 0.1,
							"pivot": [2.55685, 3.27273, 0.58234],
							"rotation": [0.7027, -13.6323, -1.1854],
							"uv": {
								"north": {"uv": [56, 24], "uv_size": [3, 2]},
								"east": {"uv": [55, 53], "uv_size": [6, 2]},
								"south": {"uv": [56, 26], "uv_size": [3, 2]},
								"west": {"uv": [55, 55], "uv_size": [6, 2]},
								"up": {"uv": [52, 53], "uv_size": [3, 6]},
								"down": {"uv": [0, 60], "uv_size": [3, -6]}
							}
						}
					]
				},
				{
					"name": "armorRightLeg",
					"pivot": [-2.55685, 13.27273, 0.58234],
					"cubes": [
						{
							"origin": [-5.83009, 7.71663, -2.11848],
							"size": [3.0416, 6.9146, 3.5966],
							"inflate": -0.1,
							"pivot": [-2.60562, 1.94597, -2.0958],
							"rotation": [-5.5347, 16.1231, 8.7273],
							"uv": {
								"north": {"uv": [11, 51], "uv_size": [-3, 7]},
								"east": {"uv": [8, 51], "uv_size": [3, 7]},
								"south": {"uv": [12, 51], "uv_size": [-3, 7]},
								"west": {"uv": [8, 51], "uv_size": [3, 7]},
								"up": {"uv": [29, 55], "uv_size": [-3, 4]},
								"down": {"uv": [42, 59], "uv_size": [-3, -4]}
							}
						},
						{
							"origin": [-5.52405, 3.3026, -0.23618],
							"size": [4.1516, 5.1506, 4.7066],
							"inflate": -0.1,
							"pivot": [-1.74457, 1.48886, 1.08831],
							"rotation": [15.4653, 16.1231, 8.7273],
							"uv": {
								"north": {"uv": [56, 38], "uv_size": [-4, 5]},
								"east": {"uv": [52, 38], "uv_size": [4, 5]},
								"south": {"uv": [56, 38], "uv_size": [-4, 5]},
								"west": {"uv": [56, 38], "uv_size": [-4, 5]},
								"up": {"uv": [56, 33], "uv_size": [-4, 5]},
								"down": {"uv": [56, 53], "uv_size": [-4, -5]}
							}
						},
						{
							"origin": [-4.74705, 1.7486, 0.65182],
							"size": [2.5976, 2.2646, 2.9306],
							"inflate": -0.1,
							"pivot": [-1.74457, 1.48886, 1.08831],
							"rotation": [15.4653, 16.1231, 8.7273],
							"uv": {
								"north": {"uv": [56, 18], "uv_size": [3, 2]},
								"east": {"uv": [59, 22], "uv_size": [-3, 2]},
								"south": {"uv": [59, 20], "uv_size": [-3, 2]},
								"west": {"uv": [23, 56], "uv_size": [-3, 2]},
								"up": {"uv": [59, 13], "uv_size": [-3, 3]},
								"down": {"uv": [17, 59], "uv_size": [-3, -3]}
							}
						},
						{
							"origin": [-5.03868, 0.07681, -1.92923],
							"size": [3.0634, 2.2864, 5.9494],
							"inflate": 0.1,
							"pivot": [-2.55685, 3.27273, 0.58234],
							"rotation": [0.7027, 13.6323, 1.1854],
							"uv": {
								"north": {"uv": [59, 24], "uv_size": [-3, 2]},
								"east": {"uv": [61, 55], "uv_size": [-6, 2]},
								"south": {"uv": [59, 26], "uv_size": [-3, 2]},
								"west": {"uv": [61, 53], "uv_size": [-6, 2]},
								"up": {"uv": [55, 53], "uv_size": [-3, 6]},
								"down": {"uv": [3, 60], "uv_size": [-3, -6]}
							}
						}
					]
				}
			]
		}
	]
}