{
  "transformers": [
        {
            "type": "palladium:color",
            "color": "##SKIN_PROTO_1",
            "filter": "#b5eb20",
            "ignore_blank": true
          },
          {
            "type": "palladium:color",
            "color": "##SKIN_PROTO_2",
            "filter": "#9dda13",
            "ignore_blank": true
          },
          {
            "type": "palladium:color",
            "color": "##SKIN_PROTO_8",
            "filter": "#659e0e",
            "ignore_blank": true
          },
          {
            "type": "palladium:color",
            "color": "##SKIN_PROTO_9",
            "filter": "#4f8506",
            "ignore_blank": true
          },
           {
            "type": "palladium:color",
            "color": "##SKIN_PROTO_10",
            "filter": "#4a7e0b",
            "ignore_blank": true
          },
          {
            "type": "palladium:color",
            "color": "##SKIN_PROTO_11",
            "filter": "#517f0b",
            "ignore_blank": true
          },
          {
            "type": "palladium:color",
            "color": "##SKIN_PROTO_12",
            "filter": "#4e7503",
            "ignore_blank": true
          },
          {
            "type": "palladium:color",
            "color": "##SKIN_PROTO_13",
            "filter": "#4a7605",
            "ignore_blank": true
          },
          {
            "type": "palladium:color",
            "color": "##SKIN_PROTO_14",
            "filter": "#426004",
            "ignore_blank": true
          },
          {
            "type": "palladium:color",
            "color": "##SKIN_PROTO_15",
            "filter": "#335e08",
            "ignore_blank": true
          },
          {
            "type": "palladium:color",
            "color": "##SKIN_PROTO_16",
            "filter": "#384a03",
            "ignore_blank": true
          },
          {
            "type": "palladium:color",
            "color": "##SKIN_PROTO_17",
            "filter": "#2a3402",
            "ignore_blank": true
          },
         {
            "type": "palladium:color",
            "color": "##GLOW_PROTO_1",
            "filter": "#f9f9f9",
            "ignore_blank": true
         },
         {
            "type": "palladium:color",
            "color": "##GLOW_PROTO_2",
            "filter": "#dadedf",
            "ignore_blank": true
         }
         
          
        ],
        "variables": {
            "UNIFORM": {
            "type": "palladium:string_property",
            "property": "uniform"
          },
          "SKIN_PROTO_1": {
            "type": "palladium:string_property",
            "property": "gourmand_prototype_skincolor_palette_1_color_1"
          },
          "SKIN_PROTO_2": {
            "type": "palladium:string_property",
            "property": "gourmand_prototype_skincolor_palette_1_color_2"
          },
          "SKIN_PROTO_8": {
            "type": "palladium:string_property",
            "property": "gourmand_prototype_skincolor_palette_1_color_8"
          },
          "SKIN_PROTO_9": {
            "type": "palladium:string_property",
            "property": "gourmand_prototype_skincolor_palette_1_color_9"
          },
          "SKIN_PROTO_10": {
            "type": "palladium:string_property",
            "property": "gourmand_prototype_skincolor_palette_1_color_10"
          },
           "SKIN_PROTO_11": {
            "type": "palladium:string_property",
            "property": "gourmand_prototype_skincolor_palette_1_color_11"
          },
          "SKIN_PROTO_12": {
            "type": "palladium:string_property",
            "property": "gourmand_prototype_skincolor_palette_1_color_12"
          },
          "SKIN_PROTO_13": {
            "type": "palladium:string_property",
            "property": "gourmand_prototype_skincolor_palette_1_color_13"
          },
          "SKIN_PROTO_14": {
            "type": "palladium:string_property",
            "property": "gourmand_prototype_skincolor_palette_1_color_14"
          },
          "SKIN_PROTO_15": {
            "type": "palladium:string_property",
            "property": "gourmand_prototype_skincolor_palette_1_color_15"
          },
          "SKIN_PROTO_16": {
            "type": "palladium:string_property",
            "property": "gourmand_prototype_skincolor_palette_1_color_16"
          },
          "SKIN_PROTO_17": {
            "type": "palladium:string_property",
            "property": "gourmand_prototype_skincolor_palette_1_color_17"
          },
          "GLOW_PROTO_1": {
            "type": "palladium:string_property",
            "property": "gourmand_prototype_glowcolor_1_color_1"
          },
          "GLOW_PROTO_2": {
            "type": "palladium:string_property",
            "property": "gourmand_prototype_glowcolor_1_color_2"
          }
          
          
        },
  "base": "upchuck:textures/icon/alien_111.png"
}