{
	"format_version": "1.12.0",
	"minecraft:geometry": [
		{
			"description": {
				"identifier": "geometry.evo3",
				"texture_width": 64,
				"texture_height": 64,
				"visible_bounds_width": 6,
				"visible_bounds_height": 4.5,
				"visible_bounds_offset": [0, 1.75, 0]
			},
			"bones": [
				{
					"name": "armorRightLeg",
					"pivot": [-2.2991, 12.16418, 0.52253],
					"cubes": [
						{
							"origin": [-4.9803, 5.88593, -1.56916],
							"size": [2.51143, 6.87359, 2.8011],
							"inflate": -0.1,
							"pivot": [-2.33877, 1.49021, -1.52837],
							"rotation": [-5.5347, 16.1231, 8.7273],
							"uv": {
								"north": {"uv": [11.0416, 51], "uv_size": [-3.0416, 8.9146]},
								"east": {"uv": [8, 51], "uv_size": [3, 7]},
								"south": {"uv": [11, 51], "uv_size": [-2, 7]},
								"west": {"uv": [8, 51], "uv_size": [3, 7]},
								"up": {"uv": [29, 55], "uv_size": [-3, 4]},
								"down": {"uv": [42, 59], "uv_size": [-3, -4]}
							}
						},
						{
							"origin": [-4.56867, 2.58227, -0.12771],
							"size": [3.25166, 5.44615, 3.65113],
							"inflate": -0.1,
							"pivot": [-1.63837, 1.14016, 0.91],
							"rotation": [15.4653, 16.1231, 8.7273],
							"uv": {
								"north": {"uv": [55.9516, 38], "uv_size": [-3.9516, 7.0506]},
								"east": {"uv": [52, 38], "uv_size": [4, 5]},
								"south": {"uv": [56, 38], "uv_size": [-4, 5]},
								"west": {"uv": [52, 38], "uv_size": [4, 5]},
								"up": {"uv": [56, 33], "uv_size": [-4, 5]},
								"down": {"uv": [56, 53], "uv_size": [-4, -5]}
							}
						},
						{
							"origin": [-4.09932, 1.31565, 0.55232],
							"size": [2.15027, 1.78105, 2.29108],
							"inflate": -0.1,
							"pivot": [-1.63837, 1.14016, 0.91],
							"rotation": [15.4653, 16.1231, 8.7273],
							"uv": {
								"north": {"uv": [56, 18], "uv_size": [3, 2]},
								"east": {"uv": [59, 22], "uv_size": [-3, 2]},
								"south": {"uv": [59, 20], "uv_size": [-3, 2]},
								"west": {"uv": [23, 56], "uv_size": [-3, 2]},
								"up": {"uv": [59, 13], "uv_size": [-3, 3]},
								"down": {"uv": [17, 59], "uv_size": [-3, -3]}
							}
						},
						{
							"origin": [-4.29923, 0.08224, -1.37739],
							"size": [2.45453, 1.70407, 4.50917],
							"inflate": 0.1,
							"pivot": [-2.2991, 2.50624, 0.52253],
							"rotation": [0.7027, 13.6323, 1.1854],
							"uv": {
								"north": {"uv": [59, 24], "uv_size": [-3, 2]},
								"east": {"uv": [61, 55], "uv_size": [-6, 2]},
								"south": {"uv": [59, 26], "uv_size": [-3, 2]},
								"west": {"uv": [55, 55], "uv_size": [6, 2]},
								"up": {"uv": [55, 53], "uv_size": [-3, 6]},
								"down": {"uv": [3, 60], "uv_size": [-3, -6]}
							}
						}
					]
				},
				{
					"name": "armorLeftLeg",
					"pivot": [2.02321, 12.16418, 0.52253],
					"cubes": [
						{
							"origin": [2.19297, 5.88593, -1.56916],
							"size": [2.51143, 6.87359, 2.8011],
							"inflate": -0.1,
							"pivot": [2.06288, 1.49021, -1.52837],
							"rotation": [-5.5347, -16.1231, -8.7273],
							"uv": {
								"north": {"uv": [8, 51], "uv_size": [3.0416, 8.9146]},
								"east": {"uv": [11, 51], "uv_size": [-3, 7]},
								"south": {"uv": [9, 51], "uv_size": [2, 7]},
								"west": {"uv": [11, 51], "uv_size": [-3, 7]},
								"up": {"uv": [26, 55], "uv_size": [3, 4]},
								"down": {"uv": [39, 59], "uv_size": [3, -4]}
							}
						},
						{
							"origin": [1.04112, 2.58227, -0.12771],
							"size": [3.25166, 5.44615, 3.65113],
							"inflate": -0.1,
							"pivot": [1.36248, 1.14016, 0.91],
							"rotation": [15.4653, -16.1231, -8.7273],
							"uv": {
								"north": {"uv": [52, 38], "uv_size": [3.9516, 7.0506]},
								"east": {"uv": [56, 38], "uv_size": [-4, 5]},
								"south": {"uv": [52, 38], "uv_size": [4, 5]},
								"west": {"uv": [56, 38], "uv_size": [-4, 5]},
								"up": {"uv": [52, 33], "uv_size": [4, 5]},
								"down": {"uv": [52, 53], "uv_size": [4, -5]}
							}
						},
						{
							"origin": [1.67315, 1.31565, 0.55232],
							"size": [2.15027, 1.78105, 2.29108],
							"inflate": -0.1,
							"pivot": [1.36248, 1.14016, 0.91],
							"rotation": [15.4653, -16.1231, -8.7273],
							"uv": {
								"north": {"uv": [59, 18], "uv_size": [-3, 2]},
								"east": {"uv": [20, 56], "uv_size": [3, 2]},
								"south": {"uv": [56, 20], "uv_size": [3, 2]},
								"west": {"uv": [56, 22], "uv_size": [3, 2]},
								"up": {"uv": [56, 13], "uv_size": [3, 3]},
								"down": {"uv": [14, 59], "uv_size": [3, -3]}
							}
						},
						{
							"origin": [1.5688, 0.08224, -1.37739],
							"size": [2.45453, 1.70407, 4.50917],
							"inflate": 0.1,
							"pivot": [2.02321, 2.50624, 0.52253],
							"rotation": [0.7027, -13.6323, -1.1854],
							"uv": {
								"north": {"uv": [56, 24], "uv_size": [3, 2]},
								"east": {"uv": [61, 55], "uv_size": [-6, 2]},
								"south": {"uv": [56, 26], "uv_size": [3, 2]},
								"west": {"uv": [55, 55], "uv_size": [6, 2]},
								"up": {"uv": [52, 53], "uv_size": [3, 6]},
								"down": {"uv": [0, 60], "uv_size": [3, -6]}
							}
						}
					]
				},
				{
					"name": "armorRightArm",
					"pivot": [-6.15731, 21.51881, 0.53606],
					"rotation": [7.3159, -2.1539, 9.7676]
				},
				{
					"name": "UpperArm3",
					"parent": "armorRightArm",
					"pivot": [-3.06628, 26.95595, -0.53606],
					"rotation": [0, 0, 2.5],
					"cubes": [
						{
							"origin": [-7.78415, 19.45117, -1.22527],
							"size": [4.63652, 4.4416, 4.13529],
							"pivot": [-6.97073, 22.51434, 0.53606],
							"rotation": [0, 0, 45],
							"uv": {
								"north": {"uv": [10.7, 21], "uv_size": [-5.7, 6]},
								"east": {"uv": [15, 21], "uv_size": [-5, 6]},
								"south": {"uv": [19.7, 21], "uv_size": [-5.7, 6]},
								"west": {"uv": [5, 21], "uv_size": [-5, 6]},
								"up": {"uv": [10, 16], "uv_size": [-5, 5]},
								"down": {"uv": [15, 21], "uv_size": [-5, -5]}
							}
						},
						{
							"origin": [-9.27614, 13.44107, -0.97885],
							"size": [3.98579, 7.8111, 3.36949],
							"pivot": [-9.72853, 19.54492, 0.53953],
							"rotation": [-5.20328, -4.7731, 2.28054],
							"uv": {
								"north": {"uv": [9.9, 4], "uv_size": [-4.9, 10.2]},
								"east": {"uv": [13, 4], "uv_size": [-4, 12]},
								"south": {"uv": [16.9, 4], "uv_size": [-4.9, 10.2]},
								"west": {"uv": [5, 4], "uv_size": [-4, 12]},
								"up": {"uv": [9, 0], "uv_size": [-4, 4]},
								"down": {"uv": [13, 4], "uv_size": [-4, -4]}
							}
						}
					]
				},
				{
					"name": "Eye11",
					"parent": "UpperArm3",
					"pivot": [-3.24211, 27.13355, -0.52963],
					"rotation": [-1.50979, 12.71931, -45.04646],
					"cubes": [
						{
							"origin": [-10.34577, 27.13355, -2.22509],
							"size": [0.50026, 0.28258, 0.47096],
							"uv": {
								"north": {"uv": [62, 48], "uv_size": [0, 0]},
								"east": {"uv": [62, 48], "uv_size": [0, 0]},
								"south": {"uv": [62, 48], "uv_size": [0, 0]},
								"west": {"uv": [62, 48], "uv_size": [0, 0]},
								"up": {"uv": [62, 48], "uv_size": [0, 0]},
								"down": {"uv": [62, 48], "uv_size": [0, 0]}
							}
						},
						{
							"origin": [-10.84602, 27.21013, -0.71801],
							"size": [1.60082, 0.66876, 0.28258],
							"uv": {
								"north": {"uv": [60, 45], "uv_size": [-1, 0]},
								"east": {"uv": [60, 45], "uv_size": [0, 0]},
								"south": {"uv": [61, 45], "uv_size": [-1, 0]},
								"west": {"uv": [59, 45], "uv_size": [0, 0]},
								"up": {"uv": [60, 45], "uv_size": [-1, 0]},
								"down": {"uv": [61, 45], "uv_size": [-1, 0]}
							}
						},
						{
							"origin": [-10.34577, 27.13355, 0.69488],
							"size": [0.50026, 0.28258, 0.47096],
							"uv": {
								"north": {"uv": [61, 48], "uv_size": [0, 0]},
								"east": {"uv": [61, 48], "uv_size": [0, 0]},
								"south": {"uv": [61, 48], "uv_size": [0, 0]},
								"west": {"uv": [61, 48], "uv_size": [0, 0]},
								"up": {"uv": [61, 48], "uv_size": [0, 0]},
								"down": {"uv": [61, 48], "uv_size": [0, 0]}
							}
						},
						{
							"origin": [-11.34627, 27.13355, -1.75413],
							"size": [2.60134, 0.28258, 2.44901],
							"uv": {
								"north": {"uv": [56, 64], "uv_size": [-3, 0]},
								"east": {"uv": [59, 64], "uv_size": [-3, 0]},
								"south": {"uv": [62, 64], "uv_size": [-3, 0]},
								"west": {"uv": [53, 64], "uv_size": [-3, 0]},
								"up": {"uv": [56, 61], "uv_size": [-3, 3]},
								"down": {"uv": [59, 64], "uv_size": [-3, -3]}
							}
						},
						{
							"origin": [-11.04613, 27.13355, -1.47155],
							"size": [2.00104, 0.65935, 1.88385],
							"uv": {
								"north": {"uv": [60, 37], "uv_size": [-2, 0]},
								"east": {"uv": [62, 37], "uv_size": [-2, 0]},
								"south": {"uv": [64, 37], "uv_size": [-2, 0]},
								"west": {"uv": [58, 37], "uv_size": [-2, 0]},
								"up": {"uv": [60, 35], "uv_size": [-2, 2]},
								"down": {"uv": [62, 37], "uv_size": [-2, -2]}
							}
						}
					]
				},
				{
					"name": "Eye12",
					"parent": "UpperArm3",
					"pivot": [-8.96949, 23.75519, 1.16839],
					"rotation": [5.89704, -3.68495, -87.91862],
					"cubes": [
						{
							"origin": [-14.74481, 23.75519, -0.21003],
							"size": [0.40671, 0.22974, 0.38289],
							"uv": {
								"north": {"uv": [62, 49], "uv_size": [0, 0]},
								"east": {"uv": [62, 49], "uv_size": [0, 0]},
								"south": {"uv": [62, 49], "uv_size": [0, 0]},
								"west": {"uv": [62, 49], "uv_size": [0, 0]},
								"up": {"uv": [62, 49], "uv_size": [0, 0]},
								"down": {"uv": [62, 49], "uv_size": [0, 0]}
							}
						},
						{
							"origin": [-15.15153, 23.83177, 1.01524],
							"size": [1.30148, 0.54371, 0.22973],
							"uv": {
								"north": {"uv": [61, 45], "uv_size": [-1, 0]},
								"east": {"uv": [61, 45], "uv_size": [0, 0]},
								"south": {"uv": [62, 45], "uv_size": [-1, 0]},
								"west": {"uv": [60, 45], "uv_size": [0, 0]},
								"up": {"uv": [61, 45], "uv_size": [-1, 0]},
								"down": {"uv": [62, 45], "uv_size": [-1, 0]}
							}
						},
						{
							"origin": [-14.74481, 23.75519, 2.16393],
							"size": [0.40671, 0.22974, 0.38289],
							"uv": {
								"north": {"uv": [62, 47], "uv_size": [0, 0]},
								"east": {"uv": [62, 47], "uv_size": [0, 0]},
								"south": {"uv": [62, 47], "uv_size": [0, 0]},
								"west": {"uv": [62, 47], "uv_size": [0, 0]},
								"up": {"uv": [62, 47], "uv_size": [0, 0]},
								"down": {"uv": [62, 47], "uv_size": [0, 0]}
							}
						},
						{
							"origin": [-15.55824, 23.75519, 0.17286],
							"size": [2.11491, 0.22974, 1.99107],
							"uv": {
								"north": {"uv": [62, 44], "uv_size": [-2, 0]},
								"east": {"uv": [64, 44], "uv_size": [-2, 0]},
								"south": {"uv": [66, 44], "uv_size": [-2, 0]},
								"west": {"uv": [60, 44], "uv_size": [-2, 0]},
								"up": {"uv": [62, 42], "uv_size": [-2, 2]},
								"down": {"uv": [64, 44], "uv_size": [-2, -2]}
							}
						},
						{
							"origin": [-15.31421, 23.75519, 0.4026],
							"size": [1.62685, 0.53605, 1.53159],
							"uv": {
								"north": {"uv": [60, 37], "uv_size": [-2, 0]},
								"east": {"uv": [62, 37], "uv_size": [-2, 0]},
								"south": {"uv": [64, 37], "uv_size": [-2, 0]},
								"west": {"uv": [58, 37], "uv_size": [-2, 0]},
								"up": {"uv": [60, 35], "uv_size": [-2, 2]},
								"down": {"uv": [62, 37], "uv_size": [-2, -2]}
							}
						}
					]
				},
				{
					"name": "Eye13",
					"parent": "UpperArm3",
					"pivot": [-8.96949, 20.84517, -0.66951],
					"rotation": [7.15266, 13.46066, -86.7092],
					"cubes": [
						{
							"origin": [-14.74481, 20.84517, -2.04794],
							"size": [0.40671, 0.22974, 0.3829],
							"uv": {
								"north": {"uv": [62, 49], "uv_size": [0, 0]},
								"east": {"uv": [62, 49], "uv_size": [0, 0]},
								"south": {"uv": [62, 49], "uv_size": [0, 0]},
								"west": {"uv": [62, 49], "uv_size": [0, 0]},
								"up": {"uv": [62, 49], "uv_size": [0, 0]},
								"down": {"uv": [62, 49], "uv_size": [0, 0]}
							}
						},
						{
							"origin": [-15.17693, 20.91791, -0.82412],
							"size": [1.30148, 0.54371, 0.22973],
							"uv": {
								"north": {"uv": [60, 47], "uv_size": [-1, 0]},
								"east": {"uv": [60, 47], "uv_size": [0, 0]},
								"south": {"uv": [61, 47], "uv_size": [-1, 0]},
								"west": {"uv": [59, 47], "uv_size": [0, 0]},
								"up": {"uv": [60, 47], "uv_size": [-1, 0]},
								"down": {"uv": [61, 47], "uv_size": [-1, 0]}
							}
						},
						{
							"origin": [-14.74481, 20.84517, 0.32602],
							"size": [0.40671, 0.22974, 0.3829],
							"uv": {
								"north": {"uv": [62, 48], "uv_size": [0, 0]},
								"east": {"uv": [62, 48], "uv_size": [0, 0]},
								"south": {"uv": [62, 48], "uv_size": [0, 0]},
								"west": {"uv": [62, 48], "uv_size": [0, 0]},
								"up": {"uv": [62, 48], "uv_size": [0, 0]},
								"down": {"uv": [62, 48], "uv_size": [0, 0]}
							}
						},
						{
							"origin": [-15.55824, 20.84517, -1.66504],
							"size": [2.11491, 0.22974, 1.99106],
							"uv": {
								"north": {"uv": [62, 44], "uv_size": [-2, 0]},
								"east": {"uv": [64, 44], "uv_size": [-2, 0]},
								"south": {"uv": [66, 44], "uv_size": [-2, 0]},
								"west": {"uv": [60, 44], "uv_size": [-2, 0]},
								"up": {"uv": [62, 42], "uv_size": [-2, 2]},
								"down": {"uv": [64, 44], "uv_size": [-2, -2]}
							}
						},
						{
							"origin": [-15.31421, 20.84517, -1.4353],
							"size": [1.62685, 0.53606, 1.53158],
							"uv": {
								"north": {"uv": [60, 37], "uv_size": [-2, 0]},
								"east": {"uv": [62, 37], "uv_size": [-2, 0]},
								"south": {"uv": [64, 37], "uv_size": [-2, 0]},
								"west": {"uv": [58, 37], "uv_size": [-2, 0]},
								"up": {"uv": [60, 35], "uv_size": [-2, 2]},
								"down": {"uv": [62, 37], "uv_size": [-2, -2]}
							}
						}
					]
				},
				{
					"name": "HalfArm3",
					"parent": "armorRightArm",
					"pivot": [-8.9151, 13.57173, -0.53258],
					"rotation": [0, 0, -12.5],
					"cubes": [
						{
							"origin": [-10.86279, 4.84487, -0.34708],
							"size": [1.05745, 1.91449, 0.99553],
							"pivot": [-13.55163, 19.85124, 0.92243],
							"rotation": [-21.40262, -16.6686, -4.36454],
							"uv": {
								"north": {"uv": [18, 12], "uv_size": [-1, 2]},
								"east": {"uv": [19, 12], "uv_size": [-1, 2]},
								"south": {"uv": [20, 12], "uv_size": [-1, 2]},
								"west": {"uv": [17, 12], "uv_size": [-1, 2]},
								"up": {"uv": [18, 11], "uv_size": [-1, 1]},
								"down": {"uv": [19, 12], "uv_size": [-1, -1]}
							}
						},
						{
							"origin": [-11.05409, 4.36784, 0.1124],
							"size": [2.84698, 2.83344, 2.6037],
							"pivot": [-11.92478, 19.6215, 1.15217],
							"rotation": [-23.29535, -13.81286, 2.82454],
							"uv": {
								"north": {"uv": [26, 14], "uv_size": [-3, 3]},
								"east": {"uv": [29, 14], "uv_size": [-3, 3]},
								"south": {"uv": [32, 14], "uv_size": [-3, 3]},
								"west": {"uv": [23, 14], "uv_size": [-3, 3]},
								"up": {"uv": [26, 11], "uv_size": [-3, 3]},
								"down": {"uv": [29, 14], "uv_size": [-3, -3]}
							}
						},
						{
							"origin": [-9.99225, 6.18104, 0.71123],
							"size": [4.71788, 7.65794, 4.51819],
							"pivot": [-10.21659, 19.54492, 3.21981],
							"rotation": [-29.78922, -9.86042, 10.72897],
							"uv": {
								"north": {"uv": [25.8, 4], "uv_size": [-5.8, 10]},
								"east": {"uv": [29, 4], "uv_size": [-4, 7]},
								"south": {"uv": [64, 0], "uv_size": [-5.8, 10]},
								"west": {"uv": [20.9, 32], "uv_size": [-5.9, 10]},
								"up": {"uv": [24, 0], "uv_size": [-4, 4]},
								"down": {"uv": [62.8, 33.9], "uv_size": [-5.8, -5.9]}
							}
						}
					]
				},
				{
					"name": "Eye14",
					"parent": "HalfArm3",
					"pivot": [-10.77798, 10.58208, -2.0857],
					"rotation": [10.93502, 12.42961, -76.56002],
					"cubes": [
						{
							"origin": [-11.05381, 10.35021, -3.77008],
							"size": [0.49914, 0.28195, 0.46992],
							"uv": {
								"north": {"uv": [61, 47], "uv_size": [0, 0]},
								"east": {"uv": [61, 47], "uv_size": [0, 0]},
								"south": {"uv": [61, 47], "uv_size": [0, 0]},
								"west": {"uv": [61, 47], "uv_size": [0, 0]},
								"up": {"uv": [61, 47], "uv_size": [0, 0]},
								"down": {"uv": [61, 47], "uv_size": [0, 0]}
							}
						},
						{
							"origin": [-11.57143, 10.42406, -2.25598],
							"size": [1.59727, 0.66729, 0.28195],
							"uv": {
								"north": {"uv": [61, 46], "uv_size": [-1, 0]},
								"east": {"uv": [61, 46], "uv_size": [0, 0]},
								"south": {"uv": [62, 46], "uv_size": [-1, 0]},
								"west": {"uv": [60, 46], "uv_size": [0, 0]},
								"up": {"uv": [61, 46], "uv_size": [-1, 0]},
								"down": {"uv": [62, 46], "uv_size": [-1, 0]}
							}
						},
						{
							"origin": [-11.05381, 10.35021, -0.8566],
							"size": [0.49914, 0.28195, 0.46992],
							"uv": {
								"north": {"uv": [62, 46], "uv_size": [0, 0]},
								"east": {"uv": [62, 46], "uv_size": [0, 0]},
								"south": {"uv": [62, 46], "uv_size": [0, 0]},
								"west": {"uv": [62, 46], "uv_size": [0, 0]},
								"up": {"uv": [62, 46], "uv_size": [0, 0]},
								"down": {"uv": [62, 46], "uv_size": [0, 0]}
							}
						},
						{
							"origin": [-12.05211, 10.35021, -3.30016],
							"size": [2.59556, 0.28195, 2.44356],
							"uv": {
								"north": {"uv": [58, 63], "uv_size": [-3, 0]},
								"east": {"uv": [61, 63], "uv_size": [-3, 0]},
								"south": {"uv": [64, 63], "uv_size": [-3, 0]},
								"west": {"uv": [55, 63], "uv_size": [-3, 0]},
								"up": {"uv": [58, 60], "uv_size": [-3, 3]},
								"down": {"uv": [61, 63], "uv_size": [-3, -3]}
							}
						},
						{
							"origin": [-11.75262, 10.35021, -3.01821],
							"size": [1.99659, 0.65788, 1.87966],
							"uv": {
								"north": {"uv": [60, 37], "uv_size": [-2, 0]},
								"east": {"uv": [62, 37], "uv_size": [-2, 0]},
								"south": {"uv": [64, 37], "uv_size": [-2, 0]},
								"west": {"uv": [58, 37], "uv_size": [-2, 0]},
								"up": {"uv": [60, 35], "uv_size": [-2, 2]},
								"down": {"uv": [62, 37], "uv_size": [-2, -2]}
							}
						}
					]
				},
				{
					"name": "armorLeftArm",
					"pivot": [5.88141, 21.51881, 0.53606],
					"rotation": [7.3159, 2.1539, -9.7676]
				},
				{
					"name": "UpperArm2",
					"parent": "armorLeftArm",
					"pivot": [2.79039, 26.95595, -0.53606],
					"rotation": [0, 0, -2.5],
					"cubes": [
						{
							"origin": [2.87173, 19.45117, -1.22527],
							"size": [4.63652, 4.4416, 4.13529],
							"pivot": [6.69484, 22.51434, 0.53606],
							"rotation": [0, 0, -45],
							"uv": {
								"north": {"uv": [5, 21], "uv_size": [5.7, 6]},
								"east": {"uv": [0, 21], "uv_size": [5, 6]},
								"south": {"uv": [14, 21], "uv_size": [5.7, 6]},
								"west": {"uv": [10, 21], "uv_size": [5, 6]},
								"up": {"uv": [5, 16], "uv_size": [4.5, 4.7]},
								"down": {"uv": [10, 21], "uv_size": [5, -5]}
							}
						},
						{
							"origin": [5.01446, 13.44107, -0.97885],
							"size": [3.98579, 7.8111, 3.36949],
							"pivot": [9.45264, 19.54492, 0.53953],
							"rotation": [-5.20328, 4.7731, -2.28054],
							"uv": {
								"north": {"uv": [5, 4], "uv_size": [4.9, 10.2]},
								"east": {"uv": [1, 4], "uv_size": [3.9, 10.1]},
								"south": {"uv": [12, 4], "uv_size": [4.9, 10.2]},
								"west": {"uv": [9, 4], "uv_size": [3.9, 10.3]},
								"up": {"uv": [5, 0], "uv_size": [4, 4]},
								"down": {"uv": [9, 4], "uv_size": [4, -4]}
							}
						}
					]
				},
				{
					"name": "Eye2",
					"parent": "UpperArm2",
					"pivot": [2.96622, 27.13355, -0.52963],
					"rotation": [-1.50979, -12.71931, 45.04646],
					"cubes": [
						{
							"origin": [9.56961, 27.13355, -2.22509],
							"size": [0.50026, 0.28258, 0.47096],
							"uv": {
								"north": {"uv": [62, 48], "uv_size": [0, 0]},
								"east": {"uv": [62, 48], "uv_size": [0, 0]},
								"south": {"uv": [62, 48], "uv_size": [0, 0]},
								"west": {"uv": [62, 48], "uv_size": [0, 0]},
								"up": {"uv": [62, 48], "uv_size": [0, 0]},
								"down": {"uv": [62, 48], "uv_size": [0, 0]}
							}
						},
						{
							"origin": [8.96931, 27.21013, -0.71801],
							"size": [1.60082, 0.66876, 0.28258],
							"uv": {
								"north": {"uv": [59, 45], "uv_size": [1, 0]},
								"east": {"uv": [59, 45], "uv_size": [0, 0]},
								"south": {"uv": [60, 45], "uv_size": [1, 0]},
								"west": {"uv": [60, 45], "uv_size": [0, 0]},
								"up": {"uv": [59, 45], "uv_size": [1, 0]},
								"down": {"uv": [60, 45], "uv_size": [1, 0]}
							}
						},
						{
							"origin": [9.56961, 27.13355, 0.69488],
							"size": [0.50026, 0.28258, 0.47096],
							"uv": {
								"north": {"uv": [61, 48], "uv_size": [0, 0]},
								"east": {"uv": [61, 48], "uv_size": [0, 0]},
								"south": {"uv": [61, 48], "uv_size": [0, 0]},
								"west": {"uv": [61, 48], "uv_size": [0, 0]},
								"up": {"uv": [61, 48], "uv_size": [0, 0]},
								"down": {"uv": [61, 48], "uv_size": [0, 0]}
							}
						},
						{
							"origin": [8.46904, 27.13355, -1.75413],
							"size": [2.60134, 0.28258, 2.44901],
							"uv": {
								"north": {"uv": [53, 64], "uv_size": [3, 0]},
								"east": {"uv": [50, 64], "uv_size": [3, 0]},
								"south": {"uv": [59, 64], "uv_size": [3, 0]},
								"west": {"uv": [56, 64], "uv_size": [3, 0]},
								"up": {"uv": [53, 61], "uv_size": [3, 3]},
								"down": {"uv": [56, 64], "uv_size": [3, -3]}
							}
						},
						{
							"origin": [8.7692, 27.13355, -1.47155],
							"size": [2.00104, 0.65935, 1.88385],
							"uv": {
								"north": {"uv": [58, 37], "uv_size": [2, 0]},
								"east": {"uv": [56, 37], "uv_size": [2, 0]},
								"south": {"uv": [62, 37], "uv_size": [2, 0]},
								"west": {"uv": [60, 37], "uv_size": [2, 0]},
								"up": {"uv": [58, 35], "uv_size": [2, 2]},
								"down": {"uv": [60, 37], "uv_size": [2, -2]}
							}
						}
					]
				},
				{
					"name": "Eye3",
					"parent": "UpperArm2",
					"pivot": [8.6936, 23.75519, 1.16839],
					"rotation": [5.89704, 3.68495, 87.91862],
					"cubes": [
						{
							"origin": [14.06221, 23.75519, -0.21003],
							"size": [0.40671, 0.22974, 0.38289],
							"uv": {
								"north": {"uv": [62, 49], "uv_size": [0, 0]},
								"east": {"uv": [62, 49], "uv_size": [0, 0]},
								"south": {"uv": [62, 49], "uv_size": [0, 0]},
								"west": {"uv": [62, 49], "uv_size": [0, 0]},
								"up": {"uv": [62, 49], "uv_size": [0, 0]},
								"down": {"uv": [62, 49], "uv_size": [0, 0]}
							}
						},
						{
							"origin": [13.57415, 23.83177, 1.01524],
							"size": [1.30148, 0.54371, 0.22973],
							"uv": {
								"north": {"uv": [60, 45], "uv_size": [1, 0]},
								"east": {"uv": [60, 45], "uv_size": [0, 0]},
								"south": {"uv": [61, 45], "uv_size": [1, 0]},
								"west": {"uv": [61, 45], "uv_size": [0, 0]},
								"up": {"uv": [60, 45], "uv_size": [1, 0]},
								"down": {"uv": [61, 45], "uv_size": [1, 0]}
							}
						},
						{
							"origin": [14.06221, 23.75519, 2.16393],
							"size": [0.40671, 0.22974, 0.38289],
							"uv": {
								"north": {"uv": [62, 47], "uv_size": [0, 0]},
								"east": {"uv": [62, 47], "uv_size": [0, 0]},
								"south": {"uv": [62, 47], "uv_size": [0, 0]},
								"west": {"uv": [62, 47], "uv_size": [0, 0]},
								"up": {"uv": [62, 47], "uv_size": [0, 0]},
								"down": {"uv": [62, 47], "uv_size": [0, 0]}
							}
						},
						{
							"origin": [13.16744, 23.75519, 0.17286],
							"size": [2.11491, 0.22974, 1.99107],
							"uv": {
								"north": {"uv": [60, 44], "uv_size": [2, 0]},
								"east": {"uv": [58, 44], "uv_size": [2, 0]},
								"south": {"uv": [64, 44], "uv_size": [2, 0]},
								"west": {"uv": [62, 44], "uv_size": [2, 0]},
								"up": {"uv": [60, 42], "uv_size": [2, 2]},
								"down": {"uv": [62, 44], "uv_size": [2, -2]}
							}
						},
						{
							"origin": [13.41147, 23.75519, 0.4026],
							"size": [1.62685, 0.53605, 1.53159],
							"uv": {
								"north": {"uv": [58, 37], "uv_size": [2, 0]},
								"east": {"uv": [56, 37], "uv_size": [2, 0]},
								"south": {"uv": [62, 37], "uv_size": [2, 0]},
								"west": {"uv": [60, 37], "uv_size": [2, 0]},
								"up": {"uv": [58, 35], "uv_size": [2, 2]},
								"down": {"uv": [60, 37], "uv_size": [2, -2]}
							}
						}
					]
				},
				{
					"name": "Eye4",
					"parent": "UpperArm2",
					"pivot": [8.6936, 20.84517, -0.66951],
					"rotation": [7.15266, -13.46066, 86.7092],
					"cubes": [
						{
							"origin": [14.06221, 20.84517, -2.04794],
							"size": [0.40671, 0.22974, 0.3829],
							"uv": {
								"north": {"uv": [62, 49], "uv_size": [0, 0]},
								"east": {"uv": [62, 49], "uv_size": [0, 0]},
								"south": {"uv": [62, 49], "uv_size": [0, 0]},
								"west": {"uv": [62, 49], "uv_size": [0, 0]},
								"up": {"uv": [62, 49], "uv_size": [0, 0]},
								"down": {"uv": [62, 49], "uv_size": [0, 0]}
							}
						},
						{
							"origin": [13.59956, 20.91791, -0.82412],
							"size": [1.30148, 0.54371, 0.22973],
							"uv": {
								"north": {"uv": [59, 47], "uv_size": [1, 0]},
								"east": {"uv": [59, 47], "uv_size": [0, 0]},
								"south": {"uv": [60, 47], "uv_size": [1, 0]},
								"west": {"uv": [60, 47], "uv_size": [0, 0]},
								"up": {"uv": [59, 47], "uv_size": [1, 0]},
								"down": {"uv": [60, 47], "uv_size": [1, 0]}
							}
						},
						{
							"origin": [14.06221, 20.84517, 0.32602],
							"size": [0.40671, 0.22974, 0.3829],
							"uv": {
								"north": {"uv": [62, 48], "uv_size": [0, 0]},
								"east": {"uv": [62, 48], "uv_size": [0, 0]},
								"south": {"uv": [62, 48], "uv_size": [0, 0]},
								"west": {"uv": [62, 48], "uv_size": [0, 0]},
								"up": {"uv": [62, 48], "uv_size": [0, 0]},
								"down": {"uv": [62, 48], "uv_size": [0, 0]}
							}
						},
						{
							"origin": [13.16744, 20.84517, -1.66504],
							"size": [2.11491, 0.22974, 1.99106],
							"uv": {
								"north": {"uv": [60, 44], "uv_size": [2, 0]},
								"east": {"uv": [58, 44], "uv_size": [2, 0]},
								"south": {"uv": [64, 44], "uv_size": [2, 0]},
								"west": {"uv": [62, 44], "uv_size": [2, 0]},
								"up": {"uv": [60, 42], "uv_size": [2, 2]},
								"down": {"uv": [62, 44], "uv_size": [2, -2]}
							}
						},
						{
							"origin": [13.41147, 20.84517, -1.4353],
							"size": [1.62685, 0.53606, 1.53158],
							"uv": {
								"north": {"uv": [58, 37], "uv_size": [2, 0]},
								"east": {"uv": [56, 37], "uv_size": [2, 0]},
								"south": {"uv": [62, 37], "uv_size": [2, 0]},
								"west": {"uv": [60, 37], "uv_size": [2, 0]},
								"up": {"uv": [58, 35], "uv_size": [2, 2]},
								"down": {"uv": [60, 37], "uv_size": [2, -2]}
							}
						}
					]
				},
				{
					"name": "HalfArm2",
					"parent": "armorLeftArm",
					"pivot": [8.6392, 13.57173, -0.53258],
					"rotation": [0, 0, 12.5],
					"cubes": [
						{
							"origin": [9.52944, 4.84487, -0.34708],
							"size": [1.05745, 1.91449, 0.99553],
							"pivot": [13.27574, 19.85124, 0.92243],
							"rotation": [-21.40262, 16.6686, 4.36454],
							"uv": {
								"north": {"uv": [17, 12], "uv_size": [1, 2]},
								"east": {"uv": [16, 12], "uv_size": [1, 2]},
								"south": {"uv": [19, 12], "uv_size": [1, 2]},
								"west": {"uv": [18, 12], "uv_size": [1, 2]},
								"up": {"uv": [17, 11], "uv_size": [1, 1]},
								"down": {"uv": [18, 12], "uv_size": [1, -1]}
							}
						},
						{
							"origin": [7.93122, 4.36784, 0.1124],
							"size": [2.84698, 2.83344, 2.6037],
							"pivot": [11.64888, 19.6215, 1.15217],
							"rotation": [-23.29535, 13.81286, -2.82454],
							"uv": {
								"north": {"uv": [23, 14], "uv_size": [3, 3]},
								"east": {"uv": [20, 14], "uv_size": [3, 3]},
								"south": {"uv": [29, 14], "uv_size": [3, 3]},
								"west": {"uv": [26, 14], "uv_size": [3, 3]},
								"up": {"uv": [23, 11], "uv_size": [3, 3]},
								"down": {"uv": [26, 14], "uv_size": [3, -3]}
							}
						},
						{
							"origin": [4.99848, 6.18104, 0.71123],
							"size": [4.71788, 7.65794, 4.51819],
							"pivot": [9.9407, 19.54492, 3.21981],
							"rotation": [-29.78922, 9.86042, -10.72897],
							"uv": {
								"north": {"uv": [20, 4], "uv_size": [5.8, 10]},
								"east": {"uv": [15, 32], "uv_size": [5.9, 10]},
								"south": {"uv": [58.2, 0], "uv_size": [5.8, 10]},
								"west": {"uv": [25, 4], "uv_size": [4, 7]},
								"up": {"uv": [20, 0], "uv_size": [4, 4]},
								"down": {"uv": [57, 33.9], "uv_size": [5.8, -5.9]}
							}
						}
					]
				},
				{
					"name": "Eye5",
					"parent": "HalfArm2",
					"pivot": [9.45264, 16.63491, -3.57996],
					"rotation": [10.93502, -12.42961, 76.56002],
					"cubes": [
						{
							"origin": [15.8768, 16.13638, -5.41964],
							"size": [0.49914, 0.28195, 0.46992],
							"uv": {
								"north": {"uv": [61, 47], "uv_size": [0, 0]},
								"east": {"uv": [61, 47], "uv_size": [0, 0]},
								"south": {"uv": [61, 47], "uv_size": [0, 0]},
								"west": {"uv": [61, 47], "uv_size": [0, 0]},
								"up": {"uv": [61, 47], "uv_size": [0, 0]},
								"down": {"uv": [61, 47], "uv_size": [0, 0]}
							}
						},
						{
							"origin": [15.29629, 16.21023, -3.90554],
							"size": [1.59727, 0.66729, 0.28195],
							"uv": {
								"north": {"uv": [60, 46], "uv_size": [1, 0]},
								"east": {"uv": [60, 46], "uv_size": [0, 0]},
								"south": {"uv": [61, 46], "uv_size": [1, 0]},
								"west": {"uv": [61, 46], "uv_size": [0, 0]},
								"up": {"uv": [60, 46], "uv_size": [1, 0]},
								"down": {"uv": [61, 46], "uv_size": [1, 0]}
							}
						},
						{
							"origin": [15.8768, 16.13638, -2.50616],
							"size": [0.49914, 0.28195, 0.46992],
							"uv": {
								"north": {"uv": [62, 46], "uv_size": [0, 0]},
								"east": {"uv": [62, 46], "uv_size": [0, 0]},
								"south": {"uv": [62, 46], "uv_size": [0, 0]},
								"west": {"uv": [62, 46], "uv_size": [0, 0]},
								"up": {"uv": [62, 46], "uv_size": [0, 0]},
								"down": {"uv": [62, 46], "uv_size": [0, 0]}
							}
						},
						{
							"origin": [14.77868, 16.13638, -4.94972],
							"size": [2.59556, 0.28195, 2.44356],
							"uv": {
								"north": {"uv": [55, 63], "uv_size": [3, 0]},
								"east": {"uv": [52, 63], "uv_size": [3, 0]},
								"south": {"uv": [61, 63], "uv_size": [3, 0]},
								"west": {"uv": [58, 63], "uv_size": [3, 0]},
								"up": {"uv": [55, 60], "uv_size": [3, 3]},
								"down": {"uv": [58, 63], "uv_size": [3, -3]}
							}
						},
						{
							"origin": [15.07816, 16.13638, -4.66777],
							"size": [1.99659, 0.65788, 1.87966],
							"uv": {
								"north": {"uv": [58, 37], "uv_size": [2, 0]},
								"east": {"uv": [56, 37], "uv_size": [2, 0]},
								"south": {"uv": [62, 37], "uv_size": [2, 0]},
								"west": {"uv": [60, 37], "uv_size": [2, 0]},
								"up": {"uv": [58, 35], "uv_size": [2, 2]},
								"down": {"uv": [60, 37], "uv_size": [2, -2]}
							}
						}
					]
				},
				{
					"name": "armorBody",
					"pivot": [-0.13795, 25.50094, 1.53159],
					"cubes": [
						{
							"origin": [-6.52334, 17.71113, -2.08948],
							"size": [12.77079, 6.66241, 5.36055],
							"pivot": [-0.13795, 20.98275, -0.01914],
							"rotation": [2.5, 0, 0],
							"uv": {
								"north": {"uv": [20, 17], "uv_size": [15, 8]},
								"east": {"uv": [35, 22], "uv_size": [7, 8]},
								"south": {"uv": [20, 25], "uv_size": [14, 6.8]},
								"west": {"uv": [42, 22], "uv_size": [-7, 8]},
								"up": {"uv": [0, 27], "uv_size": [14, 7]},
								"down": {"uv": [32, 7], "uv_size": [15, -7]}
							}
						},
						{
							"origin": [-1.88682, 22.38247, 1.28001],
							"size": [3.49774, 4.44161, 3.29291],
							"pivot": [-0.13795, 20.52328, 1.58902],
							"rotation": [37.5, 0, 0],
							"uv": {
								"north": {"uv": [19, 48], "uv_size": [4, 8]},
								"east": {"uv": [47, 36], "uv_size": [5, 8]},
								"south": {"uv": [48, 20], "uv_size": [4, 8]},
								"west": {"uv": [52, 36], "uv_size": [-5, 8]},
								"up": {"uv": [52, 23], "uv_size": [4, -5]},
								"down": {"uv": [52, 28], "uv_size": [4, -5]}
							}
						},
						{
							"origin": [-4.69314, 16.23866, -1.11232],
							"size": [9.19173, 4.90108, 4.28845],
							"uv": {
								"north": {"uv": [0, 34], "uv_size": [9, 7]},
								"east": {"uv": [41, 41], "uv_size": [6, 7]},
								"south": {"uv": [35, 15], "uv_size": [9, 7]},
								"west": {"uv": [47, 41], "uv_size": [-6, 7]},
								"down": {"uv": [41, 13], "uv_size": [9, -6]}
							}
						},
						{
							"origin": [-2.65957, 12.56285, -0.34652],
							"size": [5.12458, 8.194, 2.75686],
							"uv": {
								"north": {"uv": [9, 34], "uv_size": [6, 10.7]},
								"east": {"uv": [33, 41], "uv_size": [4, 11]},
								"south": {"uv": [13.9, 53.3], "uv_size": [6.1, 10.7]},
								"west": {"uv": [36.6, 41], "uv_size": [-3.6, 10.7]},
								"down": {"uv": [14, 56], "uv_size": [5, -4]}
							}
						},
						{
							"origin": [-1.43943, 11.79706, -0.34652],
							"size": [2.68431, 0.76579, 2.75686],
							"uv": {
								"north": {"uv": [39, 32], "uv_size": [3, 1]},
								"east": {"uv": [40, 32], "uv_size": [-4, 1]},
								"south": {"uv": [47, 6], "uv_size": [3, 1]},
								"west": {"uv": [35, 32], "uv_size": [4, 1]},
								"down": {"uv": [54, 4], "uv_size": [3, -4]}
							}
						},
						{
							"origin": [-2.1951, 65.30255, 12.61463],
							"size": [4.22818, 1.20558, 3.59769],
							"pivot": [-0.13795, 35.51317, 28.03936],
							"rotation": [93, 0, 0],
							"uv": {
								"north": {"uv": [26, 63], "uv_size": [-4, 1]},
								"east": {"uv": [30, 63], "uv_size": [-4, 1]},
								"south": {"uv": [34, 63], "uv_size": [-4, 1]},
								"west": {"uv": [22, 63], "uv_size": [-4, 1]},
								"up": {"uv": [26, 59], "uv_size": [-4, 4]},
								"down": {"uv": [30, 63], "uv_size": [-4, -4]}
							}
						},
						{
							"origin": [-2.74392, 65.91519, 12.17453],
							"size": [5.32582, 0.51668, 4.47788],
							"pivot": [-0.13795, 35.51317, 28.03936],
							"rotation": [93, 0, 0],
							"uv": {
								"north": {"uv": [60, 64], "uv_size": [-6, 0]},
								"east": {"uv": [65, 64], "uv_size": [-5, 0]},
								"south": {"uv": [71, 64], "uv_size": [-6, 0]},
								"west": {"uv": [54, 64], "uv_size": [-5, 0]},
								"up": {"uv": [60, 59], "uv_size": [-6, 5]},
								"down": {"uv": [66, 64], "uv_size": [-6, -5]}
							}
						},
						{
							"origin": [-3.07689, 20.03345, -2.21934],
							"size": [0.75201, 0.51668, 0.78455],
							"pivot": [-0.12167, 20.29179, -1.86536],
							"rotation": [90, -3, 90],
							"uv": {
								"north": {"uv": [61, 49], "uv_size": [3, -3]},
								"east": {"uv": [65, 45], "uv_size": [-5, 4]},
								"south": {"uv": [57, 43], "uv_size": [6, 6]},
								"west": {"uv": [64, 49], "uv_size": [-5, -7]},
								"up": {"uv": [64, 44], "uv_size": [-5, 5]},
								"down": {"uv": [60, 49], "uv_size": [4, -5]}
							}
						},
						{
							"origin": [0.79236, 22.31967, -2.33937],
							"size": [3.02961, 0.51668, 0.47823],
							"pivot": [-0.12167, 22.57801, -2.13855],
							"rotation": [90, -3, 90],
							"uv": {
								"north": {"uv": [64, 49], "uv_size": [-3, 0]},
								"east": {"uv": [64, 49], "uv_size": [0, 0]},
								"south": {"uv": [67, 49], "uv_size": [-3, 0]},
								"west": {"uv": [61, 49], "uv_size": [0, 0]},
								"up": {"uv": [64, 49], "uv_size": [-3, 0]},
								"down": {"uv": [67, 49], "uv_size": [-3, 0]}
							}
						},
						{
							"origin": [2.10653, 20.03345, -2.21934],
							"size": [0.42664, 0.51668, 0.78455],
							"pivot": [-0.12167, 20.29179, -1.86536],
							"rotation": [90, -3, 90],
							"uv": {
								"north": {"uv": [61, 48], "uv_size": [0, 0]},
								"east": {"uv": [62, 48], "uv_size": [-1, 0]},
								"south": {"uv": [62, 48], "uv_size": [0, 0]},
								"west": {"uv": [61, 48], "uv_size": [-1, 0]},
								"up": {"uv": [61, 47], "uv_size": [0, 1]},
								"down": {"uv": [61, 48], "uv_size": [0, -1]}
							}
						},
						{
							"origin": [5.7594, 18.32376, -2.08948],
							"size": [0.89477, 5.9732, 5.51371],
							"pivot": [11.33136, 19.45117, -0.09572],
							"rotation": [2.49762, -0.10901, 2.49762],
							"uv": {
								"north": {"uv": [63, 17], "uv_size": [1, 8]},
								"east": {"uv": [43, 7], "uv_size": [6, 6]},
								"south": {"uv": [64, 17], "uv_size": [-1, 7]},
								"up": {"uv": [3, 59], "uv_size": [1, 4]},
								"down": {"uv": [64, 24], "uv_size": [-1, -7]}
							}
						},
						{
							"origin": [-6.93006, 18.32376, -2.08948],
							"size": [0.89477, 5.9732, 5.51371],
							"pivot": [-11.60725, 19.45117, -0.09572],
							"rotation": [2.49762, 0.10901, -2.49762],
							"uv": {
								"north": {"uv": [64, 17], "uv_size": [-1, 8]},
								"south": {"uv": [63, 17], "uv_size": [1, 7]},
								"west": {"uv": [49, 7], "uv_size": [-6, 6]},
								"up": {"uv": [4, 59], "uv_size": [-1, 4]},
								"down": {"uv": [63, 24], "uv_size": [1, -7]}
							}
						}
					]
				},
				{
					"name": "Eye",
					"parent": "armorBody",
					"pivot": [-1.60211, 24.27567, 1.76133],
					"rotation": [0, 11, 0],
					"cubes": [
						{
							"origin": [3.7665, 24.27567, 0.3829],
							"size": [0.40672, 0.22974, 0.38289],
							"uv": {
								"north": {"uv": [61, 46], "uv_size": [0, 0]},
								"east": {"uv": [61, 46], "uv_size": [0, 0]},
								"south": {"uv": [61, 46], "uv_size": [0, 0]},
								"west": {"uv": [61, 46], "uv_size": [0, 0]},
								"up": {"uv": [61, 46], "uv_size": [0, 0]},
								"down": {"uv": [61, 46], "uv_size": [0, 0]}
							}
						},
						{
							"origin": [3.27844, 24.35225, 1.60817],
							"size": [1.30148, 0.54371, 0.22974],
							"uv": {
								"north": {"uv": [61, 46], "uv_size": [1, 0]},
								"east": {"uv": [61, 46], "uv_size": [0, 0]},
								"south": {"uv": [62, 46], "uv_size": [1, 0]},
								"west": {"uv": [62, 46], "uv_size": [0, 0]},
								"up": {"uv": [61, 46], "uv_size": [1, 0]},
								"down": {"uv": [62, 46], "uv_size": [1, 0]}
							}
						},
						{
							"origin": [3.7665, 24.27567, 2.75686],
							"size": [0.40672, 0.22974, 0.3829],
							"uv": {
								"north": {"uv": [62, 48], "uv_size": [0, 0]},
								"east": {"uv": [62, 48], "uv_size": [0, 0]},
								"south": {"uv": [62, 48], "uv_size": [0, 0]},
								"west": {"uv": [62, 48], "uv_size": [0, 0]},
								"up": {"uv": [62, 48], "uv_size": [0, 0]},
								"down": {"uv": [62, 48], "uv_size": [0, 0]}
							}
						},
						{
							"origin": [2.87173, 24.27567, 0.76579],
							"size": [2.1149, 0.22974, 1.99107],
							"uv": {
								"north": {"uv": [60, 44], "uv_size": [2, 0]},
								"east": {"uv": [58, 44], "uv_size": [2, 0]},
								"south": {"uv": [64, 44], "uv_size": [2, 0]},
								"west": {"uv": [62, 44], "uv_size": [2, 0]},
								"up": {"uv": [60, 42], "uv_size": [2, 2]},
								"down": {"uv": [62, 44], "uv_size": [2, -2]}
							}
						},
						{
							"origin": [3.11576, 24.27567, 0.99553],
							"size": [1.62684, 0.53605, 1.53159],
							"uv": {
								"north": {"uv": [58, 37], "uv_size": [2, 0]},
								"east": {"uv": [56, 37], "uv_size": [2, 0]},
								"south": {"uv": [62, 37], "uv_size": [2, 0]},
								"west": {"uv": [60, 37], "uv_size": [2, 0]},
								"up": {"uv": [58, 35], "uv_size": [2, 2]},
								"down": {"uv": [60, 37], "uv_size": [2, -2]}
							}
						}
					]
				},
				{
					"name": "Eye6",
					"parent": "armorBody",
					"pivot": [1.32622, 24.27567, 1.76133],
					"rotation": [0, -11, 0],
					"cubes": [
						{
							"origin": [-4.44911, 24.27567, 0.3829],
							"size": [0.40672, 0.22974, 0.38289],
							"uv": {
								"north": {"uv": [60, 48], "uv_size": [0, 0]},
								"east": {"uv": [60, 48], "uv_size": [0, 0]},
								"south": {"uv": [60, 48], "uv_size": [0, 0]},
								"west": {"uv": [60, 48], "uv_size": [0, 0]},
								"up": {"uv": [60, 48], "uv_size": [0, 0]},
								"down": {"uv": [60, 48], "uv_size": [0, 0]}
							}
						},
						{
							"origin": [-4.85581, 24.35225, 1.60817],
							"size": [1.30148, 0.54371, 0.22974],
							"uv": {
								"north": {"uv": [62, 47], "uv_size": [-1, 0]},
								"east": {"uv": [62, 47], "uv_size": [0, 0]},
								"south": {"uv": [63, 47], "uv_size": [-1, 0]},
								"west": {"uv": [61, 47], "uv_size": [0, 0]},
								"up": {"uv": [62, 47], "uv_size": [-1, 0]},
								"down": {"uv": [63, 47], "uv_size": [-1, 0]}
							}
						},
						{
							"origin": [-4.44911, 24.27567, 2.75686],
							"size": [0.40672, 0.22974, 0.3829],
							"uv": {
								"north": {"uv": [62, 49], "uv_size": [0, 0]},
								"east": {"uv": [62, 49], "uv_size": [0, 0]},
								"south": {"uv": [62, 49], "uv_size": [0, 0]},
								"west": {"uv": [62, 49], "uv_size": [0, 0]},
								"up": {"uv": [62, 49], "uv_size": [0, 0]},
								"down": {"uv": [62, 49], "uv_size": [0, 0]}
							}
						},
						{
							"origin": [-5.26253, 24.27567, 0.76579],
							"size": [2.1149, 0.22974, 1.99107],
							"uv": {
								"north": {"uv": [62, 44], "uv_size": [-2, 0]},
								"east": {"uv": [64, 44], "uv_size": [-2, 0]},
								"south": {"uv": [66, 44], "uv_size": [-2, 0]},
								"west": {"uv": [60, 44], "uv_size": [-2, 0]},
								"up": {"uv": [62, 42], "uv_size": [-2, 2]},
								"down": {"uv": [64, 44], "uv_size": [-2, -2]}
							}
						},
						{
							"origin": [-5.0185, 24.27567, 0.99553],
							"size": [1.62684, 0.53605, 1.53159],
							"uv": {
								"north": {"uv": [60, 37], "uv_size": [-2, 0]},
								"east": {"uv": [62, 37], "uv_size": [-2, 0]},
								"south": {"uv": [64, 37], "uv_size": [-2, 0]},
								"west": {"uv": [58, 37], "uv_size": [-2, 0]},
								"up": {"uv": [60, 35], "uv_size": [-2, 2]},
								"down": {"uv": [62, 37], "uv_size": [-2, -2]}
							}
						}
					]
				},
				{
					"name": "Eye7",
					"parent": "armorBody",
					"pivot": [0.91951, 29.32991, 2.6037],
					"rotation": [-90, 2.5, -107.5],
					"cubes": [
						{
							"origin": [-6.99269, 29.32991, 0.71525],
							"size": [0.5572, 0.31474, 0.52457],
							"uv": {
								"north": {"uv": [63, 49], "uv_size": [0, 0]},
								"east": {"uv": [63, 49], "uv_size": [0, 0]},
								"south": {"uv": [63, 49], "uv_size": [0, 0]},
								"west": {"uv": [63, 49], "uv_size": [0, 0]},
								"up": {"uv": [63, 49], "uv_size": [0, 0]},
								"down": {"uv": [63, 49], "uv_size": [0, 0]}
							}
						},
						{
							"origin": [-7.54988, 29.40649, 2.39387],
							"size": [1.78303, 0.74489, 0.31474],
							"uv": {
								"north": {"uv": [62, 45], "uv_size": [-2, 0]},
								"east": {"uv": [62, 45], "uv_size": [0, 0]},
								"south": {"uv": [64, 45], "uv_size": [-2, 0]},
								"west": {"uv": [60, 45], "uv_size": [0, 0]},
								"up": {"uv": [62, 45], "uv_size": [-2, 0]},
								"down": {"uv": [64, 45], "uv_size": [-2, 0]}
							}
						},
						{
							"origin": [-6.99269, 29.32991, 3.96758],
							"size": [0.5572, 0.31474, 0.52457],
							"uv": {
								"north": {"uv": [59, 46], "uv_size": [0, 0]},
								"east": {"uv": [59, 46], "uv_size": [0, 0]},
								"south": {"uv": [59, 46], "uv_size": [0, 0]},
								"west": {"uv": [59, 46], "uv_size": [0, 0]},
								"up": {"uv": [59, 46], "uv_size": [0, 0]},
								"down": {"uv": [59, 46], "uv_size": [0, 0]}
							}
						},
						{
							"origin": [-8.10708, 29.32991, 1.23982],
							"size": [2.89742, 0.31474, 2.72776],
							"uv": {
								"north": {"uv": [61, 64], "uv_size": [-3, 0]},
								"east": {"uv": [64, 64], "uv_size": [-3, 0]},
								"south": {"uv": [67, 64], "uv_size": [-3, 0]},
								"west": {"uv": [58, 64], "uv_size": [-3, 0]},
								"up": {"uv": [61, 61], "uv_size": [-3, 3]},
								"down": {"uv": [64, 64], "uv_size": [-3, -3]}
							}
						},
						{
							"origin": [-7.77276, 29.32991, 1.55456],
							"size": [2.22878, 0.7344, 2.09828],
							"uv": {
								"north": {"uv": [60, 37], "uv_size": [-2, 0]},
								"east": {"uv": [62, 37], "uv_size": [-2, 0]},
								"south": {"uv": [64, 37], "uv_size": [-2, 0]},
								"west": {"uv": [58, 37], "uv_size": [-2, 0]},
								"up": {"uv": [60, 35], "uv_size": [-2, 2]},
								"down": {"uv": [62, 37], "uv_size": [-2, -2]}
							}
						}
					]
				},
				{
					"name": "Eye8",
					"parent": "armorBody",
					"pivot": [-2.17151, 28.71727, 2.68028],
					"rotation": [-90, 2.5, -77.5],
					"cubes": [
						{
							"origin": [-8.976, 28.71727, 1.05621],
							"size": [0.47919, 0.27068, 0.45113],
							"uv": {
								"north": {"uv": [62, 48], "uv_size": [0, 0]},
								"east": {"uv": [62, 48], "uv_size": [0, 0]},
								"south": {"uv": [62, 48], "uv_size": [0, 0]},
								"west": {"uv": [62, 48], "uv_size": [0, 0]},
								"up": {"uv": [62, 48], "uv_size": [0, 0]},
								"down": {"uv": [62, 48], "uv_size": [0, 0]}
							}
						},
						{
							"origin": [-9.45519, 28.79385, 2.49983],
							"size": [1.5334, 0.6406, 0.27067],
							"uv": {
								"north": {"uv": [60, 48], "uv_size": [-1, 0]},
								"east": {"uv": [60, 48], "uv_size": [0, 0]},
								"south": {"uv": [61, 48], "uv_size": [-1, 0]},
								"west": {"uv": [59, 48], "uv_size": [0, 0]},
								"up": {"uv": [60, 48], "uv_size": [-1, 0]},
								"down": {"uv": [61, 48], "uv_size": [-1, 0]}
							}
						},
						{
							"origin": [-8.976, 28.71727, 3.85321],
							"size": [0.47919, 0.27068, 0.45113],
							"uv": {
								"north": {"uv": [63, 48], "uv_size": [0, 0]},
								"east": {"uv": [63, 48], "uv_size": [0, 0]},
								"south": {"uv": [63, 48], "uv_size": [0, 0]},
								"west": {"uv": [63, 48], "uv_size": [0, 0]},
								"up": {"uv": [63, 48], "uv_size": [0, 0]},
								"down": {"uv": [63, 48], "uv_size": [0, 0]}
							}
						},
						{
							"origin": [-9.93438, 28.71727, 1.50734],
							"size": [2.49178, 0.27068, 2.34587],
							"uv": {
								"north": {"uv": [58, 64], "uv_size": [-3, 0]},
								"east": {"uv": [61, 64], "uv_size": [-3, 0]},
								"south": {"uv": [64, 64], "uv_size": [-3, 0]},
								"west": {"uv": [55, 64], "uv_size": [-3, 0]},
								"up": {"uv": [58, 61], "uv_size": [-3, 3]},
								"down": {"uv": [61, 64], "uv_size": [-3, -3]}
							}
						},
						{
							"origin": [-9.64687, 28.71727, 1.77802],
							"size": [1.91676, 0.63158, 1.80452],
							"uv": {
								"north": {"uv": [60, 37], "uv_size": [-2, 0]},
								"east": {"uv": [62, 37], "uv_size": [-2, 0]},
								"south": {"uv": [64, 37], "uv_size": [-2, 0]},
								"west": {"uv": [58, 37], "uv_size": [-2, 0]},
								"up": {"uv": [60, 35], "uv_size": [-2, 2]},
								"down": {"uv": [62, 37], "uv_size": [-2, -2]}
							}
						}
					]
				},
				{
					"name": "Eye9",
					"parent": "armorBody",
					"pivot": [1.32622, 25.42436, 2.91002],
					"rotation": [-90, 2.5, -77.5],
					"cubes": [
						{
							"origin": [-4.66173, 25.42436, 1.48084],
							"size": [0.42168, 0.23819, 0.39699],
							"uv": {
								"north": {"uv": [62, 47], "uv_size": [0, 0]},
								"east": {"uv": [62, 47], "uv_size": [0, 0]},
								"south": {"uv": [62, 47], "uv_size": [0, 0]},
								"west": {"uv": [62, 47], "uv_size": [0, 0]},
								"up": {"uv": [62, 47], "uv_size": [0, 0]},
								"down": {"uv": [62, 47], "uv_size": [0, 0]}
							}
						},
						{
							"origin": [-5.08341, 25.50094, 2.75122],
							"size": [1.34939, 0.56373, 0.23819],
							"uv": {
								"north": {"uv": [61, 48], "uv_size": [-1, 0]},
								"east": {"uv": [61, 48], "uv_size": [0, 0]},
								"south": {"uv": [62, 48], "uv_size": [-1, 0]},
								"west": {"uv": [60, 48], "uv_size": [0, 0]},
								"up": {"uv": [61, 48], "uv_size": [-1, 0]},
								"down": {"uv": [62, 48], "uv_size": [-1, 0]}
							}
						},
						{
							"origin": [-4.66173, 25.42436, 3.9422],
							"size": [0.42168, 0.23819, 0.397],
							"uv": {
								"north": {"uv": [62, 48], "uv_size": [0, 0]},
								"east": {"uv": [62, 48], "uv_size": [0, 0]},
								"south": {"uv": [62, 48], "uv_size": [0, 0]},
								"west": {"uv": [62, 48], "uv_size": [0, 0]},
								"up": {"uv": [62, 48], "uv_size": [0, 0]},
								"down": {"uv": [62, 48], "uv_size": [0, 0]}
							}
						},
						{
							"origin": [-5.5051, 25.42436, 1.87783],
							"size": [2.19277, 0.23819, 2.06437],
							"uv": {
								"north": {"uv": [62, 44], "uv_size": [-2, 0]},
								"east": {"uv": [64, 44], "uv_size": [-2, 0]},
								"south": {"uv": [66, 44], "uv_size": [-2, 0]},
								"west": {"uv": [60, 44], "uv_size": [-2, 0]},
								"up": {"uv": [62, 42], "uv_size": [-2, 2]},
								"down": {"uv": [64, 44], "uv_size": [-2, -2]}
							}
						},
						{
							"origin": [-5.25209, 25.42436, 2.11603],
							"size": [1.68674, 0.55579, 1.58798],
							"uv": {
								"north": {"uv": [60, 37], "uv_size": [-2, 0]},
								"east": {"uv": [62, 37], "uv_size": [-2, 0]},
								"south": {"uv": [64, 37], "uv_size": [-2, 0]},
								"west": {"uv": [58, 37], "uv_size": [-2, 0]},
								"up": {"uv": [60, 35], "uv_size": [-2, 2]},
								"down": {"uv": [62, 37], "uv_size": [-2, -2]}
							}
						}
					]
				},
				{
					"name": "Eye10",
					"parent": "armorBody",
					"pivot": [-4.69314, 24.73514, 2.91002],
					"rotation": [-90.85553, 2.34914, -97.51754],
					"cubes": [
						{
							"origin": [-10.68108, 24.73514, 1.48084],
							"size": [0.42167, 0.2382, 0.39699],
							"uv": {
								"north": {"uv": [61, 47], "uv_size": [0, 0]},
								"east": {"uv": [61, 47], "uv_size": [0, 0]},
								"south": {"uv": [61, 47], "uv_size": [0, 0]},
								"west": {"uv": [61, 47], "uv_size": [0, 0]},
								"up": {"uv": [61, 47], "uv_size": [0, 0]},
								"down": {"uv": [61, 47], "uv_size": [0, 0]}
							}
						},
						{
							"origin": [-11.10277, 24.8883, 2.75122],
							"size": [1.3494, 0.56374, 0.23819],
							"uv": {
								"north": {"uv": [62, 49], "uv_size": [-1, 0]},
								"east": {"uv": [62, 49], "uv_size": [0, 0]},
								"south": {"uv": [63, 49], "uv_size": [-1, 0]},
								"west": {"uv": [61, 49], "uv_size": [0, 0]},
								"up": {"uv": [62, 49], "uv_size": [-1, 0]},
								"down": {"uv": [63, 49], "uv_size": [-1, 0]}
							}
						},
						{
							"origin": [-10.68108, 24.73514, 3.9422],
							"size": [0.42167, 0.2382, 0.397],
							"uv": {
								"north": {"uv": [62, 47], "uv_size": [0, 0]},
								"east": {"uv": [62, 47], "uv_size": [0, 0]},
								"south": {"uv": [62, 47], "uv_size": [0, 0]},
								"west": {"uv": [62, 47], "uv_size": [0, 0]},
								"up": {"uv": [62, 47], "uv_size": [0, 0]},
								"down": {"uv": [62, 47], "uv_size": [0, 0]}
							}
						},
						{
							"origin": [-11.52445, 24.73514, 1.87783],
							"size": [2.19276, 0.2382, 2.06437],
							"uv": {
								"north": {"uv": [62, 44], "uv_size": [-2, 0]},
								"east": {"uv": [64, 44], "uv_size": [-2, 0]},
								"south": {"uv": [66, 44], "uv_size": [-2, 0]},
								"west": {"uv": [60, 44], "uv_size": [-2, 0]},
								"up": {"uv": [62, 42], "uv_size": [-2, 2]},
								"down": {"uv": [64, 44], "uv_size": [-2, -2]}
							}
						},
						{
							"origin": [-11.27144, 24.73514, 2.11603],
							"size": [1.68674, 0.5558, 1.58798],
							"uv": {
								"north": {"uv": [60, 37], "uv_size": [-2, 0]},
								"east": {"uv": [62, 37], "uv_size": [-2, 0]},
								"south": {"uv": [64, 37], "uv_size": [-2, 0]},
								"west": {"uv": [58, 37], "uv_size": [-2, 0]},
								"up": {"uv": [60, 35], "uv_size": [-2, 2]},
								"down": {"uv": [62, 37], "uv_size": [-2, -2]}
							}
						}
					]
				},
				{
					"name": "armorHead",
					"pivot": [-0.2237, 26.80279, -1.72227],
					"cubes": [
						{
							"origin": [-2.7567, 25.59881, -4.31029],
							"size": [5.44996, 3.98213, 4.51819],
							"uv": {
								"north": {"uv": [19, 42], "uv_size": [7, 6]},
								"east": {"uv": [42, 29], "uv_size": [6, 7]},
								"south": {"uv": [26, 41], "uv_size": [7, 7]},
								"west": {"uv": [48, 29], "uv_size": [-6, 7]},
								"up": {"uv": [7, 45], "uv_size": [7, 6]},
								"down": {"uv": [47, 6], "uv_size": [7, -6]}
							}
						},
						{
							"origin": [-2.1873, 24.60328, -3.85081],
							"size": [4.22981, 1.30184, 2.37396],
							"pivot": [-0.03173, 20.67644, -1.01468],
							"rotation": [5, 0, 0],
							"uv": {
								"north": {"uv": [24, 33], "uv_size": [4.9, 1.7]},
								"east": {"uv": [42, 33], "uv_size": [6, 3]},
								"south": {"uv": [26, 41], "uv_size": [7, 7]},
								"west": {"uv": [48, 33], "uv_size": [-6, 3]},
								"up": {"uv": [33, 34], "uv_size": [7, 6]},
								"down": {"uv": [47, 6], "uv_size": [7, -6]}
							}
						},
						{
							"origin": [-17.02421, 25.66892, -8.08675],
							"size": [5.94453, 3.36949, 0],
							"pivot": [-10.63555, 21.36565, -5.7044],
							"rotation": [-19.67276, 14.43709, 104.73856],
							"uv": {
								"north": {"uv": [11, 58], "uv_size": [-7, 6]},
								"east": {"uv": [0, 0], "uv_size": [0, 8]},
								"west": {"uv": [0, 0], "uv_size": [0, 8]},
								"up": {"uv": [9, 0], "uv_size": [-9, 0]},
								"down": {"uv": [9, 0], "uv_size": [-9, 0]}
							}
						},
						{
							"origin": [11.01623, 25.66892, -8.08675],
							"size": [5.94453, 3.36949, 0],
							"pivot": [10.5721, 21.36565, -5.7044],
							"rotation": [-19.67276, -14.43709, -104.73856],
							"uv": {
								"north": {"uv": [4, 58], "uv_size": [7, 6]},
								"east": {"uv": [0, 0], "uv_size": [0, 8]},
								"west": {"uv": [0, 0], "uv_size": [0, 8]},
								"up": {"uv": [0, 0], "uv_size": [9, 0]},
								"down": {"uv": [0, 0], "uv_size": [9, 0]}
							}
						},
						{
							"origin": [-0.8741, 26.65057, -4.43003],
							"size": [6.75795, 4.8245, 0],
							"pivot": [2.50487, 29.06282, -4.43003],
							"rotation": [9.61749, -4.28566, -59.72014],
							"uv": {
								"north": {"uv": [32, 7], "uv_size": [9, 8]},
								"east": {"uv": [0, 0], "uv_size": [0, 8]},
								"west": {"uv": [0, 0], "uv_size": [0, 8]},
								"up": {"uv": [0, 0], "uv_size": [9, 0]},
								"down": {"uv": [0, 0], "uv_size": [9, 0]}
							}
						},
						{
							"origin": [-5.9473, 26.65057, -4.43003],
							"size": [6.75795, 4.8245, 0],
							"pivot": [-2.56832, 29.06282, -4.43003],
							"rotation": [9.61749, 4.28566, 59.72014],
							"uv": {
								"north": {"uv": [41, 7], "uv_size": [-9, 8]},
								"east": {"uv": [0, 0], "uv_size": [0, 8]},
								"west": {"uv": [0, 0], "uv_size": [0, 8]},
								"up": {"uv": [9, 0], "uv_size": [-9, 0]},
								"down": {"uv": [9, 0], "uv_size": [-9, 0]}
							}
						},
						{
							"origin": [5.87734, 26.65057, -4.43003],
							"size": [0.81993, 4.8245, 0],
							"pivot": [2.50487, 29.06282, -4.43003],
							"rotation": [9.61749, -4.28566, -59.72014],
							"uv": {
								"north": {"uv": [36, 57.4], "uv_size": [0.208, 5]},
								"east": {"uv": [0, 0], "uv_size": [0, 8]},
								"west": {"uv": [0, 0], "uv_size": [0, 8]},
								"up": {"uv": [0, 0], "uv_size": [9, 0]},
								"down": {"uv": [0, 0], "uv_size": [9, 0]}
							}
						},
						{
							"origin": [-6.76072, 26.65057, -4.43003],
							"size": [0.81993, 4.8245, 0],
							"pivot": [-2.56832, 29.06282, -4.43003],
							"rotation": [9.61749, 4.28566, 59.72014],
							"uv": {
								"north": {"uv": [36.208, 57.4], "uv_size": [-0.208, 5]},
								"east": {"uv": [0, 0], "uv_size": [0, 8]},
								"west": {"uv": [0, 0], "uv_size": [0, 8]},
								"up": {"uv": [9, 0], "uv_size": [-9, 0]},
								"down": {"uv": [9, 0], "uv_size": [-9, 0]}
							}
						}
					]
				}
			]
		}
	]
}