{
  "type": "palladium:compound",
  "layers": [
    {
      "type": "geckolib:default",
      "model": {
        "base": "omni_extras:geo/aliens/alien_112/murk_gourmand_#UNIFORM.geo.json",
        "variables": {
          "UNIFORM": {
            "type": "palladium:string_property",
            "property": "uniform"
          }
        }
      },
      "animation_file": "omni_extras:animations/gourmand_anims.json",
      "animation_controller": [
        {
          "name": "tail_move",
          "transition_tick_time": 0,
          "animation": "tail"
        },
        {
          "name": "gourmand",
          "transition_tick_time": 0,
          "triggers": {
            "bite": "bite",
            "shoot": "shoot",
            "swallow": "open_mouth",
            "whip": "spin2",
            "hurt": "tummyache",
            "unhurt": "untummyache",
            "boom": "kaboom",
            "still": "idle"
          }
        }
      ],
      "third_person_conditions": true,
      "texture": {
        "base": "omni_extras:textures/models/aliens/alien_112/murk_gourmand_skin_#UNIFORM.png",
        "bones": {
          "head": "armorHead",
          "body": "armorBody",
          "right_arm": "armorRightArm",
          "left_arm": "armorLeftArm",
          "right_leg": "armorRightLeg",
          "left_leg": "armorLeftLeg"
        },
        "transformers": [
          {
            "type": "palladium:color",
            "color": "##SKIN_PROTO_1",
            "filter": "#cecb78",
            "ignore_blank": true
          },
          {
            "type": "palladium:color",
            "color": "##SKIN_PROTO_2",
            "filter": "#c1be55",
            "ignore_blank": true
          },
          {
            "type": "palladium:color",
            "color": "##SKIN_PROTO_3",
            "filter": "#aaa73e",
            "ignore_blank": true
          },
          {
            "type": "palladium:color",
            "color": "##SKIN_PROTO_4",
            "filter": "#8d8b34",
            "ignore_blank": true
          },
          {
            "type": "palladium:color",
            "color": "##SKIN_PROTO_5",
            "filter": "#716f29",
            "ignore_blank": true
          },
          {
            "type": "palladium:color",
            "color": "##SKIN_PROTO_P2_1",
            "filter": "#707546",
            "ignore_blank": true
          },
          {
            "type": "palladium:color",
            "color": "##SKIN_PROTO_P2_2",
            "filter": "#6c6f43",
            "ignore_blank": true
          },
          {
            "type": "palladium:color",
            "color": "##SKIN_PROTO_P2_3",
            "filter": "#67673f",
            "ignore_blank": true
          },
          {
            "type": "palladium:color",
            "color": "##SKIN_PROTO_P2_4",
            "filter": "#61603b",
            "ignore_blank": true
          },
          {
            "type": "palladium:color",
            "color": "##SKIN_PROTO_P2_6",
            "filter": "#555134",
            "ignore_blank": true
          },
          {
            "type": "palladium:color",
            "color": "##SKIN_PROTO_P2_6",
            "filter": "#534f32",
            "ignore_blank": true
          },
          {
            "type": "palladium:color",
            "color": "##SKIN_PROTO_P2_7",
            "filter": "#453f2a",
            "ignore_blank": true
          },
          {
            "type": "palladium:color",
            "color": "##SKIN_PROTO_P2_8",
            "filter": "#49422c",
            "ignore_blank": true
          },
          {
            "type": "palladium:color",
            "color": "##SKIN_PROTO_P2_9",
            "filter": "#3c3525",
            "ignore_blank": true
          },
          {
            "type": "palladium:color",
            "color": "##SKIN_PROTO_P3_1",
            "filter": "#8f3e50",
            "ignore_blank": true
          },
          {
            "type": "palladium:color",
            "color": "##SKIN_PROTO_P3_2",
            "filter": "#783436",
            "ignore_blank": true
          },
          {
            "type": "palladium:color",
            "color": "##SKIN_PROTO_P3_3",
            "filter": "#61332a",
            "ignore_blank": true
          },
          {
            "type": "palladium:color",
            "color": "##SKIN_PROTO_P3_4",
            "filter": "#4a2f20",
            "ignore_blank": true
          },
          {
            "type": "palladium:color",
            "color": "##SKIN_PROTO_P3_5",
            "filter": "#332616",
            "ignore_blank": true
          },
          {
            "type": "palladium:color",
            "color": "##SKIN_10K_1",
            "filter": "#9fefdf",
            "ignore_blank": true
          },
          {
            "type": "palladium:color",
            "color": "##SKIN_10K_2",
            "filter": "#80decb",
            "ignore_blank": true
          },
          {
            "type": "palladium:color",
            "color": "##SKIN_10K_3",
            "filter": "#5adcc2",
            "ignore_blank": true
          },
          {
            "type": "palladium:color",
            "color": "##SKIN_10K_4",
            "filter": "#4cbca6",
            "ignore_blank": true
          },
          {
            "type": "palladium:color",
            "color": "##SKIN_10K_5",
            "filter": "#358e7c",
            "ignore_blank": true
          },
          {
            "type": "palladium:color",
            "color": "##SKIN_10K_P2_1",
            "filter": "#43c9d1",
            "ignore_blank": true
          },
          {
            "type": "palladium:color",
            "color": "##SKIN_10K_P2_2",
            "filter": "#39b4bb",
            "ignore_blank": true
          },
          {
            "type": "palladium:color",
            "color": "##SKIN_10K_P2_3",
            "filter": "#2c9ea4",
            "ignore_blank": true
          },
          {
            "type": "palladium:color",
            "color": "##SKIN_10K_P2_4",
            "filter": "#268b90",
            "ignore_blank": true
          },
          {
            "type": "palladium:color",
            "color": "##SKIN_10K_P2_5",
            "filter": "#216c70",
            "ignore_blank": true
          },
          {
            "type": "palladium:color",
            "color": "##SKIN_10K_P2_6",
            "filter": "#298c91",
            "ignore_blank": true
          },
          {
            "type": "palladium:color",
            "color": "##SKIN_10K_P2_7",
            "filter": "#176266",
            "ignore_blank": true
          },
          {
            "type": "palladium:color",
            "color": "##SKIN_10K_P2_8",
            "filter": "#124e51",
            "ignore_blank": true
          },
          {
            "type": "palladium:color",
            "color": "##SKIN_10K_P3_1",
            "filter": "#ebb764",
            "ignore_blank": true
          },
          {
            "type": "palladium:color",
            "color": "##SKIN_10K_P3_2",
            "filter": "#d39839",
            "ignore_blank": true
          },
          {
            "type": "palladium:color",
            "color": "##SKIN_10K_P3_3",
            "filter": "#c08424",
            "ignore_blank": true
          },
          {
            "type": "palladium:color",
            "color": "##SKIN_10K_P3_4",
            "filter": "#9f6f21",
            "ignore_blank": true
          },
          {
            "type": "palladium:color",
            "color": "##SKIN_10K_P3_5",
            "filter": "#68450c",
            "ignore_blank": true
          },
          {
            "type": "palladium:color",
            "color": "##SKIN_DEFAULT_1",
            "filter": "#dd8c8c",
            "ignore_blank": true
          },
          {
            "type": "palladium:color",
            "color": "##SKIN_DEFAULT_2",
            "filter": "#c15555",
            "ignore_blank": true
          },
          {
            "type": "palladium:color",
            "color": "##SKIN_DEFAULT_3",
            "filter": "#bc4a4a",
            "ignore_blank": true
          },
          {
            "type": "palladium:color",
            "color": "##SKIN_DEFAULT_4",
            "filter": "#983636",
            "ignore_blank": true
          },
          {
            "type": "palladium:color",
            "color": "##SKIN_DEFAULT_5",
            "filter": "#712929",
            "ignore_blank": true
          },
          {
            "type": "palladium:color",
            "color": "##SKIN_DEFAULT_P2_1",
            "filter": "#d12222",
            "ignore_blank": true
          },
          {
            "type": "palladium:color",
            "color": "##SKIN_DEFAULT_P2_2",
            "filter": "#b02222",
            "ignore_blank": true
          },
          {
            "type": "palladium:color",
            "color": "##SKIN_DEFAULT_P2_3",
            "filter": "#8c1e1e",
            "ignore_blank": true
          },
          {
            "type": "palladium:color",
            "color": "##SKIN_DEFAULT_P2_4",
            "filter": "#771919",
            "ignore_blank": true
          },
          {
            "type": "palladium:color",
            "color": "##SKIN_DEFAULT_P2_5",
            "filter": "#5d2f2f",
            "ignore_blank": true
          },
          {
            "type": "palladium:color",
            "color": "##SKIN_DEFAULT_P2_6",
            "filter": "#5c2828",
            "ignore_blank": true
          },
          {
            "type": "palladium:color",
            "color": "##SKIN_DEFAULT_P2_7",
            "filter": "#441a1a",
            "ignore_blank": true
          },
          {
            "type": "palladium:color",
            "color": "##SKIN_DEFAULT_P2_8",
            "filter": "#380d0d",
            "ignore_blank": true
          },
          {
            "type": "palladium:color",
            "color": "##SKIN_DEFAULT_P3_1",
            "filter": "#96f77f",
            "ignore_blank": true
          },
          {
            "type": "palladium:color",
            "color": "##SKIN_DEFAULT_P3_2",
            "filter": "#68cc51",
            "ignore_blank": true
          },
          {
            "type": "palladium:color",
            "color": "##SKIN_DEFAULT_P3_3",
            "filter": "#4db236",
            "ignore_blank": true
          },
          {
            "type": "palladium:color",
            "color": "##SKIN_DEFAULT_P3_4",
            "filter": "#3eb025",
            "ignore_blank": true
          },
          {
            "type": "palladium:color",
            "color": "##SKIN_DEFAULT_P3_5",
            "filter": "#318d1d",
            "ignore_blank": true
          }
        ],
        "variables": {
          "UNIFORM": {
            "type": "palladium:string_property",
            "property": "uniform"
          },
          "SKIN_PROTO_1": {
            "type": "palladium:string_property",
            "property": "murkgourmand_prototype_skincolor_palette_1_color_1"
          },
          "SKIN_PROTO_2": {
            "type": "palladium:string_property",
            "property": "murkgourmand_prototype_skincolor_palette_1_color_2"
          },
          "SKIN_PROTO_3": {
            "type": "palladium:string_property",
            "property": "murkgourmand_prototype_skincolor_palette_1_color_3"
          },
          "SKIN_PROTO_4": {
            "type": "palladium:string_property",
            "property": "murkgourmand_prototype_skincolor_palette_1_color_4"
          },
          "SKIN_PROTO_5": {
            "type": "palladium:string_property",
            "property": "murkgourmand_prototype_skincolor_palette_1_color_5"
          },
          "SKIN_PROTO_P2_1": {
            "type": "palladium:string_property",
            "property": "murkgourmand_prototype_skincolor_palette_2_color_1"
          },
          "SKIN_PROTO_P2_2": {
            "type": "palladium:string_property",
            "property": "murkgourmand_prototype_skincolor_palette_2_color_2"
          },
          "SKIN_PROTO_P2_3": {
            "type": "palladium:string_property",
            "property": "murkgourmand_prototype_skincolor_palette_2_color_3"
          },
          "SKIN_PROTO_P2_4": {
            "type": "palladium:string_property",
            "property": "murkgourmand_prototype_skincolor_palette_2_color_4"
          },
          "SKIN_PROTO_P2_5": {
            "type": "palladium:string_property",
            "property": "murkgourmand_prototype_skincolor_palette_2_color_5"
          },
          "SKIN_PROTO_P2_6": {
            "type": "palladium:string_property",
            "property": "murkgourmand_prototype_skincolor_palette_2_color_6"
          },
          "SKIN_PROTO_P2_7": {
            "type": "palladium:string_property",
            "property": "murkgourmand_prototype_skincolor_palette_2_color_7"
          },
          "SKIN_PROTO_P2_8": {
            "type": "palladium:string_property",
            "property": "murkgourmand_prototype_skincolor_palette_2_color_8"
          },
          "SKIN_PROTO_P2_9": {
            "type": "palladium:string_property",
            "property": "murkgourmand_prototype_skincolor_palette_2_color_9"
          },
          "SKIN_PROTO_P3_1": {
            "type": "palladium:string_property",
            "property": "murkgourmand_prototype_skincolor_palette_3_color_1"
          },
          "SKIN_PROTO_P3_2": {
            "type": "palladium:string_property",
            "property": "murkgourmand_prototype_skincolor_palette_3_color_2"
          },
          "SKIN_PROTO_P3_3": {
            "type": "palladium:string_property",
            "property": "murkgourmand_prototype_skincolor_palette_3_color_3"
          },
          "SKIN_PROTO_P3_4": {
            "type": "palladium:string_property",
            "property": "murkgourmand_prototype_skincolor_palette_3_color_4"
          },
          "SKIN_PROTO_P3_5": {
            "type": "palladium:string_property",
            "property": "murkgourmand_prototype_skincolor_palette_3_color_5"
          },
          "SKIN_10K_1": {
            "type": "palladium:string_property",
            "property": "murkgourmand_10k_skincolor_palette_1_color_1"
          },
          "SKIN_10K_2": {
            "type": "palladium:string_property",
            "property": "murkgourmand_10k_skincolor_palette_1_color_2"
          },
          "SKIN_10K_3": {
            "type": "palladium:string_property",
            "property": "murkgourmand_10k_skincolor_palette_1_color_3"
          },
          "SKIN_10K_4": {
            "type": "palladium:string_property",
            "property": "murkgourmand_10k_skincolor_palette_1_color_4"
          },
          "SKIN_10K_5": {
            "type": "palladium:string_property",
            "property": "murkgourmand_10k_skincolor_palette_1_color_5"
          },
          "SKIN_10K_P2_1": {
            "type": "palladium:string_property",
            "property": "murkgourmand_10k_skincolor_palette_2_color_1"
          },
          "SKIN_10K_P2_2": {
            "type": "palladium:string_property",
            "property": "murkgourmand_10k_skincolor_palette_2_color_2"
          },
          "SKIN_10K_P2_3": {
            "type": "palladium:string_property",
            "property": "murkgourmand_10k_skincolor_palette_2_color_3"
          },
          "SKIN_10K_P2_4": {
            "type": "palladium:string_property",
            "property": "murkgourmand_10k_skincolor_palette_2_color_4"
          },
          "SKIN_10K_P2_5": {
            "type": "palladium:string_property",
            "property": "murkgourmand_10k_skincolor_palette_2_color_5"
          },
          "SKIN_10K_P2_6": {
            "type": "palladium:string_property",
            "property": "murkgourmand_10k_skincolor_palette_2_color_6"
          },
          "SKIN_10K_P2_7": {
            "type": "palladium:string_property",
            "property": "murkgourmand_10k_skincolor_palette_2_color_7"
          },
          "SKIN_10K_P2_8": {
            "type": "palladium:string_property",
            "property": "murkgourmand_10k_skincolor_palette_2_color_8"
          },
          "SKIN_10K_P3_1": {
            "type": "palladium:string_property",
            "property": "murkgourmand_10k_skincolor_palette_3_color_1"
          },
          "SKIN_10K_P3_2": {
            "type": "palladium:string_property",
            "property": "murkgourmand_10k_skincolor_palette_3_color_2"
          },
          "SKIN_10K_P3_3": {
            "type": "palladium:string_property",
            "property": "murkgourmand_10k_skincolor_palette_3_color_3"
          },
          "SKIN_10K_P3_4": {
            "type": "palladium:string_property",
            "property": "murkgourmand_10k_skincolor_palette_3_color_4"
          },
          "SKIN_10K_P3_5": {
            "type": "palladium:string_property",
            "property": "murkgourmand_10k_skincolor_palette_3_color_5"
          },
          "SKIN_DEFAULT_1": {
            "type": "palladium:string_property",
            "property": "murkgourmand_default_skincolor_palette_1_color_1"
          },
          "SKIN_DEFAULT_2": {
            "type": "palladium:string_property",
            "property": "murkgourmand_default_skincolor_palette_1_color_2"
          },
          "SKIN_DEFAULT_3": {
            "type": "palladium:string_property",
            "property": "murkgourmand_default_skincolor_palette_1_color_3"
          },
          "SKIN_DEFAULT_4": {
            "type": "palladium:string_property",
            "property": "murkgourmand_default_skincolor_palette_1_color_4"
          },
          "SKIN_DEFAULT_5": {
            "type": "palladium:string_property",
            "property": "murkgourmand_default_skincolor_palette_1_color_5"
          },
          "SKIN_DEFAULT_P2_1": {
            "type": "palladium:string_property",
            "property": "murkgourmand_default_skincolor_palette_2_color_1"
          },
          "SKIN_DEFAULT_P2_2": {
            "type": "palladium:string_property",
            "property": "murkgourmand_default_skincolor_palette_2_color_2"
          },
          "SKIN_DEFAULT_P2_3": {
            "type": "palladium:string_property",
            "property": "murkgourmand_default_skincolor_palette_2_color_3"
          },
          "SKIN_DEFAULT_P2_4": {
            "type": "palladium:string_property",
            "property": "murkgourmand_default_skincolor_palette_2_color_4"
          },
          "SKIN_DEFAULT_P2_5": {
            "type": "palladium:string_property",
            "property": "murkgourmand_default_skincolor_palette_2_color_5"
          },
          "SKIN_DEFAULT_P2_6": {
            "type": "palladium:string_property",
            "property": "murkgourmand_default_skincolor_palette_2_color_6"
          },
          "SKIN_DEFAULT_P2_7": {
            "type": "palladium:string_property",
            "property": "murkgourmand_default_skincolor_palette_2_color_7"
          },
          "SKIN_DEFAULT_P2_8": {
            "type": "palladium:string_property",
            "property": "murkgourmand_default_skincolor_palette_2_color_8"
          },
          "SKIN_DEFAULT_P3_1": {
            "type": "palladium:string_property",
            "property": "murkgourmand_default_skincolor_palette_3_color_1"
          },
          "SKIN_DEFAULT_P3_2": {
            "type": "palladium:string_property",
            "property": "murkgourmand_default_skincolor_palette_3_color_2"
          },
          "SKIN_DEFAULT_P3_3": {
            "type": "palladium:string_property",
            "property": "murkgourmand_default_skincolor_palette_3_color_3"
          },
          "SKIN_DEFAULT_P3_4": {
            "type": "palladium:string_property",
            "property": "murkgourmand_default_skincolor_palette_3_color_4"
          },
          "SKIN_DEFAULT_P3_5": {
            "type": "palladium:string_property",
            "property": "murkgourmand_default_skincolor_palette_3_color_5"
          }
        }
      }
    },
    {
      "type": "geckolib:default",
      "model": {
        "base": "omni_extras:geo/aliens/alien_112/murk_gourmand_#UNIFORM.geo.json",
        "variables": {
          "UNIFORM": {
            "type": "palladium:string_property",
            "property": "uniform"
          }
        }
      },
      "animation_file": "omni_extras:animations/gourmand_anims.json",
      "animation_controller": [
        {
          "name": "tail_move",
          "transition_tick_time": 0,
          "animation": "tail"
        },
        {
          "name": "gourmand",
          "transition_tick_time": 0,
          "triggers": {
            "bite": "bite",
            "shoot": "shoot",
            "swallow": "open_mouth",
            "whip": "spin2",
            "hurt": "tummyache",
            "unhurt": "untummyache",
            "boom": "kaboom",
            "still": "idle"
          }
        }
      ],
      "third_person_conditions": true,
      "texture": {
        "base": "omni_extras:textures/models/aliens/alien_112/murk_gourmand_uniform_#UNIFORM.png",
        "bones": {
          "head": "armorHead",
          "body": "armorBody",
          "right_arm": "armorRightArm",
          "left_arm": "armorLeftArm",
          "right_leg": "armorRightLeg",
          "left_leg": "armorLeftLeg"
        },
        "transformers": [
          {
            "type": "palladium:color",
            "color": "##SECONDARY_1",
            "filter": "#ffffff",
            "ignore_blank": true
          },
          {
            "type": "palladium:color",
            "color": "##SECONDARY_2",
            "filter": "#edf4f4",
            "ignore_blank": true
          },
          {
            "type": "palladium:color",
            "color": "##SECONDARY_3",
            "filter": "#d6dfe1",
            "ignore_blank": true
          },
          {
            "type": "palladium:color",
            "color": "##SECONDARY_4",
            "filter": "#bdc7cf",
            "ignore_blank": true
          },
          {
            "type": "palladium:color",
            "color": "##SECONDARY_5",
            "filter": "#97a2b0",
            "ignore_blank": true
          },
          {
            "type": "palladium:color",
            "color": "##PRIMARY_1",
            "filter": "#3a3333",
            "ignore_blank": true
          },
          {
            "type": "palladium:color",
            "color": "##PRIMARY_2",
            "filter": "#2c2828",
            "ignore_blank": true
          },
          {
            "type": "palladium:color",
            "color": "##PRIMARY_3",
            "filter": "#232020",
            "ignore_blank": true
          },
          {
            "type": "palladium:color",
            "color": "##PRIMARY_4",
            "filter": "#171515",
            "ignore_blank": true
          },
          {
            "type": "palladium:color",
            "color": "##PRIMARY_5",
            "filter": "#000000",
            "ignore_blank": true
          }
        ],
        "variables": {
          "UNIFORM": {
            "type": "palladium:string_property",
            "property": "uniform"
          },
          "SECONDARY_1": {
            "type": "palladium:string_property",
            "property": "uniform_secondary_color_1"
          },
          "SECONDARY_2": {
            "type": "palladium:string_property",
            "property": "uniform_secondary_color_2"
          },
          "SECONDARY_3": {
            "type": "palladium:string_property",
            "property": "uniform_secondary_color_3"
          },
          "SECONDARY_4": {
            "type": "palladium:string_property",
            "property": "uniform_secondary_color_4"
          },
          "SECONDARY_5": {
            "type": "palladium:string_property",
            "property": "uniform_secondary_color_5"
          },
          "PRIMARY_1": {
            "type": "palladium:string_property",
            "property": "uniform_primary_color_1"
          },
          "PRIMARY_2": {
            "type": "palladium:string_property",
            "property": "uniform_primary_color_2"
          },
          "PRIMARY_3": {
            "type": "palladium:string_property",
            "property": "uniform_primary_color_3"
          },
          "PRIMARY_4": {
            "type": "palladium:string_property",
            "property": "uniform_primary_color_4"
          },
          "PRIMARY_5": {
            "type": "palladium:string_property",
            "property": "uniform_primary_color_5"
          }
        }
      }
    },
    {
      "type": "geckolib:default",
      "render_type": "glow",
      "model": {
        "base": "omni_extras:geo/aliens/alien_112/murk_gourmand_#UNIFORM.geo.json",
        "variables": {
          "UNIFORM": {
            "type": "palladium:string_property",
            "property": "uniform"
          }
        }
      },
      "animation_file": "omni_extras:animations/gourmand_anims.json",
      "animation_controller": [
        {
          "name": "tail_move",
          "transition_tick_time": 0,
          "animation": "tail"
        },
        {
          "name": "gourmand",
          "transition_tick_time": 0,
          "triggers": {
            "bite": "bite",
            "shoot": "shoot",
            "swallow": "open_mouth",
            "whip": "spin2",
            "hurt": "tummyache",
            "unhurt": "untummyache",
            "boom": "kaboom",
            "still": "idle"
          }
        }
      ],
      "texture": {
        "base": "omni_extras:textures/models/aliens/alien_112/murk_gourmand_glow_#UNIFORM.png",
        "transformers": [
          {
            "type": "palladium:color",
            "color": "##GLOW_PROTO_1",
            "filter": "#fdff49",
            "ignore_blank": true
          },
          {
            "type": "palladium:color",
            "color": "##GLOW_PROTO_2",
            "filter": "#facd25",
            "ignore_blank": true
          },
          {
            "type": "palladium:color",
            "color": "##GLOW_10K_1",
            "filter": "#fdff49",
            "ignore_blank": true
          },
          {
            "type": "palladium:color",
            "color": "##GLOW_10K_2",
            "filter": "#facd25",
            "ignore_blank": true
          },
          {
            "type": "palladium:color",
            "color": "##GLOW_DEFAULT_1",
            "filter": "#b8ff00",
            "ignore_blank": true
          },
          {
            "type": "palladium:color",
            "color": "##GLOW_DEFAULT_2",
            "filter": "#8ed721",
            "ignore_blank": true
          }
        ],
        "variables": {
          "UNIFORM": {
            "type": "palladium:string_property",
            "property": "uniform"
          },
          "GLOW_PROTO_1": {
            "type": "palladium:string_property",
            "property": "murkgourmand_prototype_glowcolor_1_color_1"
          },
          "GLOW_PROTO_2": {
            "type": "palladium:string_property",
            "property": "murkgourmand_prototype_glowcolor_1_color_2"
          },
          "GLOW_10K_1": {
            "type": "palladium:string_property",
            "property": "murkgourmand_10k_glowcolor_1_color_1"
          },
          "GLOW_10K_2": {
            "type": "palladium:string_property",
            "property": "murkgourmand_10k_glowcolor_1_color_2"
          },
          "GLOW_DEFAULT_1": {
            "type": "palladium:string_property",
            "property": "murkgourmand_default_glowcolor_1_color_1"
          },
          "GLOW_DEFAULT_2": {
            "type": "palladium:string_property",
            "property": "murkgourmand_default_glowcolor_1_color_2"
          }
        }
      }
    },
    {
      "type": "geckolib:default",
      "model": {
        "base": "omni_extras:geo/aliens/alien_112/badge_#BADGE.geo.json",
        "variables": {
          "BADGE": {
            "type": "palladium:string_property",
            "property": "badge"
          }
        }
      },
      "animation_file": "omni_extras:animations/gourmand_anims.json",
      "animation_controller": [
        {
          "name": "tail_move",
          "transition_tick_time": 0,
          "animation": "tail"
        },
        {
          "name": "gourmand",
          "transition_tick_time": 0,
          "triggers": {
            "bite": "bite",
            "shoot": "shoot",
            "swallow": "open_mouth",
            "whip": "spin2",
            "hurt": "tummyache",
            "unhurt": "untummyache",
            "boom": "kaboom",
            "still": "idle"
          }
        }
      ],
      "texture": {
        "base": "alienevo:textures/models/badge/badge_#BADGE.png",
        "transformers": [
          {
            "type": "palladium:overlay",
            "overlay": "alienevo:textures/models/badge/#BADGE/core_side/core_side_#Z.png"
          },
          {
            "type": "palladium:overlay",
            "overlay": "alienevo:textures/models/badge/#BADGE/core_top/core_top_#Y.png"
          },
          {
            "type": "palladium:overlay",
            "overlay": "alienevo:textures/models/badge/#BADGE/dial_inner/dial_inner_#X.png"
          },
          {
            "type": "palladium:overlay",
            "overlay": "alienevo:textures/models/badge/#BADGE/dial_outer/dial_outer_#W.png"
          }
        ],
        "variables": {
          "BADGE": {
            "type": "palladium:string_property",
            "property": "badge"
          },
          "Z": {
            "type": "palladium:objective_score",
            "objective": "AlienEvo.CoreSide"
          },
          "Y": {
            "type": "palladium:objective_score",
            "objective": "AlienEvo.CoreTop"
          },
          "X": {
            "type": "palladium:objective_score",
            "objective": "AlienEvo.DialInner"
          },
          "W": {
            "type": "palladium:objective_score",
            "objective": "AlienEvo.DialOuter"
          }
        }
      }
    },
    {
      "type": "geckolib:default",
      "render_type": "glow",
      "model": {
        "base": "omni_extras:geo/aliens/alien_112/badge_#BADGE.geo.json",
        "variables": {
          "BADGE": {
            "type": "palladium:string_property",
            "property": "badge"
          }
        }
      },
      "animation_file": "omni_extras:animations/gourmand_anims.json",
      "animation_controller": [
        {
          "name": "tail_move",
          "transition_tick_time": 0,
          "animation": "tail"
        },
        {
          "name": "gourmand",
          "transition_tick_time": 0,
          "triggers": {
            "bite": "bite",
            "shoot": "shoot",
            "swallow": "open_mouth",
            "whip": "spin2",
            "hurt": "tummyache",
            "unhurt": "untummyache",
            "boom": "kaboom",
            "still": "idle"
          }
        }
      ],
      "texture": {
        "base": "alienevo:textures/models/badge/badge_glow_#WATCHSTATE_#BADGE.png",
        "transformers": [
          {
            "type": "palladium:color",
            "color": "##GLOW_1",
            "filter": "#ffffff",
            "ignore_blank": true
          },
          {
            "type": "palladium:color",
            "color": "##GLOW_2",
            "filter": "#eaeaea",
            "ignore_blank": true
          },
          {
            "type": "palladium:color",
            "color": "##GLOW_3",
            "filter": "#cfcfdd",
            "ignore_blank": true
          }
        ],
        "variables": {
          "WATCHSTATE": {
            "type": "palladium:string_property",
            "property": "watch_state"
          },
          "BADGE": {
            "type": "palladium:string_property",
            "property": "badge"
          },
          "GLOW_1": {
            "type": "palladium:string_property",
            "property": "uniform_glow_color_1"
          },
          "GLOW_2": {
            "type": "palladium:string_property",
            "property": "uniform_glow_color_2"
          },
          "GLOW_3": {
            "type": "palladium:string_property",
            "property": "uniform_glow_color_3"
          }
        }
      }
    }
  ]
}