{
  "name": {
    "text": "foodpoisoning"
  },
  "icon": {
    "type": "palladium:texture",
    "texture": "minecraft:rotten_flesh"
  },
  "persistent_data": false,
  "hidden": true,
  "primary_color": "#E72D2D",
  "secondary_color": "#1a1a1a",
  "abilities": {
    "poison_effects": {
      "type": "palladium:command",
      "gui_position": [
        0,
        0
      ],
      "hidden": false,
      "first_tick_commands": [
        ""
      ],
      "last_tick_commands": [
        ""
      ],
      "commands": [
        "tag @s add Tummy.Ache",
        "effect give @s minecraft:nausea 5 15 true",
        "effect give @s minecraft:hunger 5 200 true",
        "effect give @s minecraft:weakness 2 3 true",
        "effect give @s minecraft:slowness 2 10 true"
      ],
      "conditions": {
        "enabling": [
          {
            "type": "palladium:ability_enabled",
            "ability": "poison_timer"
          },
          {
            "type": "palladium:animation_timer_ability",
            "ability": "poison_timer",
            "min": 1,
            "max": 170
          }
        ]
      }
    },
     
    "poison_timer": {
      "type": "palladium:animation_timer",
      "icon": "minecraft:blaze_rod",
      "title": "null",
      "bar_color": "light_gray",
      "hidden": true,
      "hidden_in_bar": false,
      "list_index": 3,
      "gui_position": "null",
      "description": "null",
      "start_value": 0,
      "max_value": 200
    },
    "remove": {
      "type": "palladium:command",
      "gui_position": [
        0,
        0
      ],
      "hidden": false,
      "first_tick_commands": [
        ""
      ],
      "last_tick_commands": [
        ""
      ],
      "commands": [
        "tag @s remove Tummy.Ache",
        "superpower remove omni_extras:not_aliens/foodpoisoned @s"
      ],
      "conditions": {
        "enabling": [
          {
            "type": "palladium:ability_enabled",
            "ability": "poison_timer"
          },
          {
            "type": "palladium:animation_timer_ability",
            "ability": "poison_timer",
            "min": 200,
            "max": 200
          }
        ]
      }
    }
  }
}