{
	"format_version": "1.12.0",
	"minecraft:geometry": [
		{
			"description": {
				"identifier": "geometry.evo2",
				"texture_width": 64,
				"texture_height": 64,
				"visible_bounds_width": 3,
				"visible_bounds_height": 3.5,
				"visible_bounds_offset": [0, 1.25, 0]
			},
			"bones": [
				{
					"name": "armorHead",
					"pivot": [0, 18.61823, 0.2476],
					"rotation": [2.5, 0, 0]
				},
				{
					"name": "head",
					"parent": "armorHead",
					"pivot": [0, 21.97223, 1.45445]
				},
				{
					"name": "BaseHead",
					"parent": "head",
					"pivot": [0.13266, 20.80423, 3.49845],
					"cubes": [
						{
							"origin": [-5.256, 20.65823, -5.40755],
							"size": [10.658, 9.198, 8.76],
							"uv": {
								"north": {"uv": [18, 0], "uv_size": [7, 6]},
								"east": {"uv": [31, 0], "uv_size": [-6, 6]},
								"south": {"uv": [0, 21], "uv_size": [7, 6]},
								"west": {"uv": [25, 0], "uv_size": [6, 6]},
								"up": {"uv": [7, 21], "uv_size": [7, 6]},
								"down": {"uv": [14, 27], "uv_size": [7, -6]}
							}
						},
						{
							"origin": [4.234, 28.98023, 1.60045],
							"size": [1.898, 1.752, 2.336],
							"pivot": [9.49, 25.62223, 4.52045],
							"rotation": [17.84366, 14.97416, 0.78828],
							"uv": {
								"north": {"uv": [31, 15], "uv_size": [1, 1]},
								"east": {"uv": [32, 19], "uv_size": [2, 1]},
								"south": {"uv": [34, 12], "uv_size": [1, 1]},
								"west": {"uv": [22, 33], "uv_size": [2, 1]},
								"up": {"uv": [3, 10], "uv_size": [1, 2]},
								"down": {"uv": [21, 8], "uv_size": [1, -2]}
							}
						},
						{
							"origin": [-6.497, 23.14023, 4.52045],
							"size": [1.898, 1.752, 3.358],
							"pivot": [0.146, 19.78223, 7.44045],
							"rotation": [18.32895, -14.9742, 2.41406],
							"uv": {
								"north": {"uv": [34, 21], "uv_size": [1, 1]},
								"east": {"uv": [34, 6], "uv_size": [2, 1]},
								"south": {"uv": [22, 34], "uv_size": [1, 1]},
								"west": {"uv": [34, 7], "uv_size": [2, 1]},
								"up": {"uv": [34, 8], "uv_size": [1, 2]},
								"down": {"uv": [34, 12], "uv_size": [1, -2]}
							}
						},
						{
							"origin": [-6.497, 26.06023, 4.52045],
							"size": [1.898, 1.752, 3.358],
							"pivot": [0.146, 22.70223, 7.44045],
							"rotation": [18.06707, -14.9742, 1.59063],
							"uv": {
								"north": {"uv": [34, 19], "uv_size": [1, 1]},
								"east": {"uv": [34, 0], "uv_size": [2, 1]},
								"south": {"uv": [34, 20], "uv_size": [1, 1]},
								"west": {"uv": [34, 1], "uv_size": [2, 1]},
								"up": {"uv": [34, 2], "uv_size": [1, 2]},
								"down": {"uv": [34, 6], "uv_size": [1, -2]}
							}
						},
						{
							"origin": [-6.497, 28.98023, 4.52045],
							"size": [1.898, 1.752, 2.336],
							"pivot": [0.292, 25.62223, 7.44045],
							"rotation": [17.84366, -14.9742, 0.78828],
							"uv": {
								"north": {"uv": [34, 17], "uv_size": [1, 1]},
								"east": {"uv": [29, 33], "uv_size": [2, 1]},
								"south": {"uv": [34, 18], "uv_size": [1, 1]},
								"west": {"uv": [33, 30], "uv_size": [2, 1]},
								"up": {"uv": [33, 31], "uv_size": [1, 2]},
								"down": {"uv": [33, 35], "uv_size": [1, -2]}
							}
						},
						{
							"origin": [4.38, 26.06023, 1.60045],
							"size": [1.898, 1.752, 3.358],
							"pivot": [9.636, 22.70223, 4.52045],
							"rotation": [18.06707, 17.35244, 1.59063],
							"uv": {
								"north": {"uv": [34, 13], "uv_size": [1, 1]},
								"east": {"uv": [24, 33], "uv_size": [2, 1]},
								"south": {"uv": [34, 14], "uv_size": [1, 1]},
								"west": {"uv": [33, 24], "uv_size": [2, 1]},
								"up": {"uv": [28, 16], "uv_size": [1, 2]},
								"down": {"uv": [33, 27], "uv_size": [1, -2]}
							}
						},
						{
							"origin": [4.38, 23.14023, 1.60045],
							"size": [1.898, 1.752, 3.358],
							"pivot": [9.636, 19.78223, 4.52045],
							"rotation": [18.32895, 19.72744, 2.41406],
							"uv": {
								"north": {"uv": [34, 15], "uv_size": [1, 1]},
								"east": {"uv": [26, 33], "uv_size": [2, 1]},
								"south": {"uv": [34, 16], "uv_size": [1, 1]},
								"west": {"uv": [33, 27], "uv_size": [2, 1]},
								"up": {"uv": [28, 33], "uv_size": [1, 2]},
								"down": {"uv": [33, 30], "uv_size": [1, -2]}
							}
						},
						{
							"origin": [-4.088, 19.19823, -5.26155],
							"size": [8.76, 1.46, 0],
							"uv": {
								"north": {"uv": [39, 2], "uv_size": [6, 5]},
								"east": {"uv": [39, 2], "uv_size": [0, 1]},
								"south": {"uv": [45, 2], "uv_size": [6, 1]},
								"west": {"uv": [45, 2], "uv_size": [0, 1]},
								"up": {"uv": [39, 2], "uv_size": [6, 0]},
								"down": {"uv": [45, 2], "uv_size": [6, 0]}
							}
						}
					]
				},
				{
					"name": "LEFT_EYE",
					"parent": "BaseHead",
					"pivot": [2.9466, 25.40567, -4.82355],
					"cubes": [
						{
							"origin": [1.28267, 24.8903, -5.54046],
							"size": [3.066, 3.642, 1.46],
							"pivot": [2.92, 25.91423, -4.09355],
							"rotation": [0, 0, 6],
							"uv": {
								"north": {"uv": [1, 1], "uv_size": [2, 2]},
								"east": {"uv": [0, 1], "uv_size": [1, 2]},
								"south": {"uv": [4, 1], "uv_size": [2, 2]},
								"west": {"uv": [3, 1], "uv_size": [1, 2]},
								"up": {"uv": [1, 0], "uv_size": [2, 1]},
								"down": {"uv": [3, 1], "uv_size": [2, -1]}
							}
						}
					]
				},
				{
					"name": "PUPIL",
					"parent": "LEFT_EYE",
					"pivot": [2.92, 26.20623, -4.09355],
					"cubes": [
						{
							"origin": [2.05821, 25.77064, -5.71336],
							"size": [1.314, 1.29, 1.606],
							"pivot": [2.92, 26.20623, -4.09355],
							"rotation": [0, 0, 6],
							"uv": {
								"north": {"uv": [2, 4], "uv_size": [-1, 2]},
								"east": {"uv": [2, 4], "uv_size": [-1, 2]},
								"south": {"uv": [2, 4], "uv_size": [-1, 2]},
								"west": {"uv": [2, 4], "uv_size": [-1, 2]},
								"up": {"uv": [1, 6], "uv_size": [1, -2]},
								"down": {"uv": [1, 6], "uv_size": [1, -2]}
							}
						}
					]
				},
				{
					"name": "RIGHT_EYE",
					"parent": "BaseHead",
					"pivot": [-2.7998, 25.3904, -4.82355],
					"cubes": [
						{
							"origin": [-4.20267, 24.8903, -5.54046],
							"size": [3.066, 3.642, 1.46],
							"pivot": [-2.628, 25.91423, -4.09355],
							"rotation": [0, 0, -6],
							"uv": {
								"north": {"uv": [1, 1], "uv_size": [2, 2]},
								"east": {"uv": [0, 1], "uv_size": [1, 2]},
								"south": {"uv": [4, 1], "uv_size": [2, 2]},
								"west": {"uv": [3, 1], "uv_size": [1, 2]},
								"up": {"uv": [1, 0], "uv_size": [2, 1]},
								"down": {"uv": [3, 1], "uv_size": [2, -1]}
							}
						}
					]
				},
				{
					"name": "PUPIL2",
					"parent": "RIGHT_EYE",
					"pivot": [-2.628, 25.91423, -4.09355],
					"cubes": [
						{
							"origin": [-3.22621, 25.77064, -5.71336],
							"size": [1.314, 1.29, 1.606],
							"pivot": [-2.774, 26.20623, -4.09355],
							"rotation": [0, 0, -6],
							"uv": {
								"north": {"uv": [2, 4], "uv_size": [-1, 2]},
								"east": {"uv": [2, 4], "uv_size": [-1, 2]},
								"south": {"uv": [2, 4], "uv_size": [-1, 2]},
								"west": {"uv": [2, 4], "uv_size": [-1, 2]},
								"up": {"uv": [1, 6], "uv_size": [1, -2]},
								"down": {"uv": [1, 6], "uv_size": [1, -2]}
							}
						}
					]
				},
				{
					"name": "Jaw",
					"parent": "head",
					"pivot": [-0.3285, 20.51223, 3.49845],
					"cubes": [
						{
							"origin": [-5.11, 20.65823, -5.11555],
							"size": [8.76, 1.46, 0],
							"uv": {
								"north": {"uv": [44, 2], "uv_size": [6, 5]},
								"east": {"uv": [39, 2], "uv_size": [0, 1]},
								"south": {"uv": [45, 2], "uv_size": [6, 1]},
								"west": {"uv": [45, 2], "uv_size": [0, 1]},
								"up": {"uv": [39, 2], "uv_size": [6, 0]},
								"down": {"uv": [45, 2], "uv_size": [6, 0]}
							}
						},
						{
							"origin": [-5.253, 17.00823, -5.45135],
							"size": [10.656, 3.942, 8.614],
							"pivot": [0, 25.18423, -0.58955],
							"rotation": [2.5, 0, 0],
							"uv": {
								"north": {"uv": [22, 18], "uv_size": [7, 3]},
								"east": {"uv": [6, 0], "uv_size": [6, 3]},
								"south": {"uv": [12, 27], "uv_size": [7, 3]},
								"west": {"uv": [12, 0], "uv_size": [-6, 3]},
								"up": {"uv": [14, 21], "uv_size": [7, 6]},
								"down": {"uv": [22, 12], "uv_size": [7, -6]}
							}
						}
					]
				},
				{
					"name": "TONGE_BASE",
					"parent": "Jaw",
					"pivot": [0.146, 20.34076, 0.2859],
					"cubes": [
						{
							"origin": [-2.044, 20.34076, -1.1741],
							"size": [4.38, 0, 1.46],
							"uv": {
								"north": {"uv": [58, 18], "uv_size": [3, 0]},
								"east": {"uv": [50, 18], "uv_size": [8, 0]},
								"south": {"uv": [69, 18], "uv_size": [3, 0]},
								"west": {"uv": [61, 18], "uv_size": [8, 0]},
								"up": {"uv": [56, 9], "uv_size": [7, 2]},
								"down": {"uv": [57, 33], "uv_size": [3, -8]}
							}
						}
					]
				},
				{
					"name": "TONGUE_LOWMID",
					"parent": "TONGE_BASE",
					"pivot": [0.146, 20.34076, -1.1741],
					"cubes": [
						{
							"origin": [-2.044, 20.34076, -2.6341],
							"size": [4.38, 0, 1.46],
							"uv": {
								"north": {"uv": [58, 18], "uv_size": [3, 0]},
								"east": {"uv": [50, 18], "uv_size": [8, 0]},
								"south": {"uv": [69, 18], "uv_size": [3, 0]},
								"west": {"uv": [61, 18], "uv_size": [8, 0]},
								"up": {"uv": [56, 9], "uv_size": [7, 2]},
								"down": {"uv": [57, 33], "uv_size": [3, -8]}
							}
						}
					]
				},
				{
					"name": "TONGUE_HIGHMID",
					"parent": "TONGUE_LOWMID",
					"pivot": [0.146, 20.34076, -2.6341],
					"cubes": [
						{
							"origin": [-2.044, 20.34076, -4.0941],
							"size": [4.38, 0, 1.46],
							"uv": {
								"north": {"uv": [58, 18], "uv_size": [3, 0]},
								"east": {"uv": [50, 18], "uv_size": [8, 0]},
								"south": {"uv": [69, 18], "uv_size": [3, 0]},
								"west": {"uv": [61, 18], "uv_size": [8, 0]},
								"up": {"uv": [56, 11], "uv_size": [7, 2]},
								"down": {"uv": [57, 33], "uv_size": [3, -8]}
							}
						}
					]
				},
				{
					"name": "TONGUE_HIGH",
					"parent": "TONGUE_HIGHMID",
					"pivot": [0.146, 20.34076, -4.0941],
					"rotation": [-177.5, 0, 0],
					"cubes": [
						{
							"origin": [-2.044, 20.34076, -5.5541],
							"size": [4.38, 0, 1.46],
							"uv": {
								"north": {"uv": [58, 18], "uv_size": [3, 0]},
								"east": {"uv": [50, 18], "uv_size": [8, 0]},
								"south": {"uv": [69, 18], "uv_size": [3, 0]},
								"west": {"uv": [61, 18], "uv_size": [8, 0]},
								"up": {"uv": [56, 12], "uv_size": [7, 2]},
								"down": {"uv": [57, 33], "uv_size": [3, -8]}
							}
						}
					]
				},
				{
					"name": "TONGUE_HIGHER",
					"parent": "TONGUE_HIGH",
					"pivot": [0.146, 20.34076, -5.5541],
					"cubes": [
						{
							"origin": [-2.044, 20.34076, -7.0141],
							"size": [4.38, 0, 1.46],
							"uv": {
								"north": {"uv": [58, 18], "uv_size": [3, 0]},
								"east": {"uv": [50, 18], "uv_size": [8, 0]},
								"south": {"uv": [69, 18], "uv_size": [3, 0]},
								"west": {"uv": [61, 18], "uv_size": [8, 0]},
								"up": {"uv": [56, 13], "uv_size": [7, 2]},
								"down": {"uv": [57, 33], "uv_size": [3, -8]}
							}
						}
					]
				},
				{
					"name": "TONGUE_HIGHEST",
					"parent": "TONGUE_HIGHER",
					"pivot": [0.146, 20.34076, -7.0141],
					"cubes": [
						{
							"origin": [-2.044, 20.34076, -8.4741],
							"size": [4.38, 0, 1.46],
							"uv": {
								"north": {"uv": [58, 18], "uv_size": [3, 0]},
								"east": {"uv": [50, 18], "uv_size": [8, 0]},
								"south": {"uv": [69, 18], "uv_size": [3, 0]},
								"west": {"uv": [61, 18], "uv_size": [8, 0]},
								"up": {"uv": [56, 14], "uv_size": [7, 2]},
								"down": {"uv": [57, 33], "uv_size": [3, -8]}
							}
						}
					]
				},
				{
					"name": "TONGUE_FINAL",
					"parent": "TONGUE_HIGHEST",
					"pivot": [0.146, 20.34076, -8.4741],
					"cubes": [
						{
							"origin": [-2.044, 20.34076, -9.9341],
							"size": [4.38, 0, 1.46],
							"uv": {
								"north": {"uv": [58, 18], "uv_size": [3, 0]},
								"east": {"uv": [50, 18], "uv_size": [8, 0]},
								"south": {"uv": [69, 18], "uv_size": [3, 0]},
								"west": {"uv": [61, 18], "uv_size": [8, 0]},
								"up": {"uv": [56, 16], "uv_size": [7, 2]},
								"down": {"uv": [57, 33], "uv_size": [3, -8]}
							}
						}
					]
				},
				{
					"name": "TONGUE_FINALIST",
					"parent": "TONGUE_FINAL",
					"pivot": [0.146, 20.34076, -9.9341],
					"cubes": [
						{
							"origin": [-2.044, 20.34076, -11.3941],
							"size": [4.38, 0, 1.46],
							"uv": {
								"north": {"uv": [58, 18], "uv_size": [3, 0]},
								"east": {"uv": [50, 18], "uv_size": [8, 0]},
								"south": {"uv": [69, 18], "uv_size": [3, 0]},
								"west": {"uv": [61, 18], "uv_size": [8, 0]},
								"up": {"uv": [56, 17], "uv_size": [7, 2]},
								"down": {"uv": [57, 33], "uv_size": [3, -8]}
							}
						}
					]
				},
				{
					"name": "TONGE_BASE2",
					"parent": "Jaw",
					"pivot": [-3.066, 20.34076, 0.2859],
					"cubes": [
						{
							"origin": [-5.256, 20.34076, -1.1741],
							"size": [4.38, 0, 1.46],
							"uv": {
								"north": {"uv": [58, 18], "uv_size": [3, 0]},
								"east": {"uv": [50, 18], "uv_size": [8, 0]},
								"south": {"uv": [69, 18], "uv_size": [3, 0]},
								"west": {"uv": [61, 18], "uv_size": [8, 0]},
								"up": {"uv": [56, 9], "uv_size": [7, 2]},
								"down": {"uv": [57, 33], "uv_size": [3, -8]}
							}
						}
					]
				},
				{
					"name": "TONGUE_LOWMID2",
					"parent": "TONGE_BASE2",
					"pivot": [-3.066, 20.34076, -1.1741],
					"cubes": [
						{
							"origin": [-5.256, 20.34076, -2.6341],
							"size": [4.38, 0, 1.46],
							"uv": {
								"north": {"uv": [58, 18], "uv_size": [3, 0]},
								"east": {"uv": [50, 18], "uv_size": [8, 0]},
								"south": {"uv": [69, 18], "uv_size": [3, 0]},
								"west": {"uv": [61, 18], "uv_size": [8, 0]},
								"up": {"uv": [56, 9], "uv_size": [7, 2]},
								"down": {"uv": [57, 33], "uv_size": [3, -8]}
							}
						}
					]
				},
				{
					"name": "TONGUE_HIGHMID2",
					"parent": "TONGUE_LOWMID2",
					"pivot": [-3.066, 20.34076, -2.6341],
					"cubes": [
						{
							"origin": [-5.256, 20.34076, -4.0941],
							"size": [4.38, 0, 1.46],
							"uv": {
								"north": {"uv": [58, 18], "uv_size": [3, 0]},
								"east": {"uv": [50, 18], "uv_size": [8, 0]},
								"south": {"uv": [69, 18], "uv_size": [3, 0]},
								"west": {"uv": [61, 18], "uv_size": [8, 0]},
								"up": {"uv": [56, 11], "uv_size": [7, 2]},
								"down": {"uv": [57, 33], "uv_size": [3, -8]}
							}
						}
					]
				},
				{
					"name": "TONGUE_HIGH2",
					"parent": "TONGUE_HIGHMID2",
					"pivot": [-3.066, 20.34076, -4.0941],
					"rotation": [-177.5, 0, 0],
					"cubes": [
						{
							"origin": [-5.256, 20.34076, -5.5541],
							"size": [4.38, 0, 1.46],
							"uv": {
								"north": {"uv": [58, 18], "uv_size": [3, 0]},
								"east": {"uv": [50, 18], "uv_size": [8, 0]},
								"south": {"uv": [69, 18], "uv_size": [3, 0]},
								"west": {"uv": [61, 18], "uv_size": [8, 0]},
								"up": {"uv": [56, 12], "uv_size": [7, 2]},
								"down": {"uv": [57, 33], "uv_size": [3, -8]}
							}
						}
					]
				},
				{
					"name": "TONGUE_HIGHER2",
					"parent": "TONGUE_HIGH2",
					"pivot": [-3.066, 20.34076, -5.5541],
					"cubes": [
						{
							"origin": [-5.256, 20.34076, -7.0141],
							"size": [4.38, 0, 1.46],
							"uv": {
								"north": {"uv": [58, 18], "uv_size": [3, 0]},
								"east": {"uv": [50, 18], "uv_size": [8, 0]},
								"south": {"uv": [69, 18], "uv_size": [3, 0]},
								"west": {"uv": [61, 18], "uv_size": [8, 0]},
								"up": {"uv": [56, 13], "uv_size": [7, 2]},
								"down": {"uv": [57, 33], "uv_size": [3, -8]}
							}
						}
					]
				},
				{
					"name": "TONGUE_HIGHEST2",
					"parent": "TONGUE_HIGHER2",
					"pivot": [-3.066, 20.34076, -7.0141],
					"cubes": [
						{
							"origin": [-5.256, 20.34076, -8.4741],
							"size": [4.38, 0, 1.46],
							"uv": {
								"north": {"uv": [58, 18], "uv_size": [3, 0]},
								"east": {"uv": [50, 18], "uv_size": [8, 0]},
								"south": {"uv": [69, 18], "uv_size": [3, 0]},
								"west": {"uv": [61, 18], "uv_size": [8, 0]},
								"up": {"uv": [56, 14], "uv_size": [7, 2]},
								"down": {"uv": [57, 33], "uv_size": [3, -8]}
							}
						}
					]
				},
				{
					"name": "TONGUE_FINAL2",
					"parent": "TONGUE_HIGHEST2",
					"pivot": [-3.066, 20.34076, -8.4741],
					"cubes": [
						{
							"origin": [-5.256, 20.34076, -9.9341],
							"size": [4.38, 0, 1.46],
							"uv": {
								"north": {"uv": [58, 18], "uv_size": [3, 0]},
								"east": {"uv": [50, 18], "uv_size": [8, 0]},
								"south": {"uv": [69, 18], "uv_size": [3, 0]},
								"west": {"uv": [61, 18], "uv_size": [8, 0]},
								"up": {"uv": [56, 16], "uv_size": [7, 2]},
								"down": {"uv": [57, 33], "uv_size": [3, -8]}
							}
						}
					]
				},
				{
					"name": "TONGUE_FINALIST2",
					"parent": "TONGUE_FINAL2",
					"pivot": [-3.066, 20.34076, -9.9341],
					"cubes": [
						{
							"origin": [-5.256, 20.34076, -11.3941],
							"size": [4.38, 0, 1.46],
							"uv": {
								"north": {"uv": [58, 18], "uv_size": [3, 0]},
								"east": {"uv": [50, 18], "uv_size": [8, 0]},
								"south": {"uv": [69, 18], "uv_size": [3, 0]},
								"west": {"uv": [61, 18], "uv_size": [8, 0]},
								"up": {"uv": [56, 17], "uv_size": [7, 2]},
								"down": {"uv": [57, 33], "uv_size": [3, -8]}
							}
						}
					]
				},
				{
					"name": "TONGE_BASE3",
					"parent": "Jaw",
					"pivot": [3.212, 20.34076, 0.2859],
					"cubes": [
						{
							"origin": [1.022, 20.34076, -1.1741],
							"size": [4.38, 0, 1.46],
							"uv": {
								"north": {"uv": [58, 18], "uv_size": [3, 0]},
								"east": {"uv": [50, 18], "uv_size": [8, 0]},
								"south": {"uv": [69, 18], "uv_size": [3, 0]},
								"west": {"uv": [61, 18], "uv_size": [8, 0]},
								"up": {"uv": [56, 9], "uv_size": [7, 2]},
								"down": {"uv": [57, 33], "uv_size": [3, -8]}
							}
						}
					]
				},
				{
					"name": "TONGUE_LOWMID3",
					"parent": "TONGE_BASE3",
					"pivot": [3.212, 20.34076, -1.1741],
					"cubes": [
						{
							"origin": [1.022, 20.34076, -2.6341],
							"size": [4.38, 0, 1.46],
							"uv": {
								"north": {"uv": [58, 18], "uv_size": [3, 0]},
								"east": {"uv": [50, 18], "uv_size": [8, 0]},
								"south": {"uv": [69, 18], "uv_size": [3, 0]},
								"west": {"uv": [61, 18], "uv_size": [8, 0]},
								"up": {"uv": [56, 9], "uv_size": [7, 2]},
								"down": {"uv": [57, 33], "uv_size": [3, -8]}
							}
						}
					]
				},
				{
					"name": "TONGUE_HIGHMID3",
					"parent": "TONGUE_LOWMID3",
					"pivot": [3.212, 20.34076, -2.6341],
					"cubes": [
						{
							"origin": [1.022, 20.34076, -4.0941],
							"size": [4.38, 0, 1.46],
							"uv": {
								"north": {"uv": [58, 18], "uv_size": [3, 0]},
								"east": {"uv": [50, 18], "uv_size": [8, 0]},
								"south": {"uv": [69, 18], "uv_size": [3, 0]},
								"west": {"uv": [61, 18], "uv_size": [8, 0]},
								"up": {"uv": [56, 11], "uv_size": [7, 2]},
								"down": {"uv": [57, 33], "uv_size": [3, -8]}
							}
						}
					]
				},
				{
					"name": "TONGUE_HIGH3",
					"parent": "TONGUE_HIGHMID3",
					"pivot": [3.212, 20.34076, -4.0941],
					"rotation": [-177.5, 0, 0],
					"cubes": [
						{
							"origin": [1.022, 20.34076, -5.5541],
							"size": [4.38, 0, 1.46],
							"uv": {
								"north": {"uv": [58, 18], "uv_size": [3, 0]},
								"east": {"uv": [50, 18], "uv_size": [8, 0]},
								"south": {"uv": [69, 18], "uv_size": [3, 0]},
								"west": {"uv": [61, 18], "uv_size": [8, 0]},
								"up": {"uv": [56, 12], "uv_size": [7, 2]},
								"down": {"uv": [57, 33], "uv_size": [3, -8]}
							}
						}
					]
				},
				{
					"name": "TONGUE_HIGHER3",
					"parent": "TONGUE_HIGH3",
					"pivot": [3.212, 20.34076, -5.5541],
					"cubes": [
						{
							"origin": [1.022, 20.34076, -7.0141],
							"size": [4.38, 0, 1.46],
							"uv": {
								"north": {"uv": [58, 18], "uv_size": [3, 0]},
								"east": {"uv": [50, 18], "uv_size": [8, 0]},
								"south": {"uv": [69, 18], "uv_size": [3, 0]},
								"west": {"uv": [61, 18], "uv_size": [8, 0]},
								"up": {"uv": [56, 13], "uv_size": [7, 2]},
								"down": {"uv": [57, 33], "uv_size": [3, -8]}
							}
						}
					]
				},
				{
					"name": "TONGUE_HIGHEST3",
					"parent": "TONGUE_HIGHER3",
					"pivot": [3.212, 20.34076, -7.0141],
					"cubes": [
						{
							"origin": [1.022, 20.34076, -8.4741],
							"size": [4.38, 0, 1.46],
							"uv": {
								"north": {"uv": [58, 18], "uv_size": [3, 0]},
								"east": {"uv": [50, 18], "uv_size": [8, 0]},
								"south": {"uv": [69, 18], "uv_size": [3, 0]},
								"west": {"uv": [61, 18], "uv_size": [8, 0]},
								"up": {"uv": [56, 14], "uv_size": [7, 2]},
								"down": {"uv": [57, 33], "uv_size": [3, -8]}
							}
						}
					]
				},
				{
					"name": "TONGUE_FINAL3",
					"parent": "TONGUE_HIGHEST3",
					"pivot": [3.212, 20.34076, -8.4741],
					"cubes": [
						{
							"origin": [1.022, 20.34076, -9.9341],
							"size": [4.38, 0, 1.46],
							"uv": {
								"north": {"uv": [58, 18], "uv_size": [3, 0]},
								"east": {"uv": [50, 18], "uv_size": [8, 0]},
								"south": {"uv": [69, 18], "uv_size": [3, 0]},
								"west": {"uv": [61, 18], "uv_size": [8, 0]},
								"up": {"uv": [56, 16], "uv_size": [7, 2]},
								"down": {"uv": [57, 33], "uv_size": [3, -8]}
							}
						}
					]
				},
				{
					"name": "TONGUE_FINALIST3",
					"parent": "TONGUE_FINAL3",
					"pivot": [3.212, 20.34076, -9.9341],
					"cubes": [
						{
							"origin": [1.022, 20.34076, -11.3941],
							"size": [4.38, 0, 1.46],
							"uv": {
								"north": {"uv": [58, 18], "uv_size": [3, 0]},
								"east": {"uv": [50, 18], "uv_size": [8, 0]},
								"south": {"uv": [69, 18], "uv_size": [3, 0]},
								"west": {"uv": [61, 18], "uv_size": [8, 0]},
								"up": {"uv": [56, 17], "uv_size": [7, 2]},
								"down": {"uv": [57, 33], "uv_size": [3, -8]}
							}
						}
					]
				},
				{
					"name": "armorBody",
					"pivot": [0, 11.68, -0.232],
					"cubes": [
						{
							"origin": [-1.606, 4.38, 2.98],
							"size": [3.212, 3.212, 1.898],
							"pivot": [0, 5.986, 6.192],
							"rotation": [-10, 0, 0],
							"uv": {
								"north": {"uv": [12, 9], "uv_size": [2, 2]},
								"east": {"uv": [30, 10], "uv_size": [1, 2]},
								"south": {"uv": [41, 33], "uv_size": [2, 2]},
								"west": {"uv": [46, 22], "uv_size": [-2, 2]},
								"up": {"uv": [26, 32], "uv_size": [2, 1]},
								"down": {"uv": [31, 28], "uv_size": [2, -1]}
							}
						}
					]
				},
				{
					"name": "TORSO",
					"parent": "armorBody",
					"pivot": [0, 11.68, -0.232],
					"cubes": [
						{
							"origin": [-6.14, 5.11, -4.612],
							"size": [12.28, 13.14, 8.76],
							"pivot": [0, 11.68, -0.232],
							"rotation": [-6.5, 0, 0],
							"uv": {
								"north": {"uv": [4, 3], "uv_size": [8, 9]},
								"east": {"uv": [14, 12], "uv_size": [-6, 9]},
								"south": {"uv": [0, 12], "uv_size": [8, 9]},
								"west": {"uv": [8, 12], "uv_size": [6, 9]},
								"up": {"uv": [14, 9], "uv_size": [8, 6]},
								"down": {"uv": [14, 21], "uv_size": [8, -6]}
							}
						}
					]
				},
				{
					"name": "TAIL_BASE",
					"parent": "armorBody",
					"pivot": [0, 6.132, 4.732],
					"cubes": [
						{
							"origin": [-1.46, 4.818, 4.148],
							"size": [2.92, 2.92, 3.212],
							"uv": {
								"north": {"uv": [12, 9], "uv_size": [2, 2]},
								"east": {"uv": [29, 10], "uv_size": [2, 2]},
								"south": {"uv": [24, 31], "uv_size": [2, 2]},
								"west": {"uv": [31, 24], "uv_size": [2, 2]},
								"up": {"uv": [26, 31], "uv_size": [2, 2]},
								"down": {"uv": [31, 28], "uv_size": [2, -2]}
							}
						}
					]
				},
				{
					"name": "TAIL_LOWMID",
					"parent": "TAIL_BASE",
					"pivot": [0, 6.132, 6.192],
					"cubes": [
						{
							"origin": [-1.314, 4.964, 7.068],
							"size": [2.628, 2.628, 3.212],
							"uv": {
								"north": {"uv": [31, 28], "uv_size": [2, 2]},
								"east": {"uv": [31, 30], "uv_size": [2, 2]},
								"south": {"uv": [32, 6], "uv_size": [2, 2]},
								"west": {"uv": [32, 8], "uv_size": [2, 2]},
								"up": {"uv": [32, 15], "uv_size": [2, 2]},
								"down": {"uv": [32, 19], "uv_size": [2, -2]}
							}
						}
					]
				},
				{
					"name": "TAIL_HIGHMID",
					"parent": "TAIL_LOWMID",
					"pivot": [0, 6.132, 9.112],
					"cubes": [
						{
							"origin": [-1.168, 4.964, 9.842],
							"size": [2.336, 2.336, 3.358],
							"uv": {
								"north": {"uv": [31, 32], "uv_size": [2, 2]},
								"east": {"uv": [12, 33], "uv_size": [2, 2]},
								"south": {"uv": [14, 33], "uv_size": [2, 2]},
								"west": {"uv": [16, 33], "uv_size": [2, 2]},
								"up": {"uv": [18, 33], "uv_size": [2, 2]},
								"down": {"uv": [20, 35], "uv_size": [2, -2]}
							}
						}
					]
				},
				{
					"name": "armorLeftArm",
					"pivot": [7.5, 15.975, -0.7]
				},
				{
					"name": "LeftArm",
					"parent": "armorLeftArm",
					"pivot": [7.2334, 16.75208, -0.41],
					"rotation": [0, 0, -30],
					"cubes": [
						{
							"origin": [2.7695, 6.8114, -2.6],
							"size": [4.38, 11.68, 4.38],
							"uv": {
								"north": {"uv": [0, 27], "uv_size": [3, 8]},
								"east": {"uv": [3, 27], "uv_size": [3, 8]},
								"south": {"uv": [6, 27], "uv_size": [3, 8]},
								"west": {"uv": [9, 27], "uv_size": [3, 8]},
								"up": {"uv": [21, 30], "uv_size": [3, 3]},
								"down": {"uv": [31, 3], "uv_size": [3, -3]}
							}
						}
					]
				},
				{
					"name": "armorRightArm",
					"pivot": [-5.51, 16.34, -0.23]
				},
				{
					"name": "RightArm",
					"parent": "armorRightArm",
					"pivot": [-4.8334, 16.27708, -0.46],
					"rotation": [0, 0, 30],
					"cubes": [
						{
							"origin": [-7.18219, 5.47522, -2.65],
							"size": [4.38, 11.68, 4.38],
							"uv": {
								"north": {"uv": [3, 27], "uv_size": [-3, 8]},
								"east": {"uv": [12, 27], "uv_size": [-3, 8]},
								"south": {"uv": [9, 27], "uv_size": [-3, 8]},
								"west": {"uv": [6, 27], "uv_size": [-3, 8]},
								"up": {"uv": [24, 30], "uv_size": [-3, 3]},
								"down": {"uv": [34, 3], "uv_size": [-3, -3]}
							}
						}
					]
				},
				{
					"name": "armorLeftLeg",
					"pivot": [3.73, 5.46, 0.644]
				},
				{
					"name": "LeftLeg",
					"parent": "armorLeftLeg",
					"pivot": [4.08354, 4.50598, -0.086],
					"cubes": [
						{
							"origin": [1.96, 0, -2.276],
							"size": [4.38, 5.84, 4.38],
							"pivot": [1.23, 1.46, 0.644],
							"rotation": [0, 0, -2.5],
							"uv": {
								"north": {"uv": [0, 6], "uv_size": [3, 4]},
								"east": {"uv": [25, 27], "uv_size": [3, 4]},
								"south": {"uv": [28, 12], "uv_size": [3, 4]},
								"west": {"uv": [28, 21], "uv_size": [3, 4]},
								"up": {"uv": [18, 6], "uv_size": [3, 3]},
								"down": {"uv": [12, 33], "uv_size": [3, -3]}
							}
						}
					]
				},
				{
					"name": "armorRightLeg",
					"pivot": [-3.805, 5.46, 0.644]
				},
				{
					"name": "RightLeg",
					"parent": "armorRightLeg",
					"pivot": [-4.08354, 4.50598, -0.086],
					"cubes": [
						{
							"origin": [-6.34, 0, -2.276],
							"size": [4.38, 5.84, 4.38],
							"pivot": [-1.23, 1.46, 0.644],
							"rotation": [0, 0, 2.5],
							"uv": {
								"north": {"uv": [3, 6], "uv_size": [-3, 4]},
								"east": {"uv": [31, 21], "uv_size": [-3, 4]},
								"south": {"uv": [31, 12], "uv_size": [-3, 4]},
								"west": {"uv": [28, 27], "uv_size": [-3, 4]},
								"up": {"uv": [21, 6], "uv_size": [-3, 3]},
								"down": {"uv": [15, 33], "uv_size": [-3, -3]}
							}
						}
					]
				}
			]
		}
	]
}