{
	"format_version": "1.8.0",
	"animations": {
		"shoot": {
			"loop": "hold_on_last_frame",
			"animation_length": 0.4167,
			"bones": {
				"BaseHead": {
					"rotation": {
						"0.0": {
							"vector": [0, 0, 0]
						},
						"0.0833": {
							"vector": [-52.5, 0, 0]
						},
						"0.4167": {
							"vector": [0, 0, 0]
						}
					}
				},
				"LEFT_EYE": {
					"rotation": {
						"0.0": {
							"vector": [0, 0, 0]
						},
						"0.0833": {
							"vector": [0, 0, -25]
						},
						"0.4167": {
							"vector": [0, 0, 0]
						}
					},
					"scale": {
						"0.0": {
							"vector": [1, 1, 1]
						},
						"0.0833": {
							"vector": [1.18, 0.42, 1]
						},
						"0.4167": {
							"vector": [1, 1, 1]
						}
					}
				},
				"PUPIL": {
					"scale": {
						"0.0": {
							"vector": [1, 1, 1]
						},
						"0.0833": {
							"vector": [1, 0.43, 1]
						},
						"0.4167": {
							"vector": [1, 1, 1]
						}
					}
				},
				"RIGHT_EYE": {
					"rotation": {
						"0.0": {
							"vector": [0, 0, 0]
						},
						"0.0833": {
							"vector": [0, 0, 22.5]
						},
						"0.4167": {
							"vector": [0, 0, 0]
						}
					},
					"scale": {
						"0.0": {
							"vector": [1, 1, 1]
						},
						"0.0833": {
							"vector": [1.18, 0.42, 1]
						},
						"0.4167": {
							"vector": [1, 1, 1]
						}
					}
				},
				"PUPIL2": {
					"scale": {
						"0.0": {
							"vector": [1, 1, 1]
						},
						"0.0833": {
							"vector": [1, 0.43, 1]
						},
						"0.4167": {
							"vector": [1, 1, 1]
						}
					}
				},
				"Jaw": {
					"rotation": {
						"0.0": {
							"vector": [0, 0, 0]
						},
						"0.0833": {
							"vector": [15, 0, 0]
						},
						"0.4167": {
							"vector": [0, 0, 0]
						}
					}
				}
			}
		},
		"boom": {
			"animation_length": 1.4029,
			"bones": {
				"BaseHead": {
					"rotation": {
						"0.0": {
							"vector": [0, 0, 0]
						},
						"1.1691": {
							"vector": [0, 0, 0]
						},
						"1.325": {
							"vector": [-107.5, 0, 0]
						}
					},
					"position": {
						"0.0": {
							"vector": [0, 0, 0]
						},
						"0.7794": {
							"vector": [0, 4, 0]
						}
					}
				},
				"LEFT_EYE": {
					"rotation": {
						"0.0": {
							"vector": [0, 0, 0]
						},
						"0.7794": {
							"vector": [0, 0, -20]
						}
					},
					"scale": {
						"0.0": {
							"vector": [1, 1, 1]
						},
						"0.7794": {
							"vector": [1.21, 0.39, 1]
						}
					}
				},
				"PUPIL": {
					"scale": {
						"0.0": {
							"vector": [1, 1, 1]
						},
						"0.7794": {
							"vector": [1, 0.37, 1]
						}
					}
				},
				"RIGHT_EYE": {
					"rotation": {
						"0.0": {
							"vector": [0, 0, 0]
						},
						"0.7794": {
							"vector": [0, 0, 17.5]
						}
					},
					"scale": {
						"0.0": {
							"vector": [1, 1, 1]
						},
						"0.7794": {
							"vector": [1.25, 0.4, 1]
						}
					}
				},
				"PUPIL2": {
					"scale": {
						"0.0": {
							"vector": [1, 1, 1]
						},
						"0.7794": {
							"vector": [1, 0.36, 1]
						}
					}
				},
				"Jaw": {
					"position": {
						"0.0": {
							"vector": [0, 0, 0]
						},
						"0.7794": {
							"vector": [0, 4, 0]
						}
					}
				},
				"TORSO": {
					"position": {
						"0.0": {
							"vector": [0, 0, 0]
						},
						"1.0133": {
							"vector": [0, 2.7, -2.1]
						}
					},
					"scale": {
						"0.0": {
							"vector": [1, 1, 1]
						},
						"1.0133": {
							"vector": [2.25, 1.8, 1.6]
						}
					}
				},
				"LeftArm": {
					"rotation": {
						"0.0": {
							"vector": [0, 0, 0]
						},
						"0.1169": {
							"vector": [0, 0, -22.5]
						},
						"0.3118": {
							"vector": [0, 0, -5]
						},
						"0.5066": {
							"vector": [0, 0, -22.5]
						},
						"0.7015": {
							"vector": [0, 0, -5]
						},
						"0.8574": {
							"vector": [0, 0, -25]
						},
						"0.9743": {
							"vector": [0, 0, 0]
						},
						"1.1302": {
							"vector": [0, 0, -15]
						},
						"1.2471": {
							"vector": [0, 0, -2.5]
						}
					},
					"position": {
						"0.0": {
							"vector": [0, 0, 0]
						},
						"1.0912": {
							"vector": [7, 0, 0]
						}
					}
				},
				"RightArm": {
					"rotation": {
						"0.0": {
							"vector": [0, 0, 0]
						},
						"0.1169": {
							"vector": [0, 0, 17.5]
						},
						"0.3118": {
							"vector": [0, 0, 2.5]
						},
						"0.5066": {
							"vector": [0, 0, 17.5]
						},
						"0.7015": {
							"vector": [0, 0, -2.5]
						},
						"0.8574": {
							"vector": [0, 0, 12.5]
						},
						"0.9743": {
							"vector": [0, 0, -2.5]
						},
						"1.1302": {
							"vector": [0, 0, 12.5]
						},
						"1.2471": {
							"vector": [0, 0, -2.5]
						}
					},
					"position": {
						"0.0": {
							"vector": [0, 0, 0]
						},
						"1.0912": {
							"vector": [-7, 0, 0]
						}
					}
				},
				"head": {
					"rotation": {
						"0.0": {
							"vector": [0, 0, 0]
						},
						"1.0133": {
							"vector": [-15, 0, 0]
						}
					},
					"position": {
						"0.0": {
							"vector": [0, 0, 0]
						},
						"1.0133": {
							"vector": [0, 2.1, 0]
						}
					}
				}
			}
		},
		"tail": {
			"loop": true,
			"animation_length": 32.0417,
			"bones": {
				"TAIL_BASE": {
					"rotation": {
						"vector": [-29.69257, "0.3324+math.sin(query.anim_time*224)*15", 2.70506]
					}
				},
				"TAIL_LOWMID": {
					"rotation": {
						"vector": [-5, "math.sin(query.anim_time*224-50)*20", 0]
					}
				},
				"TAIL_HIGHMID": {
					"rotation": {
						"vector": [12.5, "math.sin(query.anim_time*224-150)*25", 0]
					}
				}
			}
		},
		"open_mouth": {
			"loop": "hold_on_last_frame",
			"animation_length": 0.7504,
			"bones": {
				"BaseHead": {
					"rotation": {
						"0.0": {
							"vector": [0, 0, 0]
						},
						"0.2063": {
							"vector": [-120.38, 0, 0]
						},
						"0.5627": {
							"vector": [7.5, 0, 0]
						},
						"0.7503": {
							"vector": [0, 0, 0]
						}
					}
				},
				"TONGE_BASE": {
					"rotation": {
						"0.0": {
							"vector": [0, 0, 0]
						},
						"0.2439": {
							"vector": [-35, 0, 0]
						},
						"0.3939": {
							"vector": [-20, 0, 0]
						}
					},
					"position": {
						"0.0": {
							"vector": [0, 0, 0]
						},
						"0.2439": {
							"vector": [0, 0.8, 1.2]
						}
					},
					"scale": {
						"0.0": {
							"vector": [1, 1, 1]
						},
						"0.2439": {
							"vector": [1, 1, 3.3]
						},
						"0.4877": {
							"vector": [1, 1, 0.7]
						}
					}
				},
				"TONGUE_HIGHER": {
					"rotation": {
						"0.0": {
							"vector": [0, 0, 0]
						},
						"0.2439": {
							"vector": [167.5, 0, 0]
						},
						"0.3939": {
							"vector": [205, 0, 0]
						}
					},
					"scale": {
						"0.0": {
							"vector": [1, 1, 1]
						},
						"0.2439": {
							"vector": [1, 1, 3.1]
						}
					}
				},
				"TONGUE_HIGHEST": {
					"rotation": {
						"0.0": {
							"vector": [0, 0, 0]
						},
						"0.2439": {
							"vector": [70, 0, 0]
						}
					}
				},
				"TONGUE_FINAL": {
					"rotation": {
						"0.0": {
							"vector": [0, 0, 0]
						},
						"0.2439": {
							"vector": [17.5, 0, 0]
						}
					}
				},
				"TONGUE_FINALIST": {
					"rotation": {
						"0.0": {
							"vector": [0, 0, 0]
						},
						"0.3939": {
							"vector": [157.5, 0, 0]
						}
					}
				},
				"LEFT_EYE": {
					"rotation": {
						"0.0": {
							"vector": [0, 0, 0]
						},
						"0.2439": {
							"vector": [0, 0, -25]
						},
						"0.7503": {
							"vector": [0, 0, 0]
						}
					},
					"scale": {
						"0.0": {
							"vector": [1, 1, 1]
						},
						"0.2439": {
							"vector": [1.15, 0.37, 1]
						},
						"0.7503": {
							"vector": [1, 1, 1]
						}
					}
				},
				"RIGHT_EYE": {
					"rotation": {
						"0.0": {
							"vector": [0, 0, 0]
						},
						"0.2439": {
							"vector": [0, 0, 25]
						},
						"0.7503": {
							"vector": [0, 0, 0]
						}
					},
					"scale": {
						"0.0": {
							"vector": [1, 1, 1]
						},
						"0.2439": {
							"vector": [1.15, 0.39, 1]
						},
						"0.7503": {
							"vector": [1, 1, 1]
						}
					}
				},
				"PUPIL": {
					"scale": {
						"0.0": {
							"vector": [1, 1, 1]
						},
						"0.2439": {
							"vector": [1, 0.45, 1]
						},
						"0.7503": {
							"vector": [1, 1, 1]
						}
					}
				},
				"PUPIL2": {
					"rotation": {
						"0.0": {
							"vector": [0, 0, 0]
						},
						"0.7503": {
							"vector": [0, 0, 0]
						}
					},
					"scale": {
						"0.0": {
							"vector": [1, 1, 1]
						},
						"0.2439": {
							"vector": [1, 0.45, 1]
						},
						"0.7503": {
							"vector": [1, 1, 1]
						}
					}
				},
				"TONGE_BASE2": {
					"rotation": {
						"0.0": {
							"vector": [0, 0, 0]
						},
						"0.2439": {
							"vector": [-36.16892, 19.98231, -43.73088]
						},
						"0.3939": {
							"vector": [-18.66892, 19.98231, -43.73088]
						}
					},
					"position": {
						"0.0": {
							"vector": [0, 0, 0]
						},
						"0.2439": {
							"vector": [1.5, 0.8, 1.2]
						}
					},
					"scale": {
						"0.0": {
							"vector": [1, 1, 1]
						},
						"0.2439": {
							"vector": [1, 1, 2.74]
						},
						"0.4877": {
							"vector": [1, 1, 0.83]
						}
					}
				},
				"TONGUE_HIGH2": {
					"rotation": {
						"0.0": {
							"vector": [0, 0, 0]
						},
						"0.2439": {
							"vector": [192.5, 0, 0]
						}
					}
				},
				"TONGUE_HIGHER2": {
					"rotation": {
						"0.0": {
							"vector": [0, 0, 0]
						},
						"0.2439": {
							"vector": [-20, 0, 0]
						},
						"0.3939": {
							"vector": [62.5, 0, 0]
						}
					}
				},
				"TONGUE_HIGHEST2": {
					"rotation": {
						"0.0": {
							"vector": [0, 0, 0]
						},
						"0.2439": {
							"vector": [-22.5, 0, 0]
						},
						"0.3939": {
							"vector": [22.5, 0, 0]
						}
					}
				},
				"TONGUE_FINALIST2": {
					"rotation": {
						"0.0": {
							"vector": [0, 0, 0]
						},
						"0.3939": {
							"vector": [27.5, 0, 0]
						}
					}
				},
				"TONGE_BASE3": {
					"rotation": {
						"0.0": {
							"vector": [0, 0, 0]
						},
						"0.2439": {
							"vector": [-44.93019, -7.06259, 54.47443]
						},
						"0.3939": {
							"vector": [-19.93019, -7.06259, 54.47443]
						}
					},
					"position": {
						"0.0": {
							"vector": [0, 0, 0]
						},
						"0.2439": {
							"vector": [-1.4, 0.6, 1.4]
						}
					},
					"scale": {
						"0.0": {
							"vector": [1, 1, 1]
						},
						"0.2439": {
							"vector": [1, 1, 2.61]
						},
						"0.4877": {
							"vector": [1, 1, 1.04]
						}
					}
				},
				"TONGUE_HIGH3": {
					"rotation": {
						"0.0": {
							"vector": [0, 0, 0]
						},
						"0.2439": {
							"vector": [162.5, 0, 0]
						}
					}
				},
				"TONGUE_HIGHER3": {
					"rotation": {
						"0.0": {
							"vector": [0, 0, 0]
						},
						"0.2439": {
							"vector": [32.5, 0, 0]
						},
						"0.3939": {
							"vector": [110, 0, 0]
						}
					}
				},
				"TONGUE_HIGHEST3": {
					"rotation": {
						"0.0": {
							"vector": [0, 0, 0]
						},
						"0.3939": {
							"vector": [6.28914, 2.1361, -2.31827]
						}
					}
				},
				"TONGUE_FINAL3": {
					"rotation": {
						"0.0": {
							"vector": [0, 0, 0]
						},
						"0.3939": {
							"vector": [57.5, 0, 0]
						}
					}
				},
				"TONGUE_FINALIST3": {
					"rotation": {
						"0.0": {
							"vector": [0, 0, 0]
						},
						"0.2439": {
							"vector": [-27.5, 0, 0]
						},
						"0.3939": {
							"vector": [127.5, 0, 0]
						}
					}
				},
				"RightArm": {
					"rotation": {
						"0.0": {
							"vector": [0, 0, 0]
						},
						"0.1501": {
							"vector": [62.50125, 6.65872, 86.52712]
						},
						"0.1876": {
							"vector": [62.50125, 6.65872, 86.52712]
						},
						"0.5627": {
							"vector": [0, 0, 0]
						}
					}
				},
				"LeftArm": {
					"rotation": {
						"0.0": {
							"vector": [0, 0, 0]
						},
						"0.1501": {
							"vector": [64.91623, -4.53051, -87.88249]
						},
						"0.1876": {
							"vector": [64.91623, -4.53051, -87.88249]
						},
						"0.5627": {
							"vector": [0, 0, 0]
						}
					}
				}
			}
		},
		"spin": {
			"loop": "hold_on_last_frame",
			"animation_length": 1.1711,
			"bones": {
				"BaseHead": {
					"rotation": {
						"0.0": {
							"vector": [0, 0, 0]
						},
						"0.1331": {
							"vector": [-27.5, 0, 0]
						},
						"0.8784": {
							"vector": [-27.5, 0, 0]
						},
						"1.0913": {
							"vector": [0, 0, 0]
						}
					}
				},
				"LEFT_EYE": {
					"rotation": {
						"0.0": {
							"vector": [0, 0, 0]
						},
						"0.346": {
							"vector": [0, 0, -30]
						},
						"0.905": {
							"vector": [0, 0, -30]
						},
						"1.0913": {
							"vector": [0, 0, 0]
						}
					},
					"scale": {
						"0.0": {
							"vector": [1, 1.01, 1]
						},
						"0.346": {
							"vector": [1.13, 0.32, 1]
						},
						"0.905": {
							"vector": [1.13, 0.32, 1]
						},
						"1.0913": {
							"vector": [1, 1.01, 1]
						}
					}
				},
				"PUPIL": {
					"scale": {
						"0.0": {
							"vector": [1, 1, 1]
						},
						"0.346": {
							"vector": [1, 0.5, 1]
						},
						"0.905": {
							"vector": [1, 0.5, 1]
						},
						"1.0913": {
							"vector": [1, 1, 1]
						}
					}
				},
				"RIGHT_EYE": {
					"rotation": {
						"0.0": {
							"vector": [0, 0, 0]
						},
						"0.346": {
							"vector": [0, 0, 27.5]
						},
						"0.905": {
							"vector": [0, 0, 27.5]
						},
						"1.0913": {
							"vector": [0, 0, 0]
						}
					},
					"scale": {
						"0.0": {
							"vector": [1, 1, 1]
						},
						"0.346": {
							"vector": [1.13, 0.33, 1]
						},
						"0.905": {
							"vector": [1.13, 0.33, 1]
						},
						"1.0913": {
							"vector": [1, 1, 1]
						}
					}
				},
				"PUPIL2": {
					"scale": {
						"0.0": {
							"vector": [1, 1, 1]
						},
						"0.346": {
							"vector": [1, 0.5, 1]
						},
						"0.905": {
							"vector": [1, 0.5, 1]
						},
						"1.0913": {
							"vector": [1, 1, 1]
						}
					}
				},
				"Jaw": {
					"rotation": {
						"0.0": {
							"vector": [0, 0, 0]
						},
						"0.1331": {
							"vector": [15, 0, 0]
						},
						"0.8784": {
							"vector": [15, 0, 0]
						},
						"1.0913": {
							"vector": [0, 0, 0]
						}
					}
				},
				"TONGE_BASE": {
					"rotation": {
						"0.0": {
							"vector": [0, 0, 0]
						},
						"0.2129": {
							"vector": [-7.25262, 26.68855, 68.29919]
						},
						"0.7719": {
							"vector": [-7.25262, 26.68855, 68.29919]
						},
						"1.0913": {
							"vector": [0, 0, 0]
						}
					},
					"position": {
						"0.0": {
							"vector": [0, 0, 0]
						},
						"0.2129": {
							"vector": [0, 0.4, 1.4]
						},
						"0.7719": {
							"vector": [0, 0.4, 1.4]
						},
						"1.0913": {
							"vector": [0, 0, 0]
						}
					},
					"scale": {
						"0.0": {
							"vector": [1, 1, 1]
						},
						"0.2129": {
							"vector": [1, 1, 6]
						},
						"0.7719": {
							"vector": [1, 1, 6]
						},
						"1.0913": {
							"vector": [1, 1, 1]
						}
					}
				},
				"TONGUE_LOWMID": {
					"rotation": {
						"0.0": {
							"vector": [0, 0, 0]
						},
						"0.346": {
							"vector": [-12.5, 0, 0]
						},
						"0.5856": {
							"vector": [-12.5, 0, 0]
						},
						"1.0913": {
							"vector": [0, 0, 0]
						}
					}
				},
				"TONGUE_HIGHMID": {
					"rotation": {
						"0.0": {
							"vector": [0, 0, 0]
						},
						"0.346": {
							"vector": [-15, 0, 0]
						},
						"0.7187": {
							"vector": [-15, 0, 0]
						},
						"1.0913": {
							"vector": [0, 0, 0]
						}
					}
				},
				"TONGUE_HIGH": {
					"rotation": {
						"0.0": {
							"vector": [0, 0, 0]
						},
						"0.2129": {
							"vector": [128.46, 0, 0]
						},
						"0.346": {
							"vector": [160, 0, 0]
						},
						"0.7719": {
							"vector": [160, 0, 0]
						},
						"0.9316": {
							"vector": [128.46, 0, 0]
						},
						"1.0913": {
							"vector": [0, 0, 0]
						}
					}
				},
				"TONGUE_HIGHER": {
					"rotation": {
						"0.0": {
							"vector": [0, 0, 0]
						},
						"0.346": {
							"vector": [-12.5, 0, 0]
						},
						"0.905": {
							"vector": [-12.5, 0, 0]
						},
						"1.0913": {
							"vector": [0, 0, 0]
						}
					}
				},
				"TONGUE_HIGHEST": {
					"rotation": {
						"0.0": {
							"vector": [0, 0, 0]
						},
						"0.346": {
							"vector": [-5, 0, 0]
						},
						"0.905": {
							"vector": [-5, 0, 0]
						},
						"1.0913": {
							"vector": [0, 0, 0]
						}
					}
				},
				"TONGUE_FINAL": {
					"rotation": {
						"0.0": {
							"vector": [0, 0, 0]
						},
						"0.346": {
							"vector": [-15, 0, 0]
						},
						"0.905": {
							"vector": [-15, 0, 0]
						},
						"1.0913": {
							"vector": [0, 0, 0]
						}
					}
				},
				"TONGE_BASE2": {
					"rotation": {
						"0.0": {
							"vector": [0, 0, 0]
						},
						"0.2129": {
							"vector": [28.32595, 11.10536, 104.7013]
						},
						"0.7719": {
							"vector": [28.32595, 11.10536, 104.7013]
						},
						"1.0913": {
							"vector": [0, 0, 0]
						}
					},
					"position": {
						"0.0": {
							"vector": [0, 0, 0]
						},
						"0.2129": {
							"vector": [2.1, 0.5, 0.7]
						},
						"0.7719": {
							"vector": [2.1, 0.5, 0.7]
						},
						"1.0913": {
							"vector": [0, 0, 0]
						}
					},
					"scale": {
						"0.0": {
							"vector": [1, 1, 1]
						},
						"0.2129": {
							"vector": [1, 1, 3.65]
						},
						"0.346": {
							"vector": [1, 1, 5.15]
						},
						"0.7719": {
							"vector": [1, 1, 3.65]
						},
						"0.905": {
							"vector": [1, 1, 5.15]
						},
						"1.0913": {
							"vector": [1, 1, 1]
						}
					}
				},
				"TONGUE_LOWMID2": {
					"rotation": {
						"0.0": {
							"vector": [0, 0, 0]
						},
						"0.346": {
							"vector": [-12.5, 0, 0]
						},
						"0.905": {
							"vector": [-12.5, 0, 0]
						},
						"1.0913": {
							"vector": [0, 0, 0]
						}
					}
				},
				"TONGUE_HIGHMID2": {
					"rotation": {
						"0.0": {
							"vector": [0, 0, 0]
						},
						"0.346": {
							"vector": [-7.5, 0, 0]
						},
						"0.905": {
							"vector": [-7.5, 0, 0]
						},
						"1.0913": {
							"vector": [0, 0, 0]
						}
					}
				},
				"TONGUE_HIGH2": {
					"rotation": {
						"0.0": {
							"vector": [0, 0, 0]
						},
						"0.346": {
							"vector": [157.5, 0, 0]
						},
						"0.905": {
							"vector": [157.5, 0, 0]
						},
						"1.0913": {
							"vector": [0, 0, 0]
						}
					}
				},
				"TONGUE_HIGHER2": {
					"rotation": {
						"0.0": {
							"vector": [0, 0, 0]
						},
						"0.2129": {
							"vector": [37.31, 0, 0]
						},
						"0.346": {
							"vector": [-12.5, 0, 0]
						},
						"0.7719": {
							"vector": [37.31, 0, 0]
						},
						"0.905": {
							"vector": [-12.5, 0, 0]
						},
						"1.0913": {
							"vector": [0, 0, 0]
						}
					}
				},
				"TONGUE_HIGHEST2": {
					"rotation": {
						"0.0": {
							"vector": [0, 0, 0]
						},
						"0.346": {
							"vector": [-17.5, 0, 0]
						},
						"0.905": {
							"vector": [-17.5, 0, 0]
						},
						"1.0913": {
							"vector": [0, 0, 0]
						}
					}
				},
				"TONGE_BASE3": {
					"rotation": {
						"0.0": {
							"vector": [0, 0, 0]
						},
						"0.2129": {
							"vector": [17.35666, -17.34551, -97.85952]
						},
						"0.7719": {
							"vector": [17.35666, -17.34551, -97.85952]
						},
						"1.0913": {
							"vector": [0, 0, 0]
						}
					},
					"position": {
						"0.0": {
							"vector": [0, 0, 0]
						},
						"0.2129": {
							"vector": [-2.3, 0.4, 0.8]
						},
						"0.7719": {
							"vector": [-2.3, 0.4, 0.8]
						},
						"1.0913": {
							"vector": [0, 0, 0]
						}
					},
					"scale": {
						"0.0": {
							"vector": [1, 1, 1]
						},
						"0.2129": {
							"vector": [1, 1, 3.73]
						},
						"0.346": {
							"vector": [1, 1, 4.13]
						},
						"0.7719": {
							"vector": [1, 1, 3.73]
						},
						"0.905": {
							"vector": [1, 1, 4.13]
						},
						"1.0913": {
							"vector": [1, 1, 1]
						}
					}
				},
				"TONGUE_LOWMID3": {
					"rotation": {
						"0.0": {
							"vector": [0, 0, 0]
						},
						"0.346": {
							"vector": [17.5, 0, 0]
						},
						"0.905": {
							"vector": [17.5, 0, 0]
						},
						"1.0913": {
							"vector": [0, 0, 0]
						}
					}
				},
				"TONGUE_HIGH3": {
					"rotation": {
						"0.0": {
							"vector": [0, 0, 0]
						},
						"0.2129": {
							"vector": [195, 0, 0]
						},
						"0.7719": {
							"vector": [195, 0, 0]
						},
						"1.0913": {
							"vector": [0, 0, 0]
						}
					}
				},
				"TONGUE_HIGHER3": {
					"rotation": {
						"0.0": {
							"vector": [0, 0, 0]
						},
						"0.346": {
							"vector": [2.5, 0, 0]
						},
						"0.905": {
							"vector": [2.5, 0, 0]
						},
						"1.0913": {
							"vector": [0, 0, 0]
						}
					}
				},
				"TONGUE_HIGHEST3": {
					"rotation": {
						"0.0": {
							"vector": [0, 0, 0]
						},
						"0.346": {
							"vector": [25, 0, 0]
						},
						"0.905": {
							"vector": [25, 0, 0]
						},
						"1.0913": {
							"vector": [0, 0, 0]
						}
					}
				}
			}
		},
		"bite": {
			"loop": "hold_on_last_frame",
			"animation_length": 0.5833,
			"bones": {
				"BaseHead": {
					"rotation": {
						"0.0": {
							"vector": [-37.5, 0, 0]
						},
						"0.25": {
							"vector": [20, 0, 0]
						},
						"0.5833": {
							"vector": [0, 0, 0]
						}
					}
				},
				"LEFT_EYE": {
					"rotation": {
						"0.0": {
							"vector": [0, 0, -27.5]
						},
						"0.5833": {
							"vector": [0, 0, 0]
						}
					},
					"scale": {
						"0.0": {
							"vector": [1.17, 0.48, 1]
						},
						"0.5833": {
							"vector": [1, 1, 1]
						}
					}
				},
				"PUPIL": {
					"scale": {
						"0.0": {
							"vector": [1, 0.4, 1]
						},
						"0.5833": {
							"vector": [1, 1, 1]
						}
					}
				},
				"RIGHT_EYE": {
					"rotation": {
						"0.0": {
							"vector": [0, 0, 22.5]
						},
						"0.5833": {
							"vector": [0, 0, 0]
						}
					},
					"scale": {
						"0.0": {
							"vector": [1.17, 0.48, 1]
						},
						"0.5833": {
							"vector": [1, 1, 1]
						}
					}
				},
				"PUPIL2": {
					"scale": {
						"0.0": {
							"vector": [1, 0.4, 1]
						},
						"0.5833": {
							"vector": [1, 1, 1]
						}
					}
				},
				"Jaw": {
					"rotation": {
						"0.0": {
							"vector": [15, 0, 0]
						},
						"0.5833": {
							"vector": [0, 0, 0]
						}
					}
				}
			}
		}
	},
	"geckolib_format_version": 2
}