{
  "targets": [
    "swap",
    "temp1",
    "temp2"
  ],
  "passes": [
    {
      "name": "blur",
      "intarget": "minecraft:main",
      "outtarget": "temp1"
    },
    {
      "name": "blur",
      "intarget": "temp1",
      "outtarget": "temp2"
    },
    {
      "name": "blur",
      "intarget": "temp2",
      "outtarget": "swap"
    },
    {
      "name": "color_convolve",
      "intarget": "swap",
      "outtarget": "temp1",
      "uniforms": [
        { "name": "RedMatrix",   "values": [0.0, 0.0, 0.0] },
        { "name": "GreenMatrix", "values": [0.0, 1.0, 0.0] },
        { "name": "BlueMatrix",  "values": [0.0, 0.0, 0.0] }
      ]
    },
    {
      "name": "blit",
      "intarget": "temp1",
      "outtarget": "minecraft:main"
    }
  ]
}
