{
	"format_version": "1.12.0",
	"minecraft:geometry": [
		{
			"description": {
				"identifier": "geometry.armadrillo",
				"texture_width": 128,
				"texture_height": 128,
				"visible_bounds_width": 5,
				"visible_bounds_height": 8,
				"visible_bounds_offset": [0, 3, 0]
			},
			"bones": [
				{
					"name": "armorHead",
					"pivot": [0.29537, 39.56764, -6.3095],
					"rotation": [7.5, 0, 0]
				},
				{
					"name": "armorBody",
					"pivot": [0.29537, 31.62364, -1.43104],
					"cubes": [
						{
							"origin": [6.79402, 32.75, -8.25],
							"size": [2.70598, 2.70598, 1.38508],
							"inflate": 0.1,
							"uv": {
								"north": {"uv": [0, 0], "uv_size": [72, 72]},
								"east": {"uv": [96, 0], "uv_size": [8, 16]},
								"south": {"uv": [104, 0], "uv_size": [16, 16]},
								"west": {"uv": [88, 0], "uv_size": [8, 16]},
								"up": {"uv": [72, 0], "uv_size": [16, 8]},
								"down": {"uv": [80, 16], "uv_size": [16, -8]}
							}
						}
					]
				},
				{
					"name": "armorRightArm",
					"pivot": [-14.46266, 37.70556, -1.43104],
					"rotation": [20, -5, 12.5]
				},
				{
					"name": "armorLeftArm",
					"pivot": [14.76266, 37.70556, -1.43104],
					"rotation": [20, 5, -12.5]
				},
				{
					"name": "armorLeftLeg",
					"pivot": [-5.07103, 14.59426, 1.71725],
					"rotation": [-24.12658, -6.50963, -16.26175]
				},
				{
					"name": "armorRightLeg",
					"pivot": [5.64345, 14.59426, 1.71725],
					"rotation": [-24.12658, 6.50963, 16.26175]
				}
			]
		}
	]
}