{
	"format_version": "1.12.0",
	"minecraft:geometry": [
		{
			"description": {
				"identifier": "geometry.armadrillo",
				"texture_width": 128,
				"texture_height": 128,
				"visible_bounds_width": 5,
				"visible_bounds_height": 8,
				"visible_bounds_offset": [0, 3, 0]
			},
			"bones": [
				{
					"name": "armorHead",
					"pivot": [0.21175, 28.36604, -2.52328],
					"rotation": [7.5, 0, 0],
					"cubes": [
						{
							"origin": [-1.75839, 27.91963, -5.52114],
							"size": [2.79048, 4.84169, 2.79048],
							"pivot": [0.25365, 29.40744, -3.61555],
							"rotation": [0, -45, 0],
							"uv": {
								"north": {"uv": [37.89243, 6], "uv_size": [-3.89243, 6.75365]},
								"east": {"uv": [34, 6], "uv_size": [3.89242, 6.75365]},
								"south": {"uv": [76.89243, 9], "uv_size": [-3.89243, 6.25365]},
								"west": {"uv": [73, 9], "uv_size": [6, 10]},
								"up": {"uv": [70.99243, 12.89242], "uv_size": [-3.89243, -3.89242]},
								"down": {"uv": [67, 17], "uv_size": [-6, -8]}
							}
						},
						{
							"origin": [-1.5705, 28.61421, -5.32058],
							"size": [2.08179, 3.9297, 2.36392],
							"pivot": [0.25365, 29.40744, -3.61555],
							"rotation": [0, -45, 0],
							"uv": {
								"north": {"uv": [24.1, 23.75], "uv_size": [6, 8]},
								"east": {"uv": [24.1, 23.75], "uv_size": [6, 8]},
								"south": {"uv": [24.1, 23.75], "uv_size": [6, 8]},
								"west": {"uv": [24.1, 23.75], "uv_size": [6, 8]},
								"up": {"uv": [30.1, 31.75], "uv_size": [-6, -8]},
								"down": {"uv": [30.1, 31.75], "uv_size": [-6, -8]}
							}
						},
						{
							"origin": [0.57546, 31.96081, -4.20902],
							"size": [2.05183, 2.05182, 0],
							"pivot": [1.7697, 32.24511, -3.63415],
							"rotation": [0, -57.5, 0],
							"uv": {
								"north": {"uv": [0, 0], "uv_size": [2, 2]},
								"east": {"uv": [0, 0], "uv_size": [0, 2]},
								"south": {"uv": [2, 0], "uv_size": [2, 2]},
								"west": {"uv": [2, 0], "uv_size": [0, 2]},
								"up": {"uv": [0, 0], "uv_size": [2, 0]},
								"down": {"uv": [2, 0], "uv_size": [2, 0]}
							}
						},
						{
							"origin": [-3.4702, 32.03775, -5.78025],
							"size": [2.05183, 2.05183, 0],
							"pivot": [-2.53913, 32.32206, -4.73701],
							"rotation": [-180, -60, 180],
							"uv": {
								"north": {"uv": [0, 0], "uv_size": [2, 2]},
								"east": {"uv": [0, 0], "uv_size": [0, 2]},
								"south": {"uv": [2, 0], "uv_size": [2, 2]},
								"west": {"uv": [2, 0], "uv_size": [0, 2]},
								"up": {"uv": [0, 0], "uv_size": [2, 0]},
								"down": {"uv": [2, 0], "uv_size": [2, 0]}
							}
						}
					]
				},
				{
					"name": "face",
					"parent": "armorHead",
					"pivot": [9.04217, 32.15424, -6.92207],
					"cubes": [
						{
							"origin": [2.42899, 31.06878, -5.51894],
							"size": [0.30347, 0.19873, 0.39451],
							"pivot": [1.75819, 31.31837, -5.76792],
							"rotation": [157.72091, -52.46519, -177.12683],
							"uv": {
								"east": {"uv": [23, 51], "uv_size": [2, 1]}
							}
						},
						{
							"origin": [-1.44739, 31.04735, -5.37757],
							"size": [0.30346, 0.19873, 0.3945],
							"pivot": [-0.83224, 30.85671, -4.63942],
							"rotation": [5.28615, -52.05708, 12.76429],
							"uv": {
								"east": {"uv": [25, 51], "uv_size": [-2, 1]}
							}
						}
					]
				},
				{
					"name": "armorBody",
					"pivot": [0.21175, 22.67099, -1.02591],
					"cubes": [
						{
							"origin": [-4.48855, 27.67878, -8.68724],
							"size": [8.70301, 5.20567, 6.09515],
							"pivot": [0.01475, 25.35412, -0.76491],
							"rotation": [107.5, -85, -90],
							"uv": {
								"north": {"uv": [5, 46], "uv_size": [8, 5]},
								"east": {"uv": [0, 46], "uv_size": [5, 5]},
								"south": {"uv": [18, 46], "uv_size": [8, 5]},
								"west": {"uv": [13, 46], "uv_size": [5, 5]},
								"up": {"uv": [5, 41], "uv_size": [8, 5]},
								"down": {"uv": [13, 46], "uv_size": [8, -5]}
							}
						},
						{
							"origin": [-3.94747, 27.67878, -8.68724],
							"size": [8.703, 5.20567, 6.09515],
							"pivot": [0.25223, 25.35412, -0.76491],
							"rotation": [107.5, 85, 90],
							"uv": {
								"north": {"uv": [13, 46], "uv_size": [-8, 5]},
								"east": {"uv": [18, 46], "uv_size": [-5, 5]},
								"south": {"uv": [26, 46], "uv_size": [-8, 5]},
								"west": {"uv": [5, 46], "uv_size": [-5, 5]},
								"up": {"uv": [13, 41], "uv_size": [-8, 5]},
								"down": {"uv": [21, 46], "uv_size": [-8, -5]}
							}
						},
						{
							"origin": [-4.55253, 19.52603, -9.58989],
							"size": [8.70736, 7.90572, 17.27134],
							"pivot": [-0.04705, 25.35412, -0.76491],
							"rotation": [90, -85, -90],
							"uv": {
								"north": {"uv": [16, 16], "uv_size": [8, 7]},
								"east": {"uv": [0, 16], "uv_size": [16, 7]},
								"south": {"uv": [40, 16], "uv_size": [8, 7]},
								"west": {"uv": [24, 16], "uv_size": [16, 7]},
								"up": {"uv": [16, 0], "uv_size": [8, 16]},
								"down": {"uv": [24, 16], "uv_size": [8, -16]}
							}
						},
						{
							"origin": [-3.4641, 15.84848, -6.01757],
							"size": [6.53051, 5.37958, 13.06106],
							"pivot": [-0.04705, 26.76938, 0.77396],
							"rotation": [-90, -87.5, 90],
							"uv": {
								"north": {"uv": [12, 36], "uv_size": [6, 5]},
								"east": {"uv": [0, 36], "uv_size": [12, 5]},
								"south": {"uv": [30, 36], "uv_size": [6, 5]},
								"west": {"uv": [18, 36], "uv_size": [12, 5]},
								"up": {"uv": [12, 24], "uv_size": [6, 12]},
								"down": {"uv": [18, 36], "uv_size": [6, -12]}
							}
						},
						{
							"origin": [-2.85199, 26.12237, -4.50886],
							"size": [3.26526, 3.80947, 6.53053],
							"pivot": [-0.30353, 25.35412, -0.76491],
							"rotation": [-90, -39.5, 90],
							"uv": {
								"north": {"uv": [70, 38], "uv_size": [3, 3]},
								"east": {"uv": [64, 38], "uv_size": [6, 3]},
								"south": {"uv": [79, 38], "uv_size": [3, 3]},
								"west": {"uv": [73, 38], "uv_size": [6, 3]},
								"up": {"uv": [70, 32], "uv_size": [3, 6]},
								"down": {"uv": [73, 38], "uv_size": [3, -6]}
							}
						},
						{
							"origin": [-2.84985, 26.23448, -4.50886],
							"size": [4.89789, 3.80947, 6.53053],
							"pivot": [-0.30353, 25.35412, -0.76491],
							"rotation": [90, -85, -90],
							"uv": {
								"north": {"uv": [6, 57], "uv_size": [4, 3]},
								"east": {"uv": [0, 57], "uv_size": [6, 3]},
								"south": {"uv": [16, 57], "uv_size": [4, 3]},
								"west": {"uv": [10, 57], "uv_size": [6, 3]},
								"up": {"uv": [6, 51], "uv_size": [4, 6]},
								"down": {"uv": [10, 57], "uv_size": [4, -6]}
							}
						},
						{
							"origin": [-1.13999, 26.32494, -4.50886],
							"size": [3.26526, 3.80947, 6.53053],
							"pivot": [-0.30353, 25.35412, -0.76491],
							"rotation": [90, -29.5, -90],
							"uv": {
								"north": {"uv": [44, 70], "uv_size": [3, 3]},
								"east": {"uv": [38, 70], "uv_size": [6, 3]},
								"south": {"uv": [53, 70], "uv_size": [3, 3]},
								"west": {"uv": [47, 70], "uv_size": [6, 3]},
								"up": {"uv": [44, 64], "uv_size": [3, 6]},
								"down": {"uv": [47, 70], "uv_size": [3, -6]}
							}
						},
						{
							"origin": [-0.95754, 14.46369, -2.97515],
							"size": [2.1952, 2.05182, 6.36066],
							"uv": {
								"north": {"uv": [8, 18], "uv_size": [2, 2]},
								"east": {"uv": [2, 18], "uv_size": [6, 2]},
								"south": {"uv": [16, 18], "uv_size": [2, 2]},
								"west": {"uv": [10, 18], "uv_size": [6, 2]},
								"up": {"uv": [8, 12], "uv_size": [2, 6]},
								"down": {"uv": [10, 18], "uv_size": [2, -6]}
							}
						},
						{
							"origin": [-1.77195, 11.22729, 2.99827],
							"size": [2.8025, 3.29293, 3.06523],
							"pivot": [0.14225, 12.82246, 4.58217],
							"rotation": [-90, -87.5, 90],
							"uv": {
								"north": {"uv": [32, 76], "uv_size": [2, 3]},
								"east": {"uv": [30, 76], "uv_size": [2, 3]},
								"south": {"uv": [36, 76], "uv_size": [2, 3]},
								"west": {"uv": [34, 76], "uv_size": [2, 3]},
								"up": {"uv": [32, 74], "uv_size": [2, 2]},
								"down": {"uv": [34, 76], "uv_size": [2, -2]}
							}
						}
					]
				},
				{
					"name": "TAIL_BASE",
					"parent": "armorBody",
					"pivot": [0.21394, 12.82246, 4.58217],
					"cubes": [
						{
							"origin": [-1.77195, 11.22729, 5.35787],
							"size": [3.82841, 3.19034, 2.55228],
							"pivot": [0.14225, 12.82246, 6.634],
							"rotation": [90, -87.5, -90],
							"uv": {
								"north": {"uv": [32, 76], "uv_size": [3, 3]},
								"east": {"uv": [30, 76], "uv_size": [2, 3]},
								"south": {"uv": [37, 76], "uv_size": [3, 3]},
								"west": {"uv": [35, 76], "uv_size": [2, 3]},
								"up": {"uv": [32, 74], "uv_size": [3, 2]},
								"down": {"uv": [35, 76], "uv_size": [3, -2]}
							}
						}
					]
				},
				{
					"name": "TAIL_LOWMID",
					"parent": "TAIL_BASE",
					"pivot": [0.21397, 12.85746, 6.57645],
					"cubes": [
						{
							"origin": [-1.4529, 11.43306, 8.53757],
							"size": [3.19034, 2.95138, 2.23324],
							"pivot": [0.14228, 12.85746, 9.65418],
							"rotation": [89.99994, -87.5, -89.99994],
							"uv": {
								"north": {"uv": [54, 81], "uv_size": [3, 2]},
								"east": {"uv": [52, 81], "uv_size": [2, 2]},
								"south": {"uv": [59, 81], "uv_size": [3, 2]},
								"west": {"uv": [57, 81], "uv_size": [2, 2]},
								"up": {"uv": [54, 79], "uv_size": [3, 2]},
								"down": {"uv": [57, 81], "uv_size": [3, -2]}
							}
						}
					]
				},
				{
					"name": "TAIL_HIGHMID",
					"parent": "TAIL_LOWMID",
					"pivot": [0.21395, 12.89636, 9.53466],
					"cubes": [
						{
							"origin": [-2.58078, 11.77974, 12.6812],
							"size": [5.75387, 2.33583, 1.91421],
							"pivot": [0.14226, 12.94767, 13.63831],
							"rotation": [0, -90, 0],
							"uv": {
								"north": {"uv": [41, 60], "uv_size": [5, 2]},
								"east": {"uv": [40, 60], "uv_size": [1, 2]},
								"south": {"uv": [47, 60], "uv_size": [5, 2]},
								"west": {"uv": [46, 60], "uv_size": [1, 2]},
								"up": {"uv": [41, 59], "uv_size": [5, 1]},
								"down": {"uv": [46, 60], "uv_size": [5, -1]}
							}
						}
					]
				},
				{
					"name": "TAIL_HIGH",
					"parent": "TAIL_HIGHMID",
					"pivot": [0.21395, 12.903, 14.56751],
					"cubes": [
						{
							"origin": [-1.54361, 11.94027, 16.84766],
							"size": [4.39766, 1.92546, 1.59517],
							"pivot": [0.14226, 12.903, 17.64525],
							"rotation": [0, -90, 0],
							"uv": {
								"north": {"uv": [43, 75], "uv_size": [4, 1]},
								"east": {"uv": [42, 75], "uv_size": [1, 1]},
								"south": {"uv": [48, 75], "uv_size": [4, 1]},
								"west": {"uv": [47, 75], "uv_size": [1, 1]},
								"up": {"uv": [43, 74], "uv_size": [4, 1]},
								"down": {"uv": [47, 75], "uv_size": [4, -1]}
							}
						}
					]
				},
				{
					"name": "Waist",
					"parent": "armorBody",
					"pivot": [-0.04705, 26.87197, 1.3895],
					"rotation": [-5, 0, 0],
					"cubes": [
						{
							"origin": [-3.4641, 11.7755, -2.82697],
							"size": [6.53051, 1.34282, 8.05433],
							"pivot": [-0.04705, 26.87197, 1.3895],
							"rotation": [0, -90, 0],
							"uv": {
								"north": {"uv": [34, 57], "uv_size": [6, 1]},
								"east": {"uv": [27, 57], "uv_size": [7, 1]},
								"south": {"uv": [47, 57], "uv_size": [6, 1]},
								"west": {"uv": [40, 57], "uv_size": [7, 1]},
								"up": {"uv": [34, 50], "uv_size": [6, 7]},
								"down": {"uv": [40, 57], "uv_size": [6, -7]}
							}
						},
						{
							"origin": [-3.4641, 13.09949, -2.82697],
							"size": [6.53051, 1.50234, 2.63074],
							"pivot": [-0.04705, 26.87197, 1.3895],
							"rotation": [0, -90, 0],
							"uv": {
								"north": {"uv": [73, 58], "uv_size": [6, 1]},
								"east": {"uv": [71, 58], "uv_size": [2, 1]},
								"south": {"uv": [81, 58], "uv_size": [6, 1]},
								"west": {"uv": [79, 58], "uv_size": [2, 1]},
								"up": {"uv": [73, 56], "uv_size": [6, 2]},
								"down": {"uv": [79, 58], "uv_size": [6, -2]}
							}
						},
						{
							"origin": [-3.24642, 12.56069, -2.34767],
							"size": [6.09515, 3.90333, 7.22653],
							"pivot": [-0.04705, 26.35902, 1.3895],
							"rotation": [0, -90, 0],
							"uv": {
								"north": {"uv": [56, 17], "uv_size": [5, 3]},
								"east": {"uv": [49, 17], "uv_size": [7, 3]},
								"south": {"uv": [68, 17], "uv_size": [5, 3]},
								"west": {"uv": [61, 17], "uv_size": [7, 3]}
							}
						},
						{
							"origin": [-3.4641, 13.09949, 2.59661],
							"size": [6.53051, 1.50234, 2.63075],
							"pivot": [-0.04705, 26.87197, 1.3895],
							"rotation": [0, -90, 0],
							"uv": {
								"north": {"uv": [73, 62], "uv_size": [6, 1]},
								"east": {"uv": [71, 62], "uv_size": [2, 1]},
								"south": {"uv": [81, 62], "uv_size": [6, 1]},
								"west": {"uv": [79, 62], "uv_size": [2, 1]},
								"up": {"uv": [73, 60], "uv_size": [6, 2]},
								"down": {"uv": [79, 62], "uv_size": [6, -2]}
							}
						}
					]
				},
				{
					"name": "armorRightArm",
					"pivot": [-7.96078, 25.66687, -1.34691]
				},
				{
					"name": "rightarmrot",
					"parent": "armorRightArm",
					"pivot": [-17.26513, 4.44435, -2.62827],
					"rotation": [20, -5, 12.5],
					"cubes": [
						{
							"origin": [-19.69633, 21.95145, 2.56213],
							"size": [7.83609, 6.26886, 7.05247],
							"pivot": [-15.98274, 24.44964, 6.51815],
							"rotation": [0, 90, 0],
							"uv": {
								"north": {"uv": [50, 30], "uv_size": [-7, 6]},
								"east": {"uv": [56, 30], "uv_size": [-6, 6]},
								"south": {"uv": [43, 43], "uv_size": [7, 6]},
								"west": {"uv": [37, 30], "uv_size": [6, 6]},
								"up": {"uv": [50, 43], "uv_size": [-7, -6]},
								"down": {"uv": [57, 30], "uv_size": [-7, -6]}
							}
						},
						{
							"origin": [-18.69788, -0.27922, 3.70633],
							"size": [7.83608, 18.02299, 7.83608],
							"pivot": [-15.65354, 10.12465, 6.62013],
							"rotation": [-122.47926, 19.00248, 179.34734],
							"uv": {
								"north": {"uv": [34, 83], "uv_size": [-8, 18]},
								"east": {"uv": [18, 82], "uv_size": [8, 18]},
								"south": {"uv": [117, 71], "uv_size": [-8, 18]},
								"west": {"uv": [17, 81], "uv_size": [-8, 18]},
								"up": {"uv": [47, 84], "uv_size": [-8, 8]},
								"down": {"uv": [56, 92], "uv_size": [-8, -8]}
							}
						},
						{
							"origin": [-18.09718, 1.15523, 1.98599],
							"size": [7.05247, 16.22069, 7.05248],
							"pivot": [-15.65354, 10.12465, 6.62013],
							"rotation": [-66.08724, 30.19483, -76.4798],
							"uv": {
								"north": {"uv": [62, 50], "uv_size": [-8, 18]},
								"east": {"uv": [54, 50], "uv_size": [8, 18]},
								"south": {"uv": [62, 50], "uv_size": [-8, 18]},
								"west": {"uv": [62, 50], "uv_size": [-8, 18]},
								"up": {"uv": [54, 68], "uv_size": [8, -18]},
								"down": {"uv": [54, 68], "uv_size": [8, -18]}
							}
						},
						{
							"origin": [-7.77003, 12.82491, -10.62865],
							"size": [4.70165, 10.39481, 4.70165],
							"pivot": [-3.92827, 25.98851, 3.52721],
							"rotation": [-180, 85, -180],
							"uv": {
								"north": {"uv": [20, 105], "uv_size": [-4, 10]},
								"east": {"uv": [24, 105], "uv_size": [-4, 10]},
								"south": {"uv": [28, 105], "uv_size": [-4, 10]},
								"west": {"uv": [16, 105], "uv_size": [-4, 10]},
								"up": {"uv": [20, 101], "uv_size": [-4, 4]},
								"down": {"uv": [24, 105], "uv_size": [-4, -4]}
							}
						},
						{
							"origin": [-16.41486, 25.40563, 5.01634],
							"size": [2.05182, 2.05183, 2.05182],
							"uv": {
								"north": {"uv": [4, 2], "uv_size": [-2, 2]},
								"east": {"uv": [6, 2], "uv_size": [-2, 2]},
								"south": {"uv": [8, 2], "uv_size": [-2, 2]},
								"west": {"uv": [2, 2], "uv_size": [-2, 2]},
								"up": {"uv": [4, 0], "uv_size": [-2, 2]},
								"down": {"uv": [6, 2], "uv_size": [-2, -2]}
							}
						}
					]
				},
				{
					"name": "hand",
					"parent": "rightarmrot",
					"pivot": [-17.26513, 4.44435, -2.62827],
					"cubes": [
						{
							"origin": [-17.91426, -1.71684, 4.15057],
							"size": [6.26886, 1.43763, 6.81678],
							"pivot": [-15.65354, 10.12465, 6.62013],
							"rotation": [-122.47926, 19.00248, 179.34734],
							"uv": {
								"north": {"uv": [36, 48], "uv_size": [-6, 1]},
								"east": {"uv": [83, 6], "uv_size": [-7, 1]},
								"south": {"uv": [63, 21], "uv_size": [-6, 1]},
								"west": {"uv": [56, 21], "uv_size": [-7, 1]},
								"up": {"uv": [93, 0], "uv_size": [-6, 7]},
								"down": {"uv": [93, 15], "uv_size": [-6, -7]}
							}
						}
					]
				},
				{
					"name": "rightpiston",
					"parent": "rightarmrot",
					"pivot": [-14.5106, 16.65734, 13.81184],
					"cubes": [
						{
							"origin": [-17.65387, 21.15441, 5.09152],
							"size": [5.74807, 2.85945, 4.96447],
							"pivot": [-15.65354, 10.12465, 6.62013],
							"rotation": [-122.47926, 19.00248, 179.34734],
							"uv": {
								"north": {"uv": [73, 46], "uv_size": [-5, 2]},
								"east": {"uv": [77, 46], "uv_size": [-4, 2]},
								"south": {"uv": [82, 46], "uv_size": [-5, 2]},
								"west": {"uv": [68, 46], "uv_size": [-4, 2]},
								"up": {"uv": [73, 42], "uv_size": [-5, 4]},
								"down": {"uv": [78, 46], "uv_size": [-5, -4]}
							}
						},
						{
							"origin": [-16.60745, 11.47491, 5.61473],
							"size": [3.65522, 11.75412, 3.91803],
							"pivot": [-15.65354, 10.12465, 6.62013],
							"rotation": [-122.47926, 19.00248, 179.34734],
							"uv": {
								"north": {"uv": [69, 69], "uv_size": [-3, 9]},
								"east": {"uv": [69, 69], "uv_size": [-3, 9]},
								"south": {"uv": [69, 69], "uv_size": [-3, 9]},
								"west": {"uv": [69, 69], "uv_size": [-3, 9]},
								"up": {"uv": [66, 78], "uv_size": [3, -9]},
								"down": {"uv": [66, 78], "uv_size": [3, -9]}
							}
						}
					]
				},
				{
					"name": "drill",
					"parent": "rightarmrot",
					"pivot": [-16.46251, 3.32952, -3.77528],
					"rotation": [2.5, 0, 0],
					"cubes": [
						{
							"origin": [-15.6501, -1.17469, 5.39568],
							"size": [0, 8.46378, 6.41196],
							"pivot": [-15.65354, 9.66473, 6.90664],
							"rotation": [-127.91084, -0.08565, 146.50583],
							"uv": {
								"west": {"uv": [46, 92], "uv_size": [-7, 9]}
							}
						},
						{
							"origin": [-13.3296, -1.21556, 3.3753],
							"size": [0, 8.46378, 6.41196],
							"pivot": [-15.65354, 9.66473, 6.90664],
							"rotation": [-89.75611, 38.82014, -126.74739],
							"uv": {
								"west": {"uv": [39, 92], "uv_size": [7, 9]}
							}
						}
					]
				},
				{
					"name": "armorLeftArm",
					"pivot": [7.9608, 25.42609, -1.82842]
				},
				{
					"name": "leftarmrot",
					"parent": "armorLeftArm",
					"pivot": [17.7477, 4.4711, -2.57477],
					"rotation": [20, 5, -12.5],
					"cubes": [
						{
							"origin": [12.34281, 21.9782, 2.61563],
							"size": [7.83609, 6.26886, 7.05247],
							"pivot": [16.46531, 24.47639, 6.57165],
							"rotation": [0, -90, 0],
							"uv": {
								"north": {"uv": [43, 30], "uv_size": [7, 6]},
								"east": {"uv": [43, 30], "uv_size": [-6, 6]},
								"south": {"uv": [50, 43], "uv_size": [-7, 6]},
								"west": {"uv": [50, 30], "uv_size": [6, 6]},
								"up": {"uv": [43, 43], "uv_size": [7, -6]},
								"down": {"uv": [50, 30], "uv_size": [7, -6]}
							}
						},
						{
							"origin": [12.16966, 0.45266, 2.33156],
							"size": [7.83608, 18.02299, 7.83609],
							"pivot": [16.54636, 11.68175, 6.53958],
							"rotation": [-122.47926, -19.00248, -179.34734],
							"uv": {
								"north": {"uv": [26, 83], "uv_size": [8, 18]},
								"east": {"uv": [9, 81], "uv_size": [8, 18]},
								"south": {"uv": [109, 71], "uv_size": [8, 18]},
								"west": {"uv": [26, 82], "uv_size": [-8, 18]},
								"up": {"uv": [39, 84], "uv_size": [8, 8]},
								"down": {"uv": [48, 92], "uv_size": [8, -8]}
							}
						},
						{
							"origin": [13.20812, 1.87152, 2.36034],
							"size": [7.05247, 16.22068, 7.05248],
							"pivot": [16.54636, 11.68175, 6.53958],
							"rotation": [-66.08724, -30.19483, 76.4798],
							"uv": {
								"north": {"uv": [54, 50], "uv_size": [8, 18]},
								"east": {"uv": [54, 50], "uv_size": [8, 18]},
								"south": {"uv": [54, 50], "uv_size": [8, 18]},
								"west": {"uv": [62, 50], "uv_size": [-8, 18]},
								"up": {"uv": [62, 68], "uv_size": [-8, -18]},
								"down": {"uv": [62, 68], "uv_size": [-8, -18]}
							}
						},
						{
							"origin": [13.79653, 12.85166, 4.73096],
							"size": [4.70165, 10.39481, 4.70165],
							"pivot": [16.54636, 11.68175, 6.53958],
							"rotation": [-180, -85, 180],
							"uv": {
								"north": {"uv": [16, 105], "uv_size": [4, 10]},
								"east": {"uv": [12, 105], "uv_size": [4, 10]},
								"south": {"uv": [24, 105], "uv_size": [4, 10]},
								"west": {"uv": [20, 105], "uv_size": [4, 10]},
								"up": {"uv": [16, 101], "uv_size": [4, 4]},
								"down": {"uv": [20, 105], "uv_size": [4, -4]}
							}
						},
						{
							"origin": [14.84561, 25.43238, 5.06984],
							"size": [2.05182, 2.05183, 2.05182],
							"uv": {
								"north": {"uv": [2, 2], "uv_size": [2, 2]},
								"east": {"uv": [0, 2], "uv_size": [2, 2]},
								"south": {"uv": [6, 2], "uv_size": [2, 2]},
								"west": {"uv": [4, 2], "uv_size": [2, 2]},
								"up": {"uv": [2, 0], "uv_size": [2, 2]},
								"down": {"uv": [4, 2], "uv_size": [2, -2]}
							}
						}
					]
				},
				{
					"name": "hand2",
					"parent": "leftarmrot",
					"pivot": [17.7477, 4.4711, -2.57477],
					"cubes": [
						{
							"origin": [12.95326, -0.98496, 2.77581],
							"size": [6.26887, 1.43764, 6.81678],
							"pivot": [16.54636, 11.68175, 6.53958],
							"rotation": [-122.47926, -19.00248, -179.34734],
							"uv": {
								"north": {"uv": [30, 48], "uv_size": [6, 1]},
								"east": {"uv": [49, 21], "uv_size": [7, 1]},
								"south": {"uv": [57, 21], "uv_size": [6, 1]},
								"west": {"uv": [76, 6], "uv_size": [7, 1]},
								"up": {"uv": [87, 0], "uv_size": [6, 7]},
								"down": {"uv": [87, 15], "uv_size": [6, -7]}
							}
						}
					]
				},
				{
					"name": "leftpiston",
					"parent": "leftarmrot",
					"pivot": [14.99317, 16.68409, 13.86534],
					"cubes": [
						{
							"origin": [13.21366, 21.8863, 3.71675],
							"size": [5.74808, 2.85945, 4.96448],
							"pivot": [16.54636, 11.68175, 6.53958],
							"rotation": [-122.47926, -19.00248, -179.34734],
							"uv": {
								"north": {"uv": [68, 46], "uv_size": [5, 2]},
								"east": {"uv": [64, 46], "uv_size": [4, 2]},
								"south": {"uv": [77, 46], "uv_size": [5, 2]},
								"west": {"uv": [73, 46], "uv_size": [4, 2]},
								"up": {"uv": [68, 42], "uv_size": [5, 4]},
								"down": {"uv": [73, 46], "uv_size": [5, -4]}
							}
						},
						{
							"origin": [14.2601, 12.20679, 4.23997],
							"size": [3.65521, 11.75412, 3.91803],
							"pivot": [16.54636, 11.68175, 6.53958],
							"rotation": [-122.47926, -19.00248, -179.34734],
							"uv": {
								"north": {"uv": [66, 69], "uv_size": [3, 9]},
								"east": {"uv": [66, 69], "uv_size": [3, 9]},
								"south": {"uv": [66, 69], "uv_size": [3, 9]},
								"west": {"uv": [66, 69], "uv_size": [3, 9]},
								"up": {"uv": [69, 78], "uv_size": [-3, -9]},
								"down": {"uv": [69, 78], "uv_size": [-3, -9]}
							}
						}
					]
				},
				{
					"name": "drill2",
					"parent": "leftarmrot",
					"pivot": [16.94508, 3.35627, -3.72178],
					"rotation": [2.5, 0, 0],
					"cubes": [
						{
							"origin": [16.038, -0.48631, 4.1528],
							"size": [0, 8.46378, 6.41195],
							"pivot": [16.54636, 11.22623, 6.89297],
							"rotation": [-127.91084, 0.08565, -146.50583],
							"uv": {
								"east": {"uv": [39, 92], "uv_size": [7, 9]}
							}
						},
						{
							"origin": [15.4139, -0.52399, 2.76844],
							"size": [0, 8.46378, 6.41196],
							"pivot": [16.54636, 11.22623, 6.89297],
							"rotation": [-89.75611, -38.82014, 126.74739],
							"uv": {
								"east": {"uv": [46, 92], "uv_size": [-7, 9]}
							}
						}
					]
				},
				{
					"name": "armorLeftLeg",
					"pivot": [-3.10042, 11.80012, -0.6414]
				},
				{
					"name": "leftlegrot",
					"parent": "armorLeftLeg",
					"pivot": [-3.63542, 10.46262, 1.2311],
					"rotation": [-24.1266, -6.5096, -16.2617],
					"cubes": [
						{
							"origin": [-1.35043, -2.95561, -17.8438],
							"size": [4.35369, 4.89741, 3.80947],
							"pivot": [1.08146, 20.10095, -12.25513],
							"rotation": [104.57189, -51.40274, -99.28848],
							"uv": {
								"north": {"uv": [3, 75], "uv_size": [4, 4]},
								"east": {"uv": [0, 75], "uv_size": [3, 4]},
								"south": {"uv": [10, 75], "uv_size": [4, 4]},
								"west": {"uv": [7, 75], "uv_size": [3, 4]},
								"up": {"uv": [3, 72], "uv_size": [4, 3]},
								"down": {"uv": [7, 75], "uv_size": [4, -3]}
							}
						},
						{
							"origin": [-0.9384, -2.8583, -21.53708],
							"size": [1.7889, 2.84558, 2.88615],
							"pivot": [1.59441, 17.1258, -16.35878],
							"rotation": [101.30003, -36.77336, -94.62552],
							"uv": {
								"north": {"uv": [87, 90], "uv_size": [1, 2]},
								"east": {"uv": [85, 90], "uv_size": [2, 2]},
								"south": {"uv": [90, 90], "uv_size": [1, 2]},
								"west": {"uv": [88, 90], "uv_size": [2, 2]},
								"up": {"uv": [87, 88], "uv_size": [1, 2]},
								"down": {"uv": [88, 90], "uv_size": [1, -2]}
							}
						},
						{
							"origin": [2.04977, 4.14836, 1.8618],
							"size": [3.26526, 6.86621, 2.72105],
							"pivot": [4.36437, 24.2046, 0.97914],
							"rotation": [-176.49345, -78.68747, 176.66548],
							"uv": {
								"north": {"uv": [97, 72], "uv_size": [3, 6]},
								"east": {"uv": [95, 72], "uv_size": [2, 6]},
								"south": {"uv": [102, 72], "uv_size": [3, 6]},
								"west": {"uv": [100, 72], "uv_size": [2, 6]},
								"up": {"uv": [97, 70], "uv_size": [3, 2]},
								"down": {"uv": [100, 72], "uv_size": [3, -2]}
							}
						}
					]
				},
				{
					"name": "HalfLeg",
					"parent": "leftlegrot",
					"pivot": [3.74883, 22.9735, -9.69035],
					"rotation": [26.85208, -15.92907, 7.08798],
					"cubes": [
						{
							"origin": [5.72832, -5.07317, -13.1345],
							"size": [3.59069, 2.05182, 2.05183],
							"uv": {
								"north": {"uv": [2, 105], "uv_size": [3, 2]},
								"east": {"uv": [0, 105], "uv_size": [2, 2]},
								"south": {"uv": [7, 105], "uv_size": [3, 2]},
								"west": {"uv": [5, 105], "uv_size": [2, 2]},
								"up": {"uv": [2, 103], "uv_size": [3, 2]},
								"down": {"uv": [5, 105], "uv_size": [3, -2]}
							}
						},
						{
							"origin": [1.00916, -5.04991, -15.68027],
							"size": [5.23216, 4.74998, 4.57814],
							"pivot": [3.74883, 22.9735, -9.69035],
							"rotation": [0, -90, 0],
							"uv": {
								"north": {"uv": [4, 65], "uv_size": [5, 4]},
								"east": {"uv": [0, 65], "uv_size": [4, 4]},
								"south": {"uv": [13, 65], "uv_size": [5, 4]},
								"west": {"uv": [9, 65], "uv_size": [4, 4]},
								"up": {"uv": [4, 61], "uv_size": [5, 4]},
								"down": {"uv": [9, 65], "uv_size": [5, -4]}
							}
						}
					]
				},
				{
					"name": "armorRightLeg",
					"pivot": [2.70829, 11.80012, -0.3739]
				},
				{
					"name": "rightlegrot",
					"parent": "armorRightLeg",
					"pivot": [-2.25972, 13.15498, -2.37333],
					"rotation": [-24.1266, 6.5096, 16.2617],
					"cubes": [
						{
							"origin": [-2.42219, 0.54385, -17.44917],
							"size": [4.35368, 4.89741, 3.80947],
							"pivot": [-0.53894, 23.61831, -11.72358],
							"rotation": [104.57189, 51.40274, 99.28848],
							"uv": {
								"north": {"uv": [7, 75], "uv_size": [-4, 4]},
								"east": {"uv": [10, 75], "uv_size": [-3, 4]},
								"south": {"uv": [14, 75], "uv_size": [-4, 4]},
								"west": {"uv": [3, 75], "uv_size": [-3, 4]},
								"up": {"uv": [7, 72], "uv_size": [-4, 3]},
								"down": {"uv": [11, 75], "uv_size": [-4, -3]}
							}
						},
						{
							"origin": [-4.74836, 7.62298, 2.25866],
							"size": [3.26527, 6.86621, 2.72105],
							"pivot": [-3.82186, 27.72196, 1.5107],
							"rotation": [-176.49345, 78.68747, -176.66548],
							"uv": {
								"north": {"uv": [100, 72], "uv_size": [-3, 6]},
								"east": {"uv": [102, 72], "uv_size": [-2, 6]},
								"south": {"uv": [105, 72], "uv_size": [-3, 6]},
								"west": {"uv": [97, 72], "uv_size": [-2, 6]},
								"up": {"uv": [100, 70], "uv_size": [-3, 2]},
								"down": {"uv": [103, 72], "uv_size": [-3, -2]}
							}
						},
						{
							"origin": [-0.26611, 0.65173, -21.14245],
							"size": [1.78891, 2.84559, 2.88614],
							"pivot": [-1.0519, 20.64316, -15.82723],
							"rotation": [101.30003, 36.77336, 94.62552],
							"uv": {
								"north": {"uv": [88, 90], "uv_size": [-1, 2]},
								"east": {"uv": [90, 90], "uv_size": [-2, 2]},
								"south": {"uv": [91, 90], "uv_size": [-1, 2]},
								"west": {"uv": [87, 90], "uv_size": [-2, 2]},
								"up": {"uv": [88, 88], "uv_size": [-1, 2]},
								"down": {"uv": [89, 90], "uv_size": [-1, -2]}
							}
						}
					]
				},
				{
					"name": "HalfLeg2",
					"parent": "rightlegrot",
					"pivot": [-3.20631, 26.49087, -9.15879],
					"rotation": [26.85208, 15.92907, -7.08798],
					"cubes": [
						{
							"origin": [-8.91269, -1.5623, -12.64727],
							"size": [3.59069, 2.05182, 2.05182],
							"uv": {
								"north": {"uv": [5, 105], "uv_size": [-3, 2]},
								"east": {"uv": [7, 105], "uv_size": [-2, 2]},
								"south": {"uv": [10, 105], "uv_size": [-3, 2]},
								"west": {"uv": [2, 105], "uv_size": [-2, 2]},
								"up": {"uv": [5, 103], "uv_size": [-3, 2]},
								"down": {"uv": [8, 105], "uv_size": [-3, -2]}
							}
						},
						{
							"origin": [-5.65448, -1.53904, -15.28491],
							"size": [5.23217, 4.74998, 4.57814],
							"pivot": [-3.20631, 26.49087, -9.15879],
							"rotation": [0, 90, 0],
							"uv": {
								"north": {"uv": [9, 65], "uv_size": [-5, 4]},
								"east": {"uv": [13, 65], "uv_size": [-4, 4]},
								"south": {"uv": [18, 65], "uv_size": [-5, 4]},
								"west": {"uv": [4, 65], "uv_size": [-4, 4]},
								"up": {"uv": [9, 61], "uv_size": [-5, 4]},
								"down": {"uv": [14, 65], "uv_size": [-5, -4]}
							}
						}
					]
				}
			]
		}
	]
}