{
	"format_version": "1.12.0",
	"minecraft:geometry": [
		{
			"description": {
				"identifier": "geometry.armadrillo",
				"texture_width": 128,
				"texture_height": 128,
				"visible_bounds_width": 5,
				"visible_bounds_height": 8,
				"visible_bounds_offset": [0, 3, 0]
			},
			"bones": [
				{
					"name": "armorHead",
					"pivot": [0.29537, 39.56764, -6.3095],
					"rotation": [7.5, 0, 0],
					"cubes": [
						{
							"origin": [-2.45277, 38.5808, -7.72527],
							"size": [3.89243, 6.75365, 3.89242],
							"pivot": [0.35382, 40.65614, -5.06718],
							"rotation": [0, -45, 0],
							"uv": {
								"north": {"uv": [37.89243, 6], "uv_size": [-3.89243, 6.75365]},
								"east": {"uv": [34, 6], "uv_size": [3.89242, 6.75365]},
								"south": {"uv": [76.89243, 9], "uv_size": [-3.89243, 6.25365]},
								"west": {"uv": [73, 9], "uv_size": [6, 10]},
								"up": {"uv": [70.99243, 12.89242], "uv_size": [-3.89243, -3.89242]},
								"down": {"uv": [67, 17], "uv_size": [-6, -8]}
							}
						},
						{
							"origin": [-2.19068, 39.54967, -7.44552],
							"size": [2.90387, 5.48152, 3.29742],
							"pivot": [0.35382, 40.65614, -5.06718],
							"rotation": [0, -45, 0],
							"uv": {
								"north": {"uv": [24.1, 23.75], "uv_size": [6, 8]},
								"east": {"uv": [24.1, 23.75], "uv_size": [6, 8]},
								"south": {"uv": [24.1, 23.75], "uv_size": [6, 8]},
								"west": {"uv": [24.1, 23.75], "uv_size": [6, 8]},
								"up": {"uv": [30.1, 31.75], "uv_size": [-6, -8]},
								"down": {"uv": [30.1, 31.75], "uv_size": [-6, -8]}
							}
						},
						{
							"origin": [0.80271, 44.21782, -5.89501],
							"size": [2.86208, 2.86208, 0],
							"pivot": [2.46854, 44.6144, -5.09312],
							"rotation": [0, -57.5, 0],
							"uv": {
								"north": {"uv": [0, 0], "uv_size": [2, 2]},
								"east": {"uv": [0, 0], "uv_size": [0, 2]},
								"south": {"uv": [2, 0], "uv_size": [2, 2]},
								"west": {"uv": [2, 0], "uv_size": [0, 2]},
								"up": {"uv": [0, 0], "uv_size": [2, 0]},
								"down": {"uv": [2, 0], "uv_size": [2, 0]}
							}
						},
						{
							"origin": [-4.84056, 44.32515, -8.0867],
							"size": [2.86208, 2.86208, 0],
							"pivot": [-3.54182, 44.72173, -6.63149],
							"rotation": [-180, -60, 180],
							"uv": {
								"north": {"uv": [0, 0], "uv_size": [2, 2]},
								"east": {"uv": [0, 0], "uv_size": [0, 2]},
								"south": {"uv": [2, 0], "uv_size": [2, 2]},
								"west": {"uv": [2, 0], "uv_size": [0, 2]},
								"up": {"uv": [0, 0], "uv_size": [2, 0]},
								"down": {"uv": [2, 0], "uv_size": [2, 0]}
							}
						}
					]
				},
				{
					"name": "face",
					"parent": "armorHead",
					"pivot": [12.61287, 44.48764, -9.67943],
					"cubes": [
						{
							"origin": [3.38819, 42.97354, -7.7222],
							"size": [0.4233, 0.27721, 0.55029],
							"pivot": [2.45249, 43.32169, -8.06951],
							"rotation": [157.72091, -52.46519, -177.12683],
							"uv": {
								"east": {"uv": [23, 51], "uv_size": [2, 1]}
							}
						},
						{
							"origin": [-2.01896, 42.94364, -7.52501],
							"size": [0.4233, 0.27721, 0.55029],
							"pivot": [-1.16089, 42.67772, -6.49537],
							"rotation": [5.28615, -52.05708, 12.76429],
							"uv": {
								"east": {"uv": [25, 51], "uv_size": [-2, 1]}
							}
						}
					]
				},
				{
					"name": "armorBody",
					"pivot": [0.29537, 31.62364, -1.43104],
					"cubes": [
						{
							"origin": [-6.26106, 38.60899, -12.11779],
							"size": [12.13979, 7.26136, 8.5021],
							"pivot": [0.02058, 35.36633, -1.06697],
							"rotation": [107.5, -85, -90],
							"uv": {
								"north": {"uv": [5, 46], "uv_size": [8, 5]},
								"east": {"uv": [0, 46], "uv_size": [5, 5]},
								"south": {"uv": [18, 46], "uv_size": [8, 5]},
								"west": {"uv": [13, 46], "uv_size": [5, 5]},
								"up": {"uv": [5, 41], "uv_size": [8, 5]},
								"down": {"uv": [13, 46], "uv_size": [8, -5]}
							}
						},
						{
							"origin": [-5.50631, 38.60899, -12.11779],
							"size": [12.13978, 7.26136, 8.5021],
							"pivot": [0.35184, 35.36633, -1.06697],
							"rotation": [107.5, 85, 90],
							"uv": {
								"north": {"uv": [13, 46], "uv_size": [-8, 5]},
								"east": {"uv": [18, 46], "uv_size": [-5, 5]},
								"south": {"uv": [26, 46], "uv_size": [-8, 5]},
								"west": {"uv": [5, 46], "uv_size": [-5, 5]},
								"up": {"uv": [13, 41], "uv_size": [-8, 5]},
								"down": {"uv": [21, 46], "uv_size": [-8, -5]}
							}
						},
						{
							"origin": [-6.3503, 27.23676, -13.37689],
							"size": [12.14585, 11.02764, 24.0917],
							"pivot": [-0.06563, 35.36633, -1.06697],
							"rotation": [90, -85, -90],
							"uv": {
								"north": {"uv": [16, 16], "uv_size": [8, 7]},
								"east": {"uv": [0, 16], "uv_size": [16, 7]},
								"south": {"uv": [40, 16], "uv_size": [8, 7]},
								"west": {"uv": [24, 16], "uv_size": [16, 7]},
								"up": {"uv": [16, 0], "uv_size": [8, 16]},
								"down": {"uv": [24, 16], "uv_size": [8, -16]}
							}
						},
						{
							"origin": [-4.83206, 22.10696, -8.39387],
							"size": [9.10938, 7.50395, 18.21879],
							"pivot": [-0.06563, 37.34047, 1.07959],
							"rotation": [-90, -87.5, 90],
							"uv": {
								"north": {"uv": [12, 36], "uv_size": [6, 5]},
								"east": {"uv": [0, 36], "uv_size": [12, 5]},
								"south": {"uv": [30, 36], "uv_size": [6, 5]},
								"west": {"uv": [18, 36], "uv_size": [12, 5]},
								"up": {"uv": [12, 24], "uv_size": [6, 12]},
								"down": {"uv": [18, 36], "uv_size": [6, -12]}
							}
						},
						{
							"origin": [-3.97822, 36.43796, -6.28938],
							"size": [4.55469, 5.31381, 9.10939],
							"pivot": [-0.42339, 35.36633, -1.06697],
							"rotation": [-90, -39.5, 90],
							"uv": {
								"north": {"uv": [70, 38], "uv_size": [3, 3]},
								"east": {"uv": [64, 38], "uv_size": [6, 3]},
								"south": {"uv": [79, 38], "uv_size": [3, 3]},
								"west": {"uv": [73, 38], "uv_size": [6, 3]},
								"up": {"uv": [70, 32], "uv_size": [3, 6]},
								"down": {"uv": [73, 38], "uv_size": [3, -6]}
							}
						},
						{
							"origin": [-3.97524, 36.59434, -6.28938],
							"size": [6.83204, 5.31381, 9.10939],
							"pivot": [-0.42339, 35.36633, -1.06697],
							"rotation": [90, -85, -90],
							"uv": {
								"north": {"uv": [6, 57], "uv_size": [4, 3]},
								"east": {"uv": [0, 57], "uv_size": [6, 3]},
								"south": {"uv": [16, 57], "uv_size": [4, 3]},
								"west": {"uv": [10, 57], "uv_size": [6, 3]},
								"up": {"uv": [6, 51], "uv_size": [4, 6]},
								"down": {"uv": [10, 57], "uv_size": [4, -6]}
							}
						},
						{
							"origin": [-1.59016, 36.72052, -6.28938],
							"size": [4.55469, 5.31381, 9.10939],
							"pivot": [-0.42339, 35.36633, -1.06697],
							"rotation": [90, -29.5, -90],
							"uv": {
								"north": {"uv": [44, 70], "uv_size": [3, 3]},
								"east": {"uv": [38, 70], "uv_size": [6, 3]},
								"south": {"uv": [53, 70], "uv_size": [3, 3]},
								"west": {"uv": [47, 70], "uv_size": [6, 3]},
								"up": {"uv": [44, 64], "uv_size": [3, 6]},
								"down": {"uv": [47, 70], "uv_size": [3, -6]}
							}
						},
						{
							"origin": [-1.33567, 20.17532, -4.15002],
							"size": [3.06208, 2.86208, 8.87245],
							"uv": {
								"north": {"uv": [8, 18], "uv_size": [2, 2]},
								"east": {"uv": [2, 18], "uv_size": [6, 2]},
								"south": {"uv": [16, 18], "uv_size": [2, 2]},
								"west": {"uv": [10, 18], "uv_size": [6, 2]},
								"up": {"uv": [8, 12], "uv_size": [2, 6]},
								"down": {"uv": [10, 18], "uv_size": [2, -6]}
							}
						},
						{
							"origin": [-2.47168, 15.66089, 4.18227],
							"size": [3.90919, 4.59329, 4.27568],
							"pivot": [0.19843, 17.88598, 6.39165],
							"rotation": [-90, -87.5, 90],
							"uv": {
								"north": {"uv": [32, 76], "uv_size": [2, 3]},
								"east": {"uv": [30, 76], "uv_size": [2, 3]},
								"south": {"uv": [36, 76], "uv_size": [2, 3]},
								"west": {"uv": [34, 76], "uv_size": [2, 3]},
								"up": {"uv": [32, 74], "uv_size": [2, 2]},
								"down": {"uv": [34, 76], "uv_size": [2, -2]}
							}
						}
					]
				},
				{
					"name": "TAIL_BASE",
					"parent": "armorBody",
					"pivot": [0.29843, 17.88598, 6.39165],
					"cubes": [
						{
							"origin": [-2.47168, 15.66089, 7.47366],
							"size": [5.34023, 4.45019, 3.56016],
							"pivot": [0.19843, 17.88598, 9.25373],
							"rotation": [90, -87.5, -90],
							"uv": {
								"north": {"uv": [32, 76], "uv_size": [3, 3]},
								"east": {"uv": [30, 76], "uv_size": [2, 3]},
								"south": {"uv": [37, 76], "uv_size": [3, 3]},
								"west": {"uv": [35, 76], "uv_size": [2, 3]},
								"up": {"uv": [32, 74], "uv_size": [3, 2]},
								"down": {"uv": [35, 76], "uv_size": [3, -2]}
							}
						}
					]
				},
				{
					"name": "TAIL_LOWMID",
					"parent": "TAIL_BASE",
					"pivot": [0.29846, 17.9348, 9.17345],
					"cubes": [
						{
							"origin": [-2.02664, 15.94792, 11.90901],
							"size": [4.45019, 4.11686, 3.11514],
							"pivot": [0.19846, 17.9348, 13.46657],
							"rotation": [89.99994, -87.5, -89.99994],
							"uv": {
								"north": {"uv": [54, 81], "uv_size": [3, 2]},
								"east": {"uv": [52, 81], "uv_size": [2, 2]},
								"south": {"uv": [59, 81], "uv_size": [3, 2]},
								"west": {"uv": [57, 81], "uv_size": [2, 2]},
								"up": {"uv": [54, 79], "uv_size": [3, 2]},
								"down": {"uv": [57, 81], "uv_size": [3, -2]}
							}
						}
					]
				},
				{
					"name": "TAIL_HIGHMID",
					"parent": "TAIL_LOWMID",
					"pivot": [0.29844, 17.98907, 13.29984],
					"cubes": [
						{
							"origin": [-3.59992, 16.4315, 17.68894],
							"size": [8.02604, 3.25824, 2.67012],
							"pivot": [0.19844, 18.06063, 19.024],
							"rotation": [0, -90, 0],
							"uv": {
								"north": {"uv": [41, 60], "uv_size": [5, 2]},
								"east": {"uv": [40, 60], "uv_size": [1, 2]},
								"south": {"uv": [47, 60], "uv_size": [5, 2]},
								"west": {"uv": [46, 60], "uv_size": [1, 2]},
								"up": {"uv": [41, 59], "uv_size": [5, 1]},
								"down": {"uv": [46, 60], "uv_size": [5, -1]}
							}
						}
					]
				},
				{
					"name": "TAIL_HIGH",
					"parent": "TAIL_HIGHMID",
					"pivot": [0.29844, 17.99833, 20.32014],
					"cubes": [
						{
							"origin": [-2.15318, 16.65542, 23.50071],
							"size": [6.13428, 2.68582, 2.2251],
							"pivot": [0.19844, 17.99833, 24.61326],
							"rotation": [0, -90, 0],
							"uv": {
								"north": {"uv": [43, 75], "uv_size": [4, 1]},
								"east": {"uv": [42, 75], "uv_size": [1, 1]},
								"south": {"uv": [48, 75], "uv_size": [4, 1]},
								"west": {"uv": [47, 75], "uv_size": [1, 1]},
								"up": {"uv": [43, 74], "uv_size": [4, 1]},
								"down": {"uv": [47, 75], "uv_size": [4, -1]}
							}
						}
					]
				},
				{
					"name": "Waist",
					"parent": "armorBody",
					"pivot": [-0.06563, 37.48357, 1.93821],
					"rotation": [-5, 0, 0],
					"cubes": [
						{
							"origin": [-4.83206, 16.42558, -3.94332],
							"size": [9.10938, 1.87309, 11.23493],
							"pivot": [-0.06563, 37.48357, 1.93821],
							"rotation": [0, -90, 0],
							"uv": {
								"north": {"uv": [34, 57], "uv_size": [6, 1]},
								"east": {"uv": [27, 57], "uv_size": [7, 1]},
								"south": {"uv": [47, 57], "uv_size": [6, 1]},
								"west": {"uv": [40, 57], "uv_size": [7, 1]},
								"up": {"uv": [34, 50], "uv_size": [6, 7]},
								"down": {"uv": [40, 57], "uv_size": [6, -7]}
							}
						},
						{
							"origin": [-4.83206, 18.27241, -3.94332],
							"size": [9.10938, 2.0956, 3.6696],
							"pivot": [-0.06563, 37.48357, 1.93821],
							"rotation": [0, -90, 0],
							"uv": {
								"north": {"uv": [73, 58], "uv_size": [6, 1]},
								"east": {"uv": [71, 58], "uv_size": [2, 1]},
								"south": {"uv": [81, 58], "uv_size": [6, 1]},
								"west": {"uv": [79, 58], "uv_size": [2, 1]},
								"up": {"uv": [73, 56], "uv_size": [6, 2]},
								"down": {"uv": [79, 58], "uv_size": [6, -2]}
							}
						},
						{
							"origin": [-4.52841, 17.52084, -3.27475],
							"size": [8.50209, 5.44473, 10.08025],
							"pivot": [-0.06563, 36.76805, 1.93821],
							"rotation": [0, -90, 0],
							"uv": {
								"north": {"uv": [56, 17], "uv_size": [5, 3]},
								"east": {"uv": [49, 17], "uv_size": [7, 3]},
								"south": {"uv": [68, 17], "uv_size": [5, 3]},
								"west": {"uv": [61, 17], "uv_size": [7, 3]}
							}
						},
						{
							"origin": [-4.83206, 18.27241, 3.622],
							"size": [9.10938, 2.0956, 3.66961],
							"pivot": [-0.06563, 37.48357, 1.93821],
							"rotation": [0, -90, 0],
							"uv": {
								"north": {"uv": [73, 62], "uv_size": [6, 1]},
								"east": {"uv": [71, 62], "uv_size": [2, 1]},
								"south": {"uv": [81, 62], "uv_size": [6, 1]},
								"west": {"uv": [79, 62], "uv_size": [2, 1]},
								"up": {"uv": [73, 60], "uv_size": [6, 2]},
								"down": {"uv": [79, 62], "uv_size": [6, -2]}
							}
						}
					]
				},
				{
					"name": "armorRightArm",
					"pivot": [-14.46266, 37.70556, -1.43104],
					"rotation": [20, -5, 12.5],
					"cubes": [
						{
							"origin": [-20.38475, 32.52294, -6.4261],
							"size": [10.93052, 8.74441, 9.83746],
							"pivot": [-15.20469, 36.00766, -0.90787],
							"rotation": [0, 90, 0],
							"uv": {
								"north": {"uv": [50, 30], "uv_size": [-7, 6]},
								"east": {"uv": [56, 30], "uv_size": [-6, 6]},
								"south": {"uv": [43, 43], "uv_size": [7, 6]},
								"west": {"uv": [37, 30], "uv_size": [6, 6]},
								"up": {"uv": [50, 43], "uv_size": [-7, -6]},
								"down": {"uv": [57, 30], "uv_size": [-7, -6]}
							}
						},
						{
							"origin": [-18.99202, 1.5135, -4.83006],
							"size": [10.93051, 25.14017, 10.93051],
							"pivot": [-14.74549, 16.0258, -0.76562],
							"rotation": [-122.47926, 19.00248, 179.34734],
							"uv": {
								"north": {"uv": [34, 83], "uv_size": [-8, 18]},
								"east": {"uv": [18, 82], "uv_size": [8, 18]},
								"south": {"uv": [117, 71], "uv_size": [-8, 18]},
								"west": {"uv": [17, 81], "uv_size": [-8, 18]},
								"up": {"uv": [47, 84], "uv_size": [-8, 8]},
								"down": {"uv": [56, 92], "uv_size": [-8, -8]}
							}
						},
						{
							"origin": [-18.15411, 3.51441, -7.22975],
							"size": [9.83745, 22.62615, 9.83746],
							"pivot": [-14.74549, 16.0258, -0.76562],
							"rotation": [-66.08724, 30.19483, -76.4798],
							"uv": {
								"north": {"uv": [62, 50], "uv_size": [-8, 18]},
								"east": {"uv": [54, 50], "uv_size": [8, 18]},
								"south": {"uv": [62, 50], "uv_size": [-8, 18]},
								"west": {"uv": [62, 50], "uv_size": [-8, 18]},
								"up": {"uv": [54, 68], "uv_size": [8, -18]},
								"down": {"uv": [54, 68], "uv_size": [8, -18]}
							}
						},
						{
							"origin": [-3.74882, 19.79238, -24.82585],
							"size": [6.55831, 14.49967, 6.55831],
							"pivot": [1.61003, 38.15422, -5.07992],
							"rotation": [-180, 85, -180],
							"uv": {
								"north": {"uv": [20, 105], "uv_size": [-4, 10]},
								"east": {"uv": [24, 105], "uv_size": [-4, 10]},
								"south": {"uv": [28, 105], "uv_size": [-4, 10]},
								"west": {"uv": [16, 105], "uv_size": [-4, 10]},
								"up": {"uv": [20, 101], "uv_size": [-4, 4]},
								"down": {"uv": [24, 105], "uv_size": [-4, -4]}
							}
						},
						{
							"origin": [-15.80745, 37.34117, -3.00274],
							"size": [2.86208, 2.86208, 2.86208],
							"uv": {
								"north": {"uv": [4, 2], "uv_size": [-2, 2]},
								"east": {"uv": [6, 2], "uv_size": [-2, 2]},
								"south": {"uv": [8, 2], "uv_size": [-2, 2]},
								"west": {"uv": [2, 2], "uv_size": [-2, 2]},
								"up": {"uv": [4, 0], "uv_size": [-2, 2]},
								"down": {"uv": [6, 2], "uv_size": [-2, -2]}
							}
						}
					]
				},
				{
					"name": "hand",
					"parent": "armorRightArm",
					"pivot": [-16.99349, 8.10238, -13.66616],
					"cubes": [
						{
							"origin": [-17.89896, -0.49183, -4.21039],
							"size": [8.74441, 2.00535, 9.50869],
							"pivot": [-14.74549, 16.0258, -0.76562],
							"rotation": [-122.47926, 19.00248, 179.34734],
							"uv": {
								"north": {"uv": [36, 48], "uv_size": [-6, 1]},
								"east": {"uv": [83, 6], "uv_size": [-7, 1]},
								"south": {"uv": [63, 21], "uv_size": [-6, 1]},
								"west": {"uv": [56, 21], "uv_size": [-7, 1]},
								"up": {"uv": [93, 0], "uv_size": [-6, 7]},
								"down": {"uv": [93, 15], "uv_size": [-6, -7]}
							}
						}
					]
				},
				{
					"name": "rightpiston",
					"parent": "armorRightArm",
					"pivot": [-13.15121, 25.13822, 9.26606],
					"cubes": [
						{
							"origin": [-17.53574, 31.41116, -2.89787],
							"size": [8.01796, 3.98863, 6.92492],
							"pivot": [-14.74549, 16.0258, -0.76562],
							"rotation": [-122.47926, 19.00248, 179.34734],
							"uv": {
								"north": {"uv": [73, 46], "uv_size": [-5, 2]},
								"east": {"uv": [77, 46], "uv_size": [-4, 2]},
								"south": {"uv": [82, 46], "uv_size": [-5, 2]},
								"west": {"uv": [68, 46], "uv_size": [-4, 2]},
								"up": {"uv": [73, 42], "uv_size": [-5, 4]},
								"down": {"uv": [78, 46], "uv_size": [-5, -4]}
							}
						},
						{
							"origin": [-16.07609, 17.90927, -2.16804],
							"size": [5.09864, 16.39576, 5.46524],
							"pivot": [-14.74549, 16.0258, -0.76562],
							"rotation": [-122.47926, 19.00248, 179.34734],
							"uv": {
								"north": {"uv": [69, 69], "uv_size": [-3, 9]},
								"east": {"uv": [69, 69], "uv_size": [-3, 9]},
								"south": {"uv": [69, 69], "uv_size": [-3, 9]},
								"west": {"uv": [69, 69], "uv_size": [-3, 9]},
								"up": {"uv": [66, 78], "uv_size": [3, -9]},
								"down": {"uv": [66, 78], "uv_size": [3, -9]}
							}
						}
					]
				},
				{
					"name": "drill",
					"parent": "armorRightArm",
					"pivot": [-15.87391, 6.54731, -15.26612],
					"rotation": [2.5, 0, 0],
					"cubes": [
						{
							"origin": [-14.74069, 0.26442, -2.47359],
							"size": [0, 11.80608, 8.944],
							"pivot": [-14.74549, 15.38427, -0.36597],
							"rotation": [-127.91084, -0.08565, 146.50583],
							"uv": {
								"west": {"uv": [46, 92], "uv_size": [-7, 9]}
							}
						},
						{
							"origin": [-11.50384, 0.20741, -5.29181],
							"size": [0, 11.80608, 8.944],
							"pivot": [-14.74549, 15.38427, -0.36597],
							"rotation": [-89.75611, 38.82014, -126.74739],
							"uv": {
								"west": {"uv": [39, 92], "uv_size": [7, 9]}
							}
						}
					]
				},
				{
					"name": "armorLeftArm",
					"pivot": [14.76266, 37.70556, -1.43104],
					"rotation": [20, 5, -12.5],
					"cubes": [
						{
							"origin": [9.75423, 32.52294, -6.4261],
							"size": [10.93052, 8.74441, 9.83746],
							"pivot": [15.50469, 36.00766, -0.90787],
							"rotation": [0, -90, 0],
							"uv": {
								"north": {"uv": [43, 30], "uv_size": [7, 6]},
								"east": {"uv": [43, 30], "uv_size": [-6, 6]},
								"south": {"uv": [50, 43], "uv_size": [-7, 6]},
								"west": {"uv": [50, 30], "uv_size": [6, 6]},
								"up": {"uv": [43, 43], "uv_size": [7, -6]},
								"down": {"uv": [50, 30], "uv_size": [7, -6]}
							}
						},
						{
							"origin": [9.51271, 2.49709, -6.82234],
							"size": [10.93051, 25.14017, 10.93051],
							"pivot": [15.61775, 18.16048, -0.9526],
							"rotation": [-122.47926, -19.00248, -179.34734],
							"uv": {
								"north": {"uv": [26, 83], "uv_size": [8, 18]},
								"east": {"uv": [9, 81], "uv_size": [8, 18]},
								"south": {"uv": [109, 71], "uv_size": [8, 18]},
								"west": {"uv": [26, 82], "uv_size": [-8, 18]},
								"up": {"uv": [39, 84], "uv_size": [8, 8]},
								"down": {"uv": [48, 92], "uv_size": [8, -8]}
							}
						},
						{
							"origin": [10.96125, 4.47624, -6.7822],
							"size": [9.83745, 22.62615, 9.83746],
							"pivot": [15.61775, 18.16048, -0.9526],
							"rotation": [-66.08724, -30.19483, 76.4798],
							"uv": {
								"north": {"uv": [54, 50], "uv_size": [8, 18]},
								"east": {"uv": [54, 50], "uv_size": [8, 18]},
								"south": {"uv": [54, 50], "uv_size": [8, 18]},
								"west": {"uv": [62, 50], "uv_size": [-8, 18]},
								"up": {"uv": [62, 68], "uv_size": [-8, -18]},
								"down": {"uv": [62, 68], "uv_size": [-8, -18]}
							}
						},
						{
							"origin": [11.78202, 19.79238, -3.47544],
							"size": [6.55831, 14.49967, 6.55831],
							"pivot": [15.61775, 18.16048, -0.9526],
							"rotation": [-180, -85, 180],
							"uv": {
								"north": {"uv": [16, 105], "uv_size": [4, 10]},
								"east": {"uv": [12, 105], "uv_size": [4, 10]},
								"south": {"uv": [24, 105], "uv_size": [4, 10]},
								"west": {"uv": [20, 105], "uv_size": [4, 10]},
								"up": {"uv": [16, 101], "uv_size": [4, 4]},
								"down": {"uv": [20, 105], "uv_size": [4, -4]}
							}
						},
						{
							"origin": [13.24537, 37.34117, -3.00274],
							"size": [2.86208, 2.86208, 2.86208],
							"uv": {
								"north": {"uv": [2, 2], "uv_size": [2, 2]},
								"east": {"uv": [0, 2], "uv_size": [2, 2]},
								"south": {"uv": [6, 2], "uv_size": [2, 2]},
								"west": {"uv": [4, 2], "uv_size": [2, 2]},
								"up": {"uv": [2, 0], "uv_size": [2, 2]},
								"down": {"uv": [4, 2], "uv_size": [2, -2]}
							}
						}
					]
				},
				{
					"name": "hand2",
					"parent": "armorLeftArm",
					"pivot": [17.29349, 8.10238, -13.66616],
					"cubes": [
						{
							"origin": [10.60575, 0.49176, -6.20267],
							"size": [8.74441, 2.00535, 9.50869],
							"pivot": [15.61775, 18.16048, -0.9526],
							"rotation": [-122.47926, -19.00248, -179.34734],
							"uv": {
								"north": {"uv": [30, 48], "uv_size": [6, 1]},
								"east": {"uv": [49, 21], "uv_size": [7, 1]},
								"south": {"uv": [57, 21], "uv_size": [6, 1]},
								"west": {"uv": [76, 6], "uv_size": [7, 1]},
								"up": {"uv": [87, 0], "uv_size": [6, 7]},
								"down": {"uv": [87, 15], "uv_size": [6, -7]}
							}
						}
					]
				},
				{
					"name": "leftpiston",
					"parent": "armorLeftArm",
					"pivot": [13.45121, 25.13822, 9.26606],
					"cubes": [
						{
							"origin": [10.96898, 32.39475, -4.89015],
							"size": [8.01796, 3.98863, 6.92492],
							"pivot": [15.61775, 18.16048, -0.9526],
							"rotation": [-122.47926, -19.00248, -179.34734],
							"uv": {
								"north": {"uv": [68, 46], "uv_size": [5, 2]},
								"east": {"uv": [64, 46], "uv_size": [4, 2]},
								"south": {"uv": [77, 46], "uv_size": [5, 2]},
								"west": {"uv": [73, 46], "uv_size": [4, 2]},
								"up": {"uv": [68, 42], "uv_size": [5, 4]},
								"down": {"uv": [73, 46], "uv_size": [5, -4]}
							}
						},
						{
							"origin": [12.42865, 18.89286, -4.16032],
							"size": [5.09864, 16.39576, 5.46524],
							"pivot": [15.61775, 18.16048, -0.9526],
							"rotation": [-122.47926, -19.00248, -179.34734],
							"uv": {
								"north": {"uv": [66, 69], "uv_size": [3, 9]},
								"east": {"uv": [66, 69], "uv_size": [3, 9]},
								"south": {"uv": [66, 69], "uv_size": [3, 9]},
								"west": {"uv": [66, 69], "uv_size": [3, 9]},
								"up": {"uv": [69, 78], "uv_size": [-3, -9]},
								"down": {"uv": [69, 78], "uv_size": [-3, -9]}
							}
						}
					]
				},
				{
					"name": "drill2",
					"parent": "armorLeftArm",
					"pivot": [16.17391, 6.54731, -15.26612],
					"rotation": [2.5, 0, 0],
					"cubes": [
						{
							"origin": [14.90864, 1.18732, -4.28191],
							"size": [0, 11.80608, 8.944],
							"pivot": [15.61775, 17.52508, -0.45966],
							"rotation": [-127.91084, 0.08565, -146.50583],
							"uv": {
								"east": {"uv": [39, 92], "uv_size": [7, 9]}
							}
						},
						{
							"origin": [14.03808, 1.13476, -6.21294],
							"size": [0, 11.80608, 8.944],
							"pivot": [15.61775, 17.52508, -0.45966],
							"rotation": [-89.75611, -38.82014, 126.74739],
							"uv": {
								"east": {"uv": [46, 92], "uv_size": [-7, 9]}
							}
						}
					]
				},
				{
					"name": "armorLeftLeg",
					"pivot": [-5.07103, 14.59426, 1.71725],
					"rotation": [-24.12658, -6.50963, -16.26175],
					"cubes": [
						{
							"origin": [-1.88371, -4.12276, -24.89022],
							"size": [6.07294, 6.83137, 5.31381],
							"pivot": [1.50852, 28.03871, -17.09462],
							"rotation": [104.57189, -51.40274, -99.28848],
							"uv": {
								"north": {"uv": [3, 75], "uv_size": [4, 4]},
								"east": {"uv": [0, 75], "uv_size": [3, 4]},
								"south": {"uv": [10, 75], "uv_size": [4, 4]},
								"west": {"uv": [7, 75], "uv_size": [3, 4]},
								"up": {"uv": [3, 72], "uv_size": [4, 3]},
								"down": {"uv": [7, 75], "uv_size": [4, -3]}
							}
						},
						{
							"origin": [-1.30897, -3.98703, -30.04196],
							"size": [2.49533, 3.96929, 4.02587],
							"pivot": [2.22404, 23.88869, -22.81878],
							"rotation": [101.30003, -36.77336, -94.62552],
							"uv": {
								"north": {"uv": [87, 90], "uv_size": [1, 2]},
								"east": {"uv": [85, 90], "uv_size": [2, 2]},
								"south": {"uv": [90, 90], "uv_size": [1, 2]},
								"west": {"uv": [88, 90], "uv_size": [2, 2]},
								"up": {"uv": [87, 88], "uv_size": [1, 2]},
								"down": {"uv": [88, 90], "uv_size": [1, -2]}
							}
						},
						{
							"origin": [2.85921, 5.78653, 2.59702],
							"size": [4.5547, 9.57763, 3.79558],
							"pivot": [6.08784, 33.76287, 1.3658],
							"rotation": [-176.49345, -78.68747, 176.66548],
							"uv": {
								"north": {"uv": [97, 72], "uv_size": [3, 6]},
								"east": {"uv": [95, 72], "uv_size": [2, 6]},
								"south": {"uv": [102, 72], "uv_size": [3, 6]},
								"west": {"uv": [100, 72], "uv_size": [2, 6]},
								"up": {"uv": [97, 70], "uv_size": [3, 2]},
								"down": {"uv": [100, 72], "uv_size": [3, -2]}
							}
						}
					]
				},
				{
					"name": "HalfLeg",
					"parent": "armorLeftLeg",
					"pivot": [5.22922, 32.04562, -13.51702],
					"rotation": [26.85208, -15.92907, 7.08798],
					"cubes": [
						{
							"origin": [7.9904, -7.07654, -18.32124],
							"size": [5.00864, 2.86208, 2.86208],
							"uv": {
								"north": {"uv": [2, 105], "uv_size": [3, 2]},
								"east": {"uv": [0, 105], "uv_size": [2, 2]},
								"south": {"uv": [7, 105], "uv_size": [3, 2]},
								"west": {"uv": [5, 105], "uv_size": [2, 2]},
								"up": {"uv": [2, 103], "uv_size": [3, 2]},
								"down": {"uv": [5, 105], "uv_size": [3, -2]}
							}
						},
						{
							"origin": [1.40767, -7.04409, -21.87233],
							"size": [7.29831, 6.62572, 6.38603],
							"pivot": [5.22922, 32.04562, -13.51702],
							"rotation": [0, -90, 0],
							"uv": {
								"north": {"uv": [4, 65], "uv_size": [5, 4]},
								"east": {"uv": [0, 65], "uv_size": [4, 4]},
								"south": {"uv": [13, 65], "uv_size": [5, 4]},
								"west": {"uv": [9, 65], "uv_size": [4, 4]},
								"up": {"uv": [4, 61], "uv_size": [5, 4]},
								"down": {"uv": [9, 65], "uv_size": [5, -4]}
							}
						}
					]
				},
				{
					"name": "armorRightLeg",
					"pivot": [5.64345, 14.59426, 1.71725],
					"rotation": [-24.12658, 6.50963, 16.26175],
					"cubes": [
						{
							"origin": [-3.56303, -4.14774, -25.08122],
							"size": [6.07293, 6.83137, 5.31381],
							"pivot": [-0.9361, 28.03871, -17.09462],
							"rotation": [104.57189, 51.40274, 99.28848],
							"uv": {
								"north": {"uv": [7, 75], "uv_size": [-4, 4]},
								"east": {"uv": [10, 75], "uv_size": [-3, 4]},
								"south": {"uv": [14, 75], "uv_size": [-4, 4]},
								"west": {"uv": [3, 75], "uv_size": [-3, 4]},
								"up": {"uv": [7, 72], "uv_size": [-4, 3]},
								"down": {"uv": [11, 75], "uv_size": [-4, -3]}
							}
						},
						{
							"origin": [-0.55553, -3.99725, -30.23296],
							"size": [2.49534, 3.96929, 4.02587],
							"pivot": [-1.65162, 23.88869, -22.81878],
							"rotation": [101.30003, 36.77336, 94.62552],
							"uv": {
								"north": {"uv": [88, 90], "uv_size": [-1, 2]},
								"east": {"uv": [90, 90], "uv_size": [-2, 2]},
								"south": {"uv": [91, 90], "uv_size": [-1, 2]},
								"west": {"uv": [87, 90], "uv_size": [-2, 2]},
								"up": {"uv": [88, 88], "uv_size": [-1, 2]},
								"down": {"uv": [89, 90], "uv_size": [-1, -2]}
							}
						},
						{
							"origin": [-6.80779, 5.72691, 2.40912],
							"size": [4.5547, 9.57763, 3.79558],
							"pivot": [-5.51543, 33.76287, 1.3658],
							"rotation": [-176.49345, 78.68747, -176.66548],
							"uv": {
								"north": {"uv": [100, 72], "uv_size": [-3, 6]},
								"east": {"uv": [102, 72], "uv_size": [-2, 6]},
								"south": {"uv": [105, 72], "uv_size": [-3, 6]},
								"west": {"uv": [97, 72], "uv_size": [-2, 6]},
								"up": {"uv": [100, 70], "uv_size": [-3, 2]},
								"down": {"uv": [103, 72], "uv_size": [-3, -2]}
							}
						}
					]
				},
				{
					"name": "HalfLeg2",
					"parent": "armorRightLeg",
					"pivot": [-4.6568, 32.04562, -13.51702],
					"rotation": [26.85208, 15.92907, -7.08798],
					"cubes": [
						{
							"origin": [-12.6166, -7.0856, -18.38308],
							"size": [5.00864, 2.86208, 2.86208],
							"uv": {
								"north": {"uv": [5, 105], "uv_size": [-3, 2]},
								"east": {"uv": [7, 105], "uv_size": [-2, 2]},
								"south": {"uv": [10, 105], "uv_size": [-3, 2]},
								"west": {"uv": [2, 105], "uv_size": [-2, 2]},
								"up": {"uv": [5, 103], "uv_size": [-3, 2]},
								"down": {"uv": [8, 105], "uv_size": [-3, -2]}
							}
						},
						{
							"origin": [-8.07173, -7.05315, -22.06231],
							"size": [7.29832, 6.62572, 6.38603],
							"pivot": [-4.6568, 32.04562, -13.51702],
							"rotation": [0, 90, 0],
							"uv": {
								"north": {"uv": [9, 65], "uv_size": [-5, 4]},
								"east": {"uv": [13, 65], "uv_size": [-4, 4]},
								"south": {"uv": [18, 65], "uv_size": [-5, 4]},
								"west": {"uv": [4, 65], "uv_size": [-4, 4]},
								"up": {"uv": [9, 61], "uv_size": [-5, 4]},
								"down": {"uv": [14, 65], "uv_size": [-5, -4]}
							}
						}
					]
				}
			]
		}
	]
}