{
  "name": {
    "text": "flatten_modified"
  },
  "icon": {
    "type": "palladium:texture",
    "texture": "habb:textures/gui/flash/flash_icon.png"
  },
  "persistent_data": false,
  "hidden": true,
  "background": "minecraft:textures/block/red_concrete.png",
  "primary_color": "#E72D2D",
  "secondary_color": "#1a1a1a",
  "abilities": {
    "flatten_start": {
      "type": "palladium:command",
      "gui_position": [
        0,
        0
      ],
      "title": "flatten",
      "icon": "habb:textures/gui/flash/flash_icon.png",
      "hidden": false,
      "first_tick_commands": [
        ""
      ],
      "last_tick_commands": [
        ""
      ],
      "commands": [
        "playsound minecraft:block.honey_block.step master @a ~ ~ ~ 1 0.9",
        "scale delay set pehkui:model_height 7",
        "scale delay set pehkui:model_width 7",
        "scale delay set pehkui:hitbox_height 7",
        "scale delay set pehkui:model_width 7",
        "scale delay set pehkui:eye_height 7",
        "scale easing set pehkui:model_height pehkui:back_out @s",
        "scale easing set pehkui:model_width pehkui:back_out @s",
        "scale easing set pehkui:hitbox_height pehkui:back_out @s",
        "scale easing set pehkui:hitbox_width pehkui:back_out @s",
        "scale easing set pehkui:eye_height pehkui:back_out @s",
        "scale divide pehkui:model_height 4",
        "scale multiply pehkui:model_width 1.5",
        "scale divide pehkui:hitbox_height 4",
        "scale divide pehkui:eye_height 4",
        "scale multiply pehkui:hitbox_width 1.5",
        "tag @s add AlienEvo.Flatten"
      ],
      "conditions": {
        "enabling": [
          {
            "type": "palladium:ability_enabled",
            "ability": "flatten_timer"
          },
          {
                    "type": "palladium:has_tag",
                    "tag": "Upchuck.Flattable"
          },
          {
            "type": "palladium:animation_timer_ability",
            "ability": "flatten_timer",
            "min": 1,
            "max": 1
          },
          {
            "type": "palladium:not",
            "conditions": [
              {
                "type": "palladium:or",
                "conditions": [
                  {
                    "type": "palladium:has_tag",
                    "tag": "AlienEvo.Flatten"
                  }
                ]
              }
            ]
          }
        ]
      }
    },
    "flatten_effects": {
      "type": "palladium:command",
      "gui_position": [
        0,
        0
      ],
      "hidden": false,
      "first_tick_commands": [
        ""
      ],
      "last_tick_commands": [
        ""
      ],
      "commands": [
        "effect give @s minecraft:slowness 1 3 true",
        "effect give @s minecraft:weakness 1 3 true"
      ],
      "conditions": {
        "enabling": [
          {
            "type": "palladium:ability_enabled",
            "ability": "flatten_timer"
          },
          {
            "type": "palladium:animation_timer_ability",
            "ability": "flatten_timer",
            "min": 1,
            "max": 39
          }
        ]
      }
    },
    "flatten_timer": {
      "type": "palladium:animation_timer",
      "icon": "minecraft:blaze_rod",
      "title": "null",
      "bar_color": "light_gray",
      "hidden": true,
      "hidden_in_bar": false,
      "list_index": 3,
      "gui_position": "null",
      "description": "null",
      "start_value": 0,
      "max_value": 40
    },
    "electrocute_remove": {
      "type": "palladium:command",
      "gui_position": [
        0,
        0
      ],
      "hidden": false,
      "first_tick_commands": [
        ""
      ],
      "last_tick_commands": [
        ""
      ],
      "commands": [
        "superpower remove alienevo:flatten @s"
      ],
      "conditions": {
        "enabling": [
          {
            "type": "palladium:ability_enabled",
            "ability": "flatten_timer"
          },
          {
            "type": "palladium:animation_timer_ability",
            "ability": "flatten_timer",
            "min": 40,
            "max": 40
          }
        ]
      }
    },
    "flatten_easing": {
      "type": "palladium:command",
      "gui_position": [
        0,
        0
      ],
      "hidden": true,
      "first_tick_commands": [
        ""
      ],
      "last_tick_commands": [
        ""
      ],
      "commands": [
        "scale easing set pehkui:model_height pehkui:bounce_out @s",
        "scale easing set pehkui:model_width pehkui:bounce_out @s",
        "scale easing set pehkui:hitbox_height pehkui:bounce_out @s",
        "scale easing set pehkui:hitbox_width pehkui:bounce_out @s",
        "scale easing set pehkui:eye_height pehkui:bounce_out @s"
      ],
      "conditions": {
        "enabling": [
          {
            "type": "palladium:ability_enabled",
            "ability": "flatten_timer"
          },
          {
            "type": "palladium:animation_timer_ability",
            "ability": "flatten_timer",
            "min": 35,
            "max": 35
          }
        ]
      }
    },
    "flatten_end": {
      "type": "palladium:command",
      "gui_position": [
        0,
        0
      ],
      "hidden": true,
      "first_tick_commands": [
        ""
      ],
      "last_tick_commands": [
        ""
      ],
      "commands": [
        "playsound minecraft:block.honey_block.step master @a ~ ~ ~ 1 0.9",
        "scale multiply pehkui:model_height 4",
        "scale divide pehkui:model_width 1.5",
        "scale multiply pehkui:hitbox_height 4",
        "scale multiply pehkui:eye_height 4",
        "scale divide pehkui:hitbox_width 1.5",
        "tag @s remove AlienEvo.Flatten",
        "effect clear @s alienevo:flatten",
        "superpower remove upchuck:flatten_modified @s"
      ],
      "conditions": {
        "enabling": [
          {
            "type": "palladium:ability_enabled",
            "ability": "flatten_timer"
          },
           {
                    "type": "palladium:has_tag",
                    "tag": "Upchuck.Flattable"
          },
          {
                    "type": "palladium:has_tag",
                    "tag": "AlienEvo.Flatten"
                  },
          {
            "type": "palladium:animation_timer_ability",
            "ability": "flatten_timer",
            "min": 39,
            "max": 39
          }
        ]
      }
    }
  }
}