{
    "eyebeam": {
    "category": "player",
    "sounds": ["omni_extras:eyebeam"]
  },
    "stalk": {
    "category": "player",
    "sounds": ["omni_extras:stalk"]
  },
  "openeye": {
    "category": "player",
    "sounds": ["omni_extras:openeye"]
  },
   "otherbeam": {
    "category": "player",
    "sounds": ["omni_extras:otherbeam"]
  },
  "swallow": {
    "category": "player",
    "sounds": ["omni_extras:swallow"]
    },
    "blast": {
    "category": "player",
    "sounds": ["omni_extras:blast"]
    },
    "chomp": {
    "category": "player",
    "sounds": ["omni_extras:chomp"]
    },
    "whip": {
    "category": "player",
    "sounds": ["omni_extras:whip"]
    },
    "gangsta": {
    "category": "player",
    "sounds": ["omni_extras:gangsta"]
    },
    "grumble": {
    "category": "player",
    "sounds": ["omni_extras:grumble"]
    },
    "release": {
    "category": "player",
    "sounds": ["omni_extras:release"]
    },
    "laugh": {
      "category": "player",
      "sounds": [
        "omni_extras:laugh"
      ]
    },
    "sonic_laugh": {
      "category": "player",
      "sounds": [
        "omni_extras:sonic_laugh"
      ]
    }
}
