{
	"format_version": "1.12.0",
	"minecraft:geometry": [
		{
			"description": {
				"identifier": "geometry.evo2",
				"texture_width": 64,
				"texture_height": 64,
				"visible_bounds_width": 3,
				"visible_bounds_height": 3.5,
				"visible_bounds_offset": [0, 1.25, 0]
			},
			"bones": [
				{
					"name": "armorHead",
					"pivot": [0, 19.8, 0.35],
					"rotation": [2.5, 0, 0]
				},
				{
					"name": "BaseHead",
					"parent": "armorHead",
					"pivot": [10.032, 20.22806, 4.20912],
					"cubes": [
						{
							"origin": [-3.496, 26.46006, -6.35488],
							"size": [1.368, 2.28, 1.672],
							"pivot": [-2.888, 26.91606, -4.75888],
							"rotation": [0, 0, -6],
							"uv": {
								"north": {"uv": [0, 5], "uv_size": [1, 1]}
							}
						},
						{
							"origin": [2.254, 26.46006, -6.35488],
							"size": [1.368, 2.28, 1.672],
							"pivot": [2.862, 26.91606, -4.75888],
							"rotation": [0, 0, 6.5],
							"uv": {
								"north": {"uv": [0, 5], "uv_size": [1, 1]}
							}
						},
						{
							"origin": [1.368, 25.54806, -6.27888],
							"size": [3.192, 4.104, 1.52],
							"pivot": [3.04, 26.61206, -4.75888],
							"rotation": [0, 0, 6],
							"uv": {
								"north": {"uv": [1, 1], "uv_size": [2, 2]},
								"east": {"uv": [0, 1], "uv_size": [1, 2]},
								"south": {"uv": [4, 1], "uv_size": [2, 2]},
								"west": {"uv": [3, 1], "uv_size": [1, 2]},
								"up": {"uv": [1, 0], "uv_size": [2, 1]},
								"down": {"uv": [3, 1], "uv_size": [2, -1]}
							}
						},
						{
							"origin": [-4.408, 25.54806, -6.27888],
							"size": [3.192, 4.104, 1.52],
							"pivot": [-2.736, 26.61206, -4.75888],
							"rotation": [0, 0, -6],
							"uv": {
								"north": {"uv": [1, 1], "uv_size": [2, 2]},
								"east": {"uv": [0, 1], "uv_size": [1, 2]},
								"south": {"uv": [4, 1], "uv_size": [2, 2]},
								"west": {"uv": [3, 1], "uv_size": [1, 2]},
								"up": {"uv": [1, 0], "uv_size": [2, 1]},
								"down": {"uv": [3, 1], "uv_size": [2, -1]}
							}
						},
						{
							"origin": [-5.472, 21.14006, -6.12688],
							"size": [11.096, 9.576, 9.12],
							"uv": {
								"north": {"uv": [18, 0], "uv_size": [7, 6]},
								"east": {"uv": [31, 0], "uv_size": [-6, 6]},
								"south": {"uv": [0, 21], "uv_size": [7, 6]},
								"west": {"uv": [25, 0], "uv_size": [6, 6]},
								"up": {"uv": [7, 21], "uv_size": [7, 6]},
								"down": {"uv": [14, 27], "uv_size": [7, -6]}
							}
						},
						{
							"origin": [4.408, 29.80406, 1.16912],
							"size": [1.976, 1.824, 2.432],
							"pivot": [9.88, 26.30806, 4.20912],
							"rotation": [17.84366, 14.97416, 0.78828],
							"uv": {
								"north": {"uv": [31, 15], "uv_size": [1, 1]},
								"east": {"uv": [32, 19], "uv_size": [2, 1]},
								"south": {"uv": [34, 12], "uv_size": [1, 1]},
								"west": {"uv": [22, 33], "uv_size": [2, 1]},
								"up": {"uv": [3, 10], "uv_size": [1, 2]},
								"down": {"uv": [21, 8], "uv_size": [1, -2]}
							}
						},
						{
							"origin": [-6.764, 23.72406, 4.20912],
							"size": [1.976, 1.824, 3.496],
							"pivot": [0.152, 20.22806, 7.24912],
							"rotation": [18.32895, -14.9742, 2.41406],
							"uv": {
								"north": {"uv": [34, 21], "uv_size": [1, 1]},
								"east": {"uv": [34, 6], "uv_size": [2, 1]},
								"south": {"uv": [22, 34], "uv_size": [1, 1]},
								"west": {"uv": [34, 7], "uv_size": [2, 1]},
								"up": {"uv": [34, 8], "uv_size": [1, 2]},
								"down": {"uv": [34, 12], "uv_size": [1, -2]}
							}
						},
						{
							"origin": [-6.764, 26.76406, 4.20912],
							"size": [1.976, 1.824, 3.496],
							"pivot": [0.152, 23.26806, 7.24912],
							"rotation": [18.06707, -14.9742, 1.59063],
							"uv": {
								"north": {"uv": [34, 19], "uv_size": [1, 1]},
								"east": {"uv": [34, 0], "uv_size": [2, 1]},
								"south": {"uv": [34, 20], "uv_size": [1, 1]},
								"west": {"uv": [34, 1], "uv_size": [2, 1]},
								"up": {"uv": [34, 2], "uv_size": [1, 2]},
								"down": {"uv": [34, 6], "uv_size": [1, -2]}
							}
						},
						{
							"origin": [-6.764, 29.80406, 4.20912],
							"size": [1.976, 1.824, 2.432],
							"pivot": [0.304, 26.30806, 7.24912],
							"rotation": [17.84366, -14.9742, 0.78828],
							"uv": {
								"north": {"uv": [34, 17], "uv_size": [1, 1]},
								"east": {"uv": [29, 33], "uv_size": [2, 1]},
								"south": {"uv": [34, 18], "uv_size": [1, 1]},
								"west": {"uv": [33, 30], "uv_size": [2, 1]},
								"up": {"uv": [33, 31], "uv_size": [1, 2]},
								"down": {"uv": [33, 35], "uv_size": [1, -2]}
							}
						},
						{
							"origin": [4.56, 26.76406, 1.16912],
							"size": [1.976, 1.824, 3.496],
							"pivot": [10.032, 23.26806, 4.20912],
							"rotation": [18.06707, 17.35244, 1.59063],
							"uv": {
								"north": {"uv": [34, 13], "uv_size": [1, 1]},
								"east": {"uv": [24, 33], "uv_size": [2, 1]},
								"south": {"uv": [34, 14], "uv_size": [1, 1]},
								"west": {"uv": [33, 24], "uv_size": [2, 1]},
								"up": {"uv": [28, 16], "uv_size": [1, 2]},
								"down": {"uv": [33, 27], "uv_size": [1, -2]}
							}
						},
						{
							"origin": [4.56, 23.72406, 1.16912],
							"size": [1.976, 1.824, 3.496],
							"pivot": [10.032, 20.22806, 4.20912],
							"rotation": [18.32895, 19.72744, 2.41406],
							"uv": {
								"north": {"uv": [34, 15], "uv_size": [1, 1]},
								"east": {"uv": [26, 33], "uv_size": [2, 1]},
								"south": {"uv": [34, 16], "uv_size": [1, 1]},
								"west": {"uv": [33, 27], "uv_size": [2, 1]},
								"up": {"uv": [28, 33], "uv_size": [1, 2]},
								"down": {"uv": [33, 30], "uv_size": [1, -2]}
							}
						},
						{
							"origin": [-4.256, 19.62006, -5.97488],
							"size": [9.12, 1.52, 0],
							"uv": {
								"north": {"uv": [39, 2], "uv_size": [6, 5]},
								"east": {"uv": [39, 2], "uv_size": [0, 1]},
								"south": {"uv": [45, 2], "uv_size": [6, 1]},
								"west": {"uv": [45, 2], "uv_size": [0, 1]},
								"up": {"uv": [39, 2], "uv_size": [6, 0]},
								"down": {"uv": [45, 2], "uv_size": [6, 0]}
							}
						}
					]
				},
				{
					"name": "Jaw",
					"parent": "armorHead",
					"pivot": [0, 25.85206, -1.11088],
					"cubes": [
						{
							"origin": [-5.472, 17.34006, -6.17248],
							"size": [11.096, 4.104, 8.968],
							"pivot": [0, 25.85206, -1.11088],
							"rotation": [2.5, 0, 0],
							"uv": {
								"north": {"uv": [22, 18], "uv_size": [7, 3]},
								"east": {"uv": [6, 0], "uv_size": [6, 3]},
								"south": {"uv": [12, 27], "uv_size": [7, 3]},
								"west": {"uv": [12, 0], "uv_size": [-6, 3]},
								"up": {"uv": [14, 21], "uv_size": [7, 6]},
								"down": {"uv": [22, 12], "uv_size": [7, -6]}
							}
						}
					]
				},
				{
					"name": "armorBody",
					"pivot": [0, 11.798, -0.184],
					"cubes": [
						{
							"origin": [-6.08, 4.958, -4.744],
							"size": [12.16, 13.68, 9.12],
							"pivot": [0, 11.798, -0.184],
							"rotation": [-6.5, 0, 0],
							"uv": {
								"north": {"uv": [4, 3], "uv_size": [8, 9]},
								"east": {"uv": [14, 12], "uv_size": [-6, 9]},
								"south": {"uv": [0, 12], "uv_size": [8, 9]},
								"west": {"uv": [8, 12], "uv_size": [6, 9]},
								"up": {"uv": [14, 9], "uv_size": [8, 6]},
								"down": {"uv": [14, 21], "uv_size": [8, -6]}
							}
						},
						{
							"origin": [-1.672, 4.198, 3.16],
							"size": [3.344, 3.344, 1.976],
							"pivot": [0, 5.87, 6.504],
							"rotation": [-10, 0, 0],
							"uv": {
								"north": {"uv": [12, 9], "uv_size": [2, 2]},
								"east": {"uv": [30, 10], "uv_size": [1, 2]},
								"south": {"uv": [41, 33], "uv_size": [2, 2]},
								"west": {"uv": [46, 22], "uv_size": [-2, 2]},
								"up": {"uv": [26, 32], "uv_size": [2, 1]},
								"down": {"uv": [31, 28], "uv_size": [2, -1]}
							}
						}
					]
				},
				{
					"name": "TAIL_BASE",
					"parent": "armorBody",
					"pivot": [0, 6.022, 4.984],
					"cubes": [
						{
							"origin": [-1.52, 4.654, 4.376],
							"size": [3.04, 3.04, 3.344],
							"uv": {
								"north": {"uv": [12, 9], "uv_size": [2, 2]},
								"east": {"uv": [29, 10], "uv_size": [2, 2]},
								"south": {"uv": [24, 31], "uv_size": [2, 2]},
								"west": {"uv": [31, 24], "uv_size": [2, 2]},
								"up": {"uv": [26, 31], "uv_size": [2, 2]},
								"down": {"uv": [31, 28], "uv_size": [2, -2]}
							}
						}
					]
				},
				{
					"name": "TAIL_LOWMID",
					"parent": "TAIL_BASE",
					"pivot": [0, 6.022, 6.504],
					"cubes": [
						{
							"origin": [-1.368, 4.806, 7.416],
							"size": [2.736, 2.736, 3.344],
							"uv": {
								"north": {"uv": [31, 28], "uv_size": [2, 2]},
								"east": {"uv": [31, 30], "uv_size": [2, 2]},
								"south": {"uv": [32, 6], "uv_size": [2, 2]},
								"west": {"uv": [32, 8], "uv_size": [2, 2]},
								"up": {"uv": [32, 15], "uv_size": [2, 2]},
								"down": {"uv": [32, 19], "uv_size": [2, -2]}
							}
						}
					]
				},
				{
					"name": "TAIL_HIGHMID",
					"parent": "TAIL_LOWMID",
					"pivot": [0, 6.022, 9.544],
					"cubes": [
						{
							"origin": [-1.216, 4.806, 10.304],
							"size": [2.432, 2.432, 3.496],
							"uv": {
								"north": {"uv": [31, 32], "uv_size": [2, 2]},
								"east": {"uv": [12, 33], "uv_size": [2, 2]},
								"south": {"uv": [14, 33], "uv_size": [2, 2]},
								"west": {"uv": [16, 33], "uv_size": [2, 2]},
								"up": {"uv": [18, 33], "uv_size": [2, 2]},
								"down": {"uv": [20, 35], "uv_size": [2, -2]}
							}
						}
					]
				},
				{
					"name": "armorLeftArm",
					"pivot": [6.042, 15.592, 0.88]
				},
				{
					"name": "leftarm_rot",
					"parent": "armorLeftArm",
					"pivot": [5.9298, 14.6141, 1.64],
					"rotation": [0, 0, -30],
					"cubes": [
						{
							"origin": [4.50348, 3.41439, -1.552],
							"size": [4.408, 3.192, 4.864],
							"pivot": [-1.3102, -1.8819, 1.64],
							"rotation": [0, 0, -10],
							"uv": {
								"north": {"uv": [0, 10], "uv_size": [3, 2]},
								"east": {"uv": [31, 13], "uv_size": [3, 2]},
								"south": {"uv": [31, 20], "uv_size": [3, 2]},
								"west": {"uv": [31, 22], "uv_size": [3, 2]},
								"up": {"uv": [31, 3], "uv_size": [3, 3]},
								"down": {"uv": [31, 13], "uv_size": [3, -3]}
							}
						},
						{
							"origin": [3.43948, 5.08639, -1.4],
							"size": [4.56, 12.16, 4.56],
							"uv": {
								"north": {"uv": [0, 27], "uv_size": [3, 8]},
								"east": {"uv": [3, 27], "uv_size": [3, 8]},
								"south": {"uv": [6, 27], "uv_size": [3, 8]},
								"west": {"uv": [9, 27], "uv_size": [3, 8]},
								"up": {"uv": [21, 30], "uv_size": [3, 3]},
								"down": {"uv": [31, 3], "uv_size": [3, -3]}
							}
						}
					]
				},
				{
					"name": "armorRightArm",
					"pivot": [-5.928, 15.592, 0.652]
				},
				{
					"name": "rightarm_rot",
					"parent": "armorRightArm",
					"pivot": [-5.55088, 15.44316, 0.88],
					"rotation": [0, 0, 27.5],
					"cubes": [
						{
							"origin": [-8.9082, 3.12539, -1.552],
							"size": [4.408, 3.192, 4.864],
							"pivot": [1.31349, -2.1709, 1.64],
							"rotation": [0, 0, 10],
							"uv": {
								"north": {"uv": [3, 10], "uv_size": [-3, 2]},
								"east": {"uv": [34, 22], "uv_size": [-3, 2]},
								"south": {"uv": [34, 20], "uv_size": [-3, 2]},
								"west": {"uv": [34, 13], "uv_size": [-3, 2]},
								"up": {"uv": [34, 3], "uv_size": [-3, 3]},
								"down": {"uv": [34, 13], "uv_size": [-3, -3]}
							}
						},
						{
							"origin": [-7.9962, 4.79739, -1.4],
							"size": [4.56, 12.16, 4.56],
							"uv": {
								"north": {"uv": [3, 27], "uv_size": [-3, 8]},
								"east": {"uv": [12, 27], "uv_size": [-3, 8]},
								"south": {"uv": [9, 27], "uv_size": [-3, 8]},
								"west": {"uv": [6, 27], "uv_size": [-3, 8]},
								"up": {"uv": [24, 30], "uv_size": [-3, 3]},
								"down": {"uv": [34, 3], "uv_size": [-3, -3]}
							}
						}
					]
				},
				{
					"name": "armorLeftLeg",
					"pivot": [3.8, 7.238, -0.184],
					"cubes": [
						{
							"origin": [1.52, -0.362, -2.312],
							"size": [4.56, 6.08, 4.56],
							"pivot": [0.76, 1.158, 0.728],
							"rotation": [0, 0, -2.5],
							"uv": {
								"north": {"uv": [0, 6], "uv_size": [3, 4]},
								"east": {"uv": [0, 6], "uv_size": [3, 4]},
								"south": {"uv": [28, 12], "uv_size": [3, 4]},
								"west": {"uv": [28, 21], "uv_size": [3, 4]},
								"up": {"uv": [18, 6], "uv_size": [3, 3]},
								"down": {"uv": [12, 33], "uv_size": [3, -3]}
							}
						}
					]
				},
				{
					"name": "armorRightLeg",
					"pivot": [-3.838, 5.414, 0.728],
					"cubes": [
						{
							"origin": [-6.08, -0.362, -2.312],
							"size": [4.56, 6.08, 4.56],
							"pivot": [-0.76, 1.158, 0.728],
							"rotation": [0, 0, 2.5],
							"uv": {
								"north": {"uv": [3, 6], "uv_size": [-3, 4]},
								"east": {"uv": [31, 21], "uv_size": [-3, 4]},
								"south": {"uv": [31, 12], "uv_size": [-3, 4]},
								"west": {"uv": [3, 6], "uv_size": [-3, 4]},
								"up": {"uv": [21, 6], "uv_size": [-3, 3]},
								"down": {"uv": [15, 33], "uv_size": [-3, -3]}
							}
						}
					]
				}
			]
		}
	]
}