{
  "transformers": [
    {
      "type": "palladium:color",
      "color": "##GLOW_PROTO_1",
      "filter": "#b3ff40",
      "ignore_blank": true
    },
    {
      "type": "palladium:color",
      "color": "##GLOW_PROTO_2",
      "filter": "#a7f72e",
      "ignore_blank": true
    },
    {
      "type": "palladium:color",
      "color": "##GLOW_PROTO_3",
      "filter": "#8ed721",
      "ignore_blank": true
    },
    {
      "type": "palladium:color",
      "color": "##GLOW_PROTO_4",
      "filter": "#77b81a",
      "ignore_blank": true
    },
    {
      "type": "palladium:color",
      "color": "##GLOW_PROTO_5",
      "filter": "#639d11",
      "ignore_blank": true
    },
    {
      "type": "palladium:color",
      "color": "##GLOW_10K_1",
      "filter": "#fdbeff",
      "ignore_blank": true
    },
    {
      "type": "palladium:color",
      "color": "##GLOW_10K_2",
      "filter": "#2516b7",
      "ignore_blank": true
    },
    {
      "type": "palladium:color",
      "color": "##GLOW_10K_3",
      "filter": "#3c2cd9",
      "ignore_blank": true
    },
    {
      "type": "palladium:color",
      "color": "##GLOW_10K_4",
      "filter": "#3f2bff",
      "ignore_blank": true
    },
    {
      "type": "palladium:color",
      "color": "##GLOW_10K_5",
      "filter": "#6b5cff",
      "ignore_blank": true
    },
    {
      "type": "palladium:color",
      "color": "##GLOW_DEFAULT_1",
      "filter": "#1cf3fa",
      "ignore_blank": true
    },
    {
      "type": "palladium:color",
      "color": "##GLOW_DEFAULT_2",
      "filter": "#0df1db",
      "ignore_blank": true
    },
    {
      "type": "palladium:color",
      "color": "##GLOW_DEFAULT_3",
      "filter": "#00cccd",
      "ignore_blank": true
    },
    {
      "type": "palladium:color",
      "color": "##GLOW_DEFAULT_4",
      "filter": "#009f9f",
      "ignore_blank": true
    },
    {
      "type": "palladium:color",
      "color": "##GLOW_DEFAULT_5",
      "filter": "#006b6c",
      "ignore_blank": true
    }
  ],
  "variables": {
    "UNIFORM": {
      "type": "palladium:string_property",
      "property": "uniform"
    },
    "GLOW_PROTO_1": {
      "type": "palladium:string_property",
      "property": "nosedeenian_prototype_glowcolor_1_color_1"
    },
    "GLOW_PROTO_2": {
      "type": "palladium:string_property",
      "property": "nosedeenian_prototype_glowcolor_1_color_2"
    },
    "GLOW_PROTO_3": {
      "type": "palladium:string_property",
      "property": "nosedeenian_prototype_glowcolor_1_color_3"
    },
    "GLOW_PROTO_4": {
      "type": "palladium:string_property",
      "property": "nosedeenian_prototype_glowcolor_1_color_4"
    },
    "GLOW_PROTO_5": {
      "type": "palladium:string_property",
      "property": "nosedeenian_prototype_glowcolor_1_color_5"
    },
    "GLOW_10K_1": {
      "type": "palladium:string_property",
      "property": "nosedeenian_10k_glowcolor_1_color_1"
    },
    "GLOW_10K_2": {
      "type": "palladium:string_property",
      "property": "nosedeenian_10k_glowcolor_1_color_2"
    },
    "GLOW_10K_3": {
      "type": "palladium:string_property",
      "property": "nosedeenian_10k_glowcolor_1_color_3"
    },
    "GLOW_10K_4": {
      "type": "palladium:string_property",
      "property": "nosedeenian_10k_glowcolor_1_color_4"
    },
    "GLOW_10K_5": {
      "type": "palladium:string_property",
      "property": "nosedeenian_10k_glowcolor_1_color_5"
    },
    "GLOW_DEFAULT_1": {
      "type": "palladium:string_property",
      "property": "nosedeenian_default_glowcolor_1_color_1"
    },
    "GLOW_DEFAULT_2": {
      "type": "palladium:string_property",
      "property": "nosedeenian_default_glowcolor_1_color_2"
    },
    "GLOW_DEFAULT_3": {
      "type": "palladium:string_property",
      "property": "nosedeenian_default_glowcolor_1_color_3"
    },
    "GLOW_DEFAULT_4": {
      "type": "palladium:string_property",
      "property": "nosedeenian_default_glowcolor_1_color_4"
    },
    "GLOW_DEFAULT_5": {
      "type": "palladium:string_property",
      "property": "nosedeenian_default_glowcolor_1_color_5"
    }
  },
  "base": "omni_extras:textures/gui/aliens/alien_299/electric_beams_#UNIFORM.png"
}