{
  "type": "minecraft:jigsaw",
  "biomes": [
    "minecraft:plains",
    "minecraft:taiga",
    "minecraft:snowy_taiga",
    "minecraft:lush_caves",
    "minecraft:deep_dark",
    "minecraft:dripstone_caves"
  ],
  "step": "surface_structures",
  "terrain_adaptation": "none",
  "spawn_overrides": {},
  "start_pool": "omni_extras:ruined_galvan_tower",
  "size": 1,
  "start_height": {
    "absolute": -2
  },
  "project_start_to_heightmap": "WORLD_SURFACE_WG",
  "max_distance_from_center": 5,
  "liquid_settings": "ignore_waterlogging",
  "use_expansion_hack": false
}