{
  "type": "minecraft:jigsaw",
  "biomes": [
    "minecraft:ice_spikes",
    "minecraft:frozen_ocean",
    "minecraft:deep_frozen_ocean"
  ],
  "step": "surface_structures",
  "terrain_adaptation": "none",
  "spawn_overrides": {},
  "start_pool": "omni_extras:xylene_landing",
  "size": 1,
  "start_height": {
    "absolute": -2
  },
  "project_start_to_heightmap": "WORLD_SURFACE_WG",
  "max_distance_from_center": 5,
  "liquid_settings": "ignore_waterlogging",
  "use_expansion_hack": false
}