{
	"format_version": "1.12.0",
	"minecraft:geometry": [
		{
			"description": {
				"identifier": "geometry.Waterhazard",
				"texture_width": 128,
				"texture_height": 128,
				"visible_bounds_width": 3,
				"visible_bounds_height": 3.5,
				"visible_bounds_offset": [0, 1.25, 0]
			},
			"bones": [
				{
					"name": "armorHead",
					"pivot": [0, 33.78946, 0.6421],
					"cubes": [
						{
							"origin": [-3, 32.98325, -2.64275],
							"size": [6, 3.1, 6.1],
							"inflate": 0.1,
							"pivot": [0, 36.48325, 1.45725],
							"rotation": [7.5, 0, 0],
							"uv": {
								"north": {"uv": [59, 54], "uv_size": [6, 3]},
								"east": {"uv": [62, 60], "uv_size": [-6, 3]},
								"south": {"uv": [41, 60], "uv_size": [6, 3]},
								"west": {"uv": [56, 60], "uv_size": [6, 3]},
								"up": {"uv": [6, 40], "uv_size": [6, 6]},
								"down": {"uv": [12, 46], "uv_size": [6, -6]}
							}
						},
						{
							"origin": [-1.8, 33.18325, -2.84275],
							"size": [3.5, 1.5, 5.3],
							"inflate": 0.1,
							"pivot": [0, 34.28325, 0.30725],
							"rotation": [35.5, 0, 0],
							"uv": {
								"north": {"uv": [90, 34], "uv_size": [4, 2]},
								"east": {"uv": [65, 56], "uv_size": [6, 1]},
								"south": {"uv": [66, 57], "uv_size": [4, 1]},
								"west": {"uv": [26, 66], "uv_size": [6, 1]},
								"up": {"uv": [0, 57], "uv_size": [4, 6]},
								"down": {"uv": [57, 16], "uv_size": [4, -6]}
							}
						},
						{
							"origin": [1.02105, 34.30521, -2.41],
							"size": [1.6, 0.4, 1.1],
							"inflate": 0.1,
							"pivot": [1.72105, 34.60521, 0.57177],
							"rotation": [7.24721, 1.93597, -14.87739],
							"uv": {
								"north": {"uv": [48, 23], "uv_size": [2, 1]},
								"east": {"uv": [17, 14], "uv_size": [1, 1]},
								"south": {"uv": [53, 31], "uv_size": [2, 1]},
								"west": {"uv": [17, 15], "uv_size": [1, 1]},
								"up": {"uv": [56, 19], "uv_size": [2, 1]},
								"down": {"uv": [42, 58], "uv_size": [2, -1]}
							}
						},
						{
							"origin": [1.22105, 34.50521, -2.412],
							"size": [1.2, 0, 0],
							"inflate": 0.1,
							"pivot": [1.72105, 34.60521, 0.57177],
							"rotation": [7.24721, 1.93597, -14.87739],
							"uv": {
								"north": {"uv": [94, 24], "uv_size": [2, 1]},
								"east": {"uv": [0, 0], "uv_size": [0, 1]},
								"south": {"uv": [17, 25], "uv_size": [1, 1]},
								"west": {"uv": [0, 0], "uv_size": [0, 1]},
								"up": {"uv": [0, 0], "uv_size": [1, 0]},
								"down": {"uv": [0, 0], "uv_size": [1, 0]}
							}
						},
						{
							"origin": [1.95056, 33.6228, -2.38336],
							"size": [0.9, 0.2, 1.1],
							"inflate": 0.1,
							"pivot": [2.38772, 33.72492, -2.11588],
							"rotation": [7.5, 0, 0],
							"uv": {
								"north": {"uv": [48, 23], "uv_size": [2, 1]},
								"east": {"uv": [17, 14], "uv_size": [1, 1]},
								"south": {"uv": [53, 31], "uv_size": [2, 1]},
								"west": {"uv": [17, 15], "uv_size": [1, 1]},
								"up": {"uv": [56, 19], "uv_size": [2, 1]},
								"down": {"uv": [42, 58], "uv_size": [2, -1]}
							}
						},
						{
							"origin": [-2.62489, 33.72702, -2.39863],
							"size": [0.5, 0, 0],
							"inflate": 0.1,
							"pivot": [0.01289, 33.7266, -2.1161],
							"rotation": [7.5, 0, 0],
							"uv": {
								"north": {"uv": [96, 24], "uv_size": [-2, 1]},
								"east": {"uv": [0, 0], "uv_size": [0, 1]},
								"south": {"uv": [18, 25], "uv_size": [-1, 1]},
								"west": {"uv": [0, 0], "uv_size": [0, 1]},
								"up": {"uv": [1, 0], "uv_size": [-1, 0]},
								"down": {"uv": [1, 0], "uv_size": [-1, 0]}
							}
						},
						{
							"origin": [-2.85056, 33.6228, -2.38336],
							"size": [0.9, 0.2, 1.1],
							"inflate": 0.1,
							"pivot": [-2.38772, 33.72492, -2.11588],
							"rotation": [7.5, 0, 0],
							"uv": {
								"north": {"uv": [50, 23], "uv_size": [-2, 1]},
								"east": {"uv": [18, 15], "uv_size": [-1, 1]},
								"south": {"uv": [55, 31], "uv_size": [-2, 1]},
								"west": {"uv": [18, 14], "uv_size": [-1, 1]},
								"up": {"uv": [58, 19], "uv_size": [-2, 1]},
								"down": {"uv": [44, 58], "uv_size": [-2, -1]}
							}
						},
						{
							"origin": [2.12489, 33.72704, -2.39841],
							"size": [0.5, 0, 0],
							"inflate": 0.1,
							"pivot": [2.38772, 33.72492, -2.11588],
							"rotation": [7.5, 0, 0],
							"uv": {
								"north": {"uv": [94, 24], "uv_size": [2, 1]},
								"east": {"uv": [0, 0], "uv_size": [0, 1]},
								"south": {"uv": [17, 25], "uv_size": [1, 1]},
								"west": {"uv": [0, 0], "uv_size": [0, 1]},
								"up": {"uv": [0, 0], "uv_size": [1, 0]},
								"down": {"uv": [0, 0], "uv_size": [1, 0]}
							}
						},
						{
							"origin": [-2.62105, 34.30521, -2.41],
							"size": [1.6, 0.4, 1.1],
							"inflate": 0.1,
							"pivot": [-1.72105, 34.60521, 0.57177],
							"rotation": [7.24721, -1.93597, 14.87739],
							"uv": {
								"north": {"uv": [58, 27], "uv_size": [2, 1]},
								"east": {"uv": [37, 13], "uv_size": [1, 1]},
								"south": {"uv": [35, 59], "uv_size": [2, 1]},
								"west": {"uv": [42, 17], "uv_size": [1, 1]},
								"up": {"uv": [63, 9], "uv_size": [2, 1]},
								"down": {"uv": [21, 68], "uv_size": [2, -1]}
							}
						},
						{
							"origin": [-2.42105, 34.50521, -2.412],
							"size": [1.2, 0, 0],
							"inflate": 0.1,
							"pivot": [-1.72105, 34.60521, 0.57177],
							"rotation": [7.24721, -1.93597, 14.87739],
							"uv": {
								"north": {"uv": [96, 24], "uv_size": [-2, 1]},
								"east": {"uv": [0, 0], "uv_size": [0, 1]},
								"south": {"uv": [17, 27], "uv_size": [1, 1]},
								"west": {"uv": [0, 0], "uv_size": [0, 1]},
								"up": {"uv": [0, 0], "uv_size": [1, 0]},
								"down": {"uv": [0, 0], "uv_size": [1, 0]}
							}
						}
					]
				},
				{
					"name": "armorBody",
					"pivot": [0, 27.03595, 2.22687],
					"cubes": [
						{
							"origin": [-5.1, 23.90134, -1.84767],
							"size": [10.2, 6.8, 7.1],
							"inflate": 0.1,
							"pivot": [0, 27.20134, 1.70233],
							"rotation": [-17.5, 0, 0],
							"uv": {
								"north": {"uv": [17, 0], "uv_size": [10, 7]},
								"east": {"uv": [36, 21], "uv_size": [7, 7]},
								"south": {"uv": [17, 7], "uv_size": [10, 7]},
								"west": {"uv": [36, 28], "uv_size": [7, 7]},
								"up": {"uv": [18, 14], "uv_size": [10, 7]},
								"down": {"uv": [18, 28], "uv_size": [10, -7]}
							}
						},
						{
							"origin": [2.2, 28.0485, -1.96212],
							"size": [1.6, 0.1, 0],
							"inflate": 0.1,
							"pivot": [2.975, 27.92625, -1.88178],
							"rotation": [-16.73634, -5.188, -16.73634],
							"uv": {
								"north": {"uv": [19, 91], "uv_size": [4.2, 2]}
							}
						},
						{
							"origin": [-4.4, 27.50401, -1.80144],
							"size": [2.7, 1, 0],
							"inflate": 0.1,
							"pivot": [-2.975, 27.92625, -1.88178],
							"rotation": [-16.73634, 5.188, 16.73634],
							"uv": {
								"north": {"uv": [31.2, 84], "uv_size": [-7.2, 2.9]}
							}
						},
						{
							"origin": [-3.8, 28.0485, -1.96212],
							"size": [1.6, 0.1, 0],
							"inflate": 0.1,
							"pivot": [-2.975, 27.92625, -1.88178],
							"rotation": [-16.73634, 5.188, 16.73634],
							"uv": {
								"north": {"uv": [23.2, 91], "uv_size": [-4.2, 2]}
							}
						},
						{
							"origin": [1.7, 27.50401, -1.80144],
							"size": [2.7, 1, 0],
							"inflate": 0.1,
							"pivot": [2.975, 27.92625, -1.88178],
							"rotation": [-16.73634, -5.188, -16.73634],
							"uv": {
								"north": {"uv": [24, 84], "uv_size": [7.2, 2.9]}
							}
						},
						{
							"origin": [1.8, 30.20134, -4.14767],
							"size": [2, 4.3, 2.1],
							"inflate": 0.1,
							"pivot": [-0.2, 30.00134, -1.59767],
							"rotation": [-63.49069, -11.00072, 10.26078],
							"uv": {
								"north": {"uv": [8, 31], "uv_size": [2, 4]},
								"east": {"uv": [42, 53], "uv_size": [2, 4]},
								"south": {"uv": [13, 65], "uv_size": [2, 4]},
								"west": {"uv": [65, 21], "uv_size": [2, 4]},
								"up": {"uv": [6, 38], "uv_size": [2, 2]},
								"down": {"uv": [60, 67], "uv_size": [2, -2]}
							}
						},
						{
							"origin": [-3.8, 29.90134, -4.14767],
							"size": [2, 4.3, 2.1],
							"inflate": 0.1,
							"pivot": [0.2, 29.70134, -1.59767],
							"rotation": [-63.49069, 11.00072, -10.26078],
							"uv": {
								"north": {"uv": [24, 65], "uv_size": [2, 4]},
								"east": {"uv": [65, 33], "uv_size": [2, 4]},
								"south": {"uv": [65, 37], "uv_size": [2, 4]},
								"west": {"uv": [49, 65], "uv_size": [2, 4]},
								"up": {"uv": [66, 58], "uv_size": [2, 2]},
								"down": {"uv": [64, 68], "uv_size": [2, -2]}
							}
						},
						{
							"origin": [-5, 29.60134, -0.84767],
							"size": [10, 2.1, 7.01],
							"inflate": 0.1,
							"uv": {
								"north": {"uv": [58, 25], "uv_size": [10, 2]},
								"east": {"uv": [61, 14], "uv_size": [7, 2]},
								"south": {"uv": [37, 58], "uv_size": [10, 2]},
								"west": {"uv": [61, 27], "uv_size": [7, 2]},
								"up": {"uv": [0, 24], "uv_size": [10, 7]},
								"down": {"uv": [27, 7], "uv_size": [10, -7]}
							}
						},
						{
							"origin": [-5.0185, 33.00134, -0.84767],
							"size": [10.02, 2.1, 7],
							"inflate": 0.1,
							"pivot": [0, 34.05134, 2.65233],
							"rotation": [35, 0, 0],
							"uv": {
								"east": {"uv": [61, 29], "uv_size": [7, 2]},
								"south": {"uv": [56, 58], "uv_size": [10, 2]},
								"west": {"uv": [68, 29], "uv_size": [-7, 2]},
								"down": {"uv": [27, 14], "uv_size": [10, -7]}
							}
						},
						{
							"origin": [-5.009, 31.00134, -0.84767],
							"size": [10.01, 4.1, 7],
							"inflate": 0.1,
							"uv": {
								"east": {"uv": [10, 24], "uv_size": [7, 4]},
								"south": {"uv": [38, 13], "uv_size": [10, 4]},
								"west": {"uv": [17, 24], "uv_size": [-7, 4]}
							}
						},
						{
							"origin": [-5.028, 33.00134, -0.84767],
							"size": [10.03, 3.1, 7],
							"inflate": 0.1,
							"pivot": [0, 34.05134, 2.65233],
							"rotation": [70, 0, 0],
							"uv": {
								"east": {"uv": [58, 19], "uv_size": [7, 3]},
								"south": {"uv": [48, 20], "uv_size": [10, 3]},
								"west": {"uv": [65, 19], "uv_size": [-7, 3]}
							}
						},
						{
							"origin": [-5.03, 32.47235, -2.31752],
							"size": [10.04, 5, 7],
							"inflate": 0.1,
							"pivot": [0, 34.22235, 1.18248],
							"rotation": [107.5, 0, 0],
							"uv": {
								"east": {"uv": [50, 29], "uv_size": [-7, 5]},
								"south": {"uv": [18, 35], "uv_size": [10, 5]},
								"west": {"uv": [43, 29], "uv_size": [7, 5]},
								"up": {"uv": [70, 0], "uv_size": [16, 10]},
								"down": {"uv": [28, 21], "uv_size": [10, -7]}
							}
						},
						{
							"origin": [-4.9, 32.47235, -2.31752],
							"size": [9.8, 5, 6.9],
							"inflate": 0.1,
							"pivot": [0, 34.22235, 1.18248],
							"rotation": [107.5, 0, 0],
							"uv": {
								"east": {"uv": [111, 19], "uv_size": [7, 5]},
								"south": {"uv": [104, 44], "uv_size": [10, 5]},
								"west": {"uv": [85, 39], "uv_size": [7, 5]},
								"down": {"uv": [28, 21], "uv_size": [10, -7]}
							}
						},
						{
							"origin": [-4.4, 23.41866, -1.22835],
							"size": [8.8, 5.7, 6],
							"inflate": 0.1,
							"pivot": [0, 27.86866, 1.77165],
							"rotation": [-12.5, 0, 0],
							"uv": {
								"north": {"uv": [28, 28], "uv_size": [8, 7]},
								"east": {"uv": [37, 6], "uv_size": [6, 7]},
								"south": {"uv": [0, 31], "uv_size": [8, 7]},
								"west": {"uv": [0, 38], "uv_size": [6, 7]},
								"up": {"uv": [0, 10], "uv_size": [8, 6]},
								"down": {"uv": [37, 6], "uv_size": [8, -6]}
							}
						},
						{
							"origin": [-3.8, 17.6, -0.375],
							"size": [7.6, 7.6, 3.9],
							"inflate": 0.1,
							"uv": {
								"north": {"uv": [28, 35], "uv_size": [7, 7]},
								"east": {"uv": [28, 40], "uv_size": [-5, 7]},
								"south": {"uv": [35, 35], "uv_size": [7, 7]},
								"west": {"uv": [23, 40], "uv_size": [5, 7]},
								"down": {"uv": [12, 78], "uv_size": [-5, -7]}
							}
						},
						{
							"origin": [-4, 19.9, -0.575],
							"size": [8, 1, 4.3],
							"inflate": 0.1,
							"pivot": [0, 20.4, 1.575],
							"rotation": [5, 0, 0],
							"uv": {
								"north": {"uv": [14, 75], "uv_size": [8, 1]},
								"east": {"uv": [18, 78], "uv_size": [5, 1]},
								"south": {"uv": [26, 75], "uv_size": [8, 1]},
								"west": {"uv": [18, 78], "uv_size": [4.6, 1]}
							}
						},
						{
							"origin": [-1, 27.03595, 1.22687],
							"size": [2, 2, 2],
							"uv": {
								"north": {"uv": [0, 0], "uv_size": [2, 2]},
								"east": {"uv": [0, 0], "uv_size": [2, 2]},
								"south": {"uv": [0, 0], "uv_size": [2, 2]},
								"west": {"uv": [0, 0], "uv_size": [2, 2]},
								"up": {"uv": [2, 2], "uv_size": [-2, -2]},
								"down": {"uv": [2, 2], "uv_size": [-2, -2]}
							}
						}
					]
				},
				{
					"name": "armorLeftArm",
					"pivot": [7, 28.9, 1.75],
					"cubes": [
						{
							"origin": [4.53684, 16.69564, -1.33905],
							"size": [2.3, 10, 3],
							"inflate": 0.3,
							"pivot": [-5.76653, 30.9663, 0.26239],
							"rotation": [7.978, -1.68, -12.5831],
							"uv": {
								"north": {"uv": [25, 47], "uv_size": [3, 10]},
								"east": {"uv": [48, 0], "uv_size": [3, 10]},
								"south": {"uv": [48, 10], "uv_size": [3, 10]},
								"west": {"uv": [48, 34], "uv_size": [3, 10]},
								"up": {"uv": [32, 64], "uv_size": [3, 3]}
							}
						},
						{
							"origin": [4.51562, 24.22104, -0.87527],
							"size": [5.5, 7, 5.6],
							"inflate": 0.3,
							"pivot": [7.76562, 27.82104, 2.82473],
							"rotation": [-7.00665, 1.7432, 14.70709],
							"uv": {
								"north": {"uv": [0, 77], "uv_size": [5, 7]},
								"east": {"uv": [12, 78], "uv_size": [5.6, 5.8]},
								"south": {"uv": [5, 77], "uv_size": [-5, 7]},
								"west": {"uv": [10, 85], "uv_size": [6, 7]},
								"up": {"uv": [5, 85], "uv_size": [4.9, 7]},
								"down": {"uv": [0, 0], "uv_size": [0, 0]}
							}
						},
						{
							"origin": [9.00826, 30.2651, 1.13488],
							"size": [2.1, 1, 2.1],
							"inflate": 0.3,
							"pivot": [10.05826, 30.9901, 2.18488],
							"rotation": [-5.54401, 5.05904, 32.25489],
							"uv": {
								"north": {"uv": [35, 80], "uv_size": [3, 3]},
								"east": {"uv": [35, 80], "uv_size": [3, 3]},
								"south": {"uv": [35, 80], "uv_size": [3, 3]},
								"west": {"uv": [35, 80], "uv_size": [3, 3]},
								"up": {"uv": [27, 94], "uv_size": [-3, -3]},
								"down": {"uv": [0, 0], "uv_size": [0, 0]}
							}
						},
						{
							"origin": [8.70826, 30.9151, 0.83488],
							"size": [2.7, 0, 2.7],
							"inflate": 0.3,
							"pivot": [10.05826, 30.9901, 2.18488],
							"rotation": [5.54401, -5.05904, -147.74511],
							"uv": {
								"north": {"uv": [32, 85], "uv_size": [3, 3]},
								"east": {"uv": [35, 80], "uv_size": [3, 3]},
								"south": {"uv": [35, 80], "uv_size": [3, 3]},
								"west": {"uv": [35, 80], "uv_size": [3, 3]},
								"up": {"uv": [34, 92], "uv_size": [-3, -3]},
								"down": {"uv": [0, 0], "uv_size": [0, 0]}
							}
						},
						{
							"origin": [9.00826, 30.0651, 1.13488],
							"size": [2.1, 2, 2.1],
							"inflate": 0.3,
							"pivot": [10.05826, 30.9901, 2.18488],
							"rotation": [-5.54401, 5.05904, 32.25489],
							"uv": {
								"north": {"uv": [39, 87], "uv_size": [3, 3]},
								"east": {"uv": [39, 87], "uv_size": [3, 3]},
								"south": {"uv": [39, 87], "uv_size": [3, 3]},
								"west": {"uv": [39, 87], "uv_size": [3, 3]},
								"up": {"uv": [34, 92], "uv_size": [-3, -3]},
								"down": {"uv": [0, 0], "uv_size": [0, 0]}
							}
						},
						{
							"origin": [8.80826, 30.2651, 0.93488],
							"size": [2.5, 1.6, 2.5],
							"inflate": 0.3,
							"pivot": [10.05826, 30.9901, 2.18488],
							"rotation": [-5.54401, 5.05904, 32.25489],
							"uv": {
								"north": {"uv": [32, 85], "uv_size": [3, 3]},
								"east": {"uv": [35, 80], "uv_size": [3, 3]},
								"south": {"uv": [35, 80], "uv_size": [3, 3]},
								"west": {"uv": [35, 80], "uv_size": [3, 3]},
								"up": {"uv": [34, 92], "uv_size": [-3, -3]},
								"down": {"uv": [0, 0], "uv_size": [0, 0]}
							}
						},
						{
							"origin": [8.90826, 30.0651, 1.03488],
							"size": [2.3, 2.3, 2.3],
							"inflate": 0.3,
							"pivot": [10.05826, 30.9901, 2.18488],
							"rotation": [-5.54401, 5.05904, 32.25489],
							"uv": {
								"north": {"uv": [35, 80], "uv_size": [3, 3]},
								"east": {"uv": [35, 80], "uv_size": [3, 3]},
								"south": {"uv": [35, 80], "uv_size": [3, 3]},
								"west": {"uv": [35, 80], "uv_size": [3, 3]},
								"up": {"uv": [34, 92], "uv_size": [-3, -3]},
								"down": {"uv": [0, 0], "uv_size": [0, 0]}
							}
						},
						{
							"origin": [9.97986, 30.01516, -1.45643],
							"size": [0.70248, 0.17184, 0.70248],
							"inflate": 0.3,
							"pivot": [10.3311, 30.20962, -1.10519],
							"rotation": [65.96499, 22.08874, 88.16609],
							"uv": {
								"north": {"uv": [38, 80], "uv_size": [-3, 3]},
								"east": {"uv": [38, 80], "uv_size": [-3, 3]},
								"south": {"uv": [38, 80], "uv_size": [-3, 3]},
								"west": {"uv": [38, 80], "uv_size": [-3, 3]},
								"up": {"uv": [27, 91], "uv_size": [-3, 3]},
								"down": {"uv": [0, 0], "uv_size": [0, 0]}
							}
						},
						{
							"origin": [9.83514, 30.32872, -1.60115],
							"size": [0.99192, -0.26232, 0.99192],
							"inflate": 0.3,
							"pivot": [10.3311, 30.20962, -1.10519],
							"rotation": [-65.96499, -22.08874, -91.83391],
							"uv": {
								"north": {"uv": [38, 80], "uv_size": [-3, 3]},
								"east": {"uv": [38, 80], "uv_size": [-3, 3]},
								"south": {"uv": [35, 85], "uv_size": [-3, 3]},
								"west": {"uv": [38, 80], "uv_size": [-3, 3]},
								"up": {"uv": [34, 89], "uv_size": [-3, 3]},
								"down": {"uv": [0, 0], "uv_size": [0, 0]}
							}
						},
						{
							"origin": [9.97986, 29.91868, -1.45643],
							"size": [0.70248, 0.65424, 0.70248],
							"inflate": 0.3,
							"pivot": [10.3311, 30.20962, -1.10519],
							"rotation": [65.96499, 22.08874, 88.16609],
							"uv": {
								"north": {"uv": [42, 87], "uv_size": [-3, 3]},
								"east": {"uv": [42, 87], "uv_size": [-3, 3]},
								"south": {"uv": [42, 87], "uv_size": [-3, 3]},
								"west": {"uv": [42, 87], "uv_size": [-3, 3]},
								"up": {"uv": [34, 89], "uv_size": [-3, 3]},
								"down": {"uv": [0, 0], "uv_size": [0, 0]}
							}
						},
						{
							"origin": [9.88338, 30.21616, -1.55291],
							"size": [0.89544, 0.26028, 0.89544],
							"inflate": 0.3,
							"pivot": [10.3311, 30.20962, -1.10519],
							"rotation": [65.96499, 22.08874, 88.16609],
							"uv": {
								"north": {"uv": [38, 80], "uv_size": [-3, 3]},
								"east": {"uv": [38, 80], "uv_size": [-3, 3]},
								"south": {"uv": [35, 85], "uv_size": [-3, 3]},
								"west": {"uv": [38, 80], "uv_size": [-3, 3]},
								"up": {"uv": [34, 89], "uv_size": [-3, 3]},
								"down": {"uv": [0, 0], "uv_size": [0, 0]}
							}
						},
						{
							"origin": [9.93162, 29.91868, -1.50467],
							"size": [0.79896, 0.79896, 0.79896],
							"inflate": 0.3,
							"pivot": [10.3311, 30.20962, -1.10519],
							"rotation": [65.96499, 22.08874, 88.16609],
							"uv": {
								"north": {"uv": [38, 80], "uv_size": [-3, 3]},
								"east": {"uv": [38, 80], "uv_size": [-3, 3]},
								"south": {"uv": [38, 80], "uv_size": [-3, 3]},
								"west": {"uv": [38, 80], "uv_size": [-3, 3]},
								"up": {"uv": [34, 89], "uv_size": [-3, 3]},
								"down": {"uv": [0, 0], "uv_size": [0, 0]}
							}
						},
						{
							"origin": [9.97986, 29.31516, 5.25395],
							"size": [0.70248, 0.17184, 0.70248],
							"inflate": 0.3,
							"pivot": [10.3311, 29.50962, 5.60519],
							"rotation": [-65.96499, -22.08874, 88.16609],
							"uv": {
								"north": {"uv": [35, 80], "uv_size": [3, 3]},
								"east": {"uv": [35, 80], "uv_size": [3, 3]},
								"south": {"uv": [35, 80], "uv_size": [3, 3]},
								"west": {"uv": [35, 80], "uv_size": [3, 3]},
								"up": {"uv": [27, 94], "uv_size": [-3, -3]},
								"down": {"uv": [0, 0], "uv_size": [0, 0]}
							}
						},
						{
							"origin": [9.83514, 29.62872, 5.10923],
							"size": [0.99192, -0.26232, 0.99192],
							"inflate": 0.3,
							"pivot": [10.3311, 29.50962, 5.60519],
							"rotation": [65.96499, 22.08874, -91.83391],
							"uv": {
								"north": {"uv": [32, 85], "uv_size": [3, 3]},
								"east": {"uv": [35, 80], "uv_size": [3, 3]},
								"south": {"uv": [35, 80], "uv_size": [3, 3]},
								"west": {"uv": [35, 80], "uv_size": [3, 3]},
								"up": {"uv": [34, 92], "uv_size": [-3, -3]},
								"down": {"uv": [0, 0], "uv_size": [0, 0]}
							}
						},
						{
							"origin": [9.97986, 29.21868, 5.25395],
							"size": [0.70248, 0.65424, 0.70248],
							"inflate": 0.3,
							"pivot": [10.3311, 29.50962, 5.60519],
							"rotation": [-65.96499, -22.08874, 88.16609],
							"uv": {
								"north": {"uv": [39, 87], "uv_size": [3, 3]},
								"east": {"uv": [39, 87], "uv_size": [3, 3]},
								"south": {"uv": [39, 87], "uv_size": [3, 3]},
								"west": {"uv": [39, 87], "uv_size": [3, 3]},
								"up": {"uv": [34, 92], "uv_size": [-3, -3]},
								"down": {"uv": [0, 0], "uv_size": [0, 0]}
							}
						},
						{
							"origin": [9.88338, 29.51616, 5.15747],
							"size": [0.89544, 0.26028, 0.89544],
							"inflate": 0.3,
							"pivot": [10.3311, 29.50962, 5.60519],
							"rotation": [-65.96499, -22.08874, 88.16609],
							"uv": {
								"north": {"uv": [32, 85], "uv_size": [3, 3]},
								"east": {"uv": [35, 80], "uv_size": [3, 3]},
								"south": {"uv": [35, 80], "uv_size": [3, 3]},
								"west": {"uv": [35, 80], "uv_size": [3, 3]},
								"up": {"uv": [34, 92], "uv_size": [-3, -3]},
								"down": {"uv": [0, 0], "uv_size": [0, 0]}
							}
						},
						{
							"origin": [9.93162, 29.21868, 5.20571],
							"size": [0.79896, 0.79896, 0.79896],
							"inflate": 0.3,
							"pivot": [10.3311, 29.50962, 5.60519],
							"rotation": [-65.96499, -22.08874, 88.16609],
							"uv": {
								"north": {"uv": [35, 80], "uv_size": [3, 3]},
								"east": {"uv": [35, 80], "uv_size": [3, 3]},
								"south": {"uv": [35, 80], "uv_size": [3, 3]},
								"west": {"uv": [35, 80], "uv_size": [3, 3]},
								"up": {"uv": [34, 92], "uv_size": [-3, -3]},
								"down": {"uv": [0, 0], "uv_size": [0, 0]}
							}
						},
						{
							"origin": [6.30225, 13.39833, -0.49605],
							"size": [5, 7, 5],
							"inflate": -0.05,
							"pivot": [8.80225, 16.89833, 2.00395],
							"rotation": [-7.1971, -2.3668, -7.6274],
							"uv": {
								"north": {"uv": [28, 42], "uv_size": [5, 7]},
								"east": {"uv": [33, 42], "uv_size": [5, 7]},
								"south": {"uv": [42, 35], "uv_size": [5, 7]},
								"west": {"uv": [38, 42], "uv_size": [5, 7]},
								"up": {"uv": [51, 32], "uv_size": [5, 5]}
							}
						},
						{
							"origin": [7.80225, 13.89833, 1.90395],
							"size": [5, 7, 0],
							"inflate": -0.05,
							"pivot": [10.30225, 17.39833, 2.40395],
							"rotation": [-6.9132, 3.10241, 34.5363],
							"uv": {
								"south": {"uv": [43, 17], "uv_size": [5, 7]}
							}
						},
						{
							"origin": [8.90225, 17.09833, 3.90395],
							"size": [3, 4, 0],
							"inflate": -0.05,
							"pivot": [9.40225, 19.59833, 4.40395],
							"rotation": [-31.74754, -33.33193, 29.20615],
							"uv": {
								"south": {"uv": [43, 17], "uv_size": [5, 7]}
							}
						},
						{
							"origin": [9.20225, 17.59833, 0.79605],
							"size": [3, 4, 0],
							"inflate": -0.05,
							"pivot": [9.70225, 20.09833, 0.29605],
							"rotation": [17.66404, 34.12355, 26.35473],
							"uv": {
								"north": {"uv": [48, 17], "uv_size": [-5, 7]}
							}
						},
						{
							"origin": [6.71808, 12.64283, -1.02672],
							"size": [5, 2, 5],
							"inflate": -0.201,
							"pivot": [2.50704, 13.21286, 1.66688],
							"rotation": [-4.8935, -0.6666, 2.9107],
							"uv": {
								"north": {"uv": [51, 18], "uv_size": [5, 2]},
								"south": {"uv": [56, 63], "uv_size": [5, 2]},
								"west": {"uv": [64, 16], "uv_size": [5, 2]}
							}
						},
						{"origin": [6.13071, 12.6322, -1.13575], "size": [2, 3, 2], "inflate": -0.2, "pivot": [3.42988, 13.09164, 1.48285], "rotation": [-4.9349, 0.1922, 12.8739], "uv": [0, 0]},
						{
							"origin": [6.71808, 10.14283, -1.02672],
							"size": [5, 5, 5],
							"inflate": -0.401,
							"pivot": [2.50704, 13.21286, 1.66688],
							"rotation": [-4.8935, -0.6666, 2.9107],
							"uv": {
								"north": {"uv": [51, 37], "uv_size": [5, 5]},
								"east": {"uv": [51, 42], "uv_size": [5, 5]},
								"south": {"uv": [51, 47], "uv_size": [5, 5]},
								"west": {"uv": [0, 52], "uv_size": [5, 5]},
								"down": {"uv": [51, 57], "uv_size": [5, -5]}
							}
						}
					]
				},
				{
					"name": "armorRightArm",
					"pivot": [-6.75, 28.9, 1.75],
					"cubes": [
						{
							"origin": [-6.83684, 16.69564, -1.33905],
							"size": [2.3, 10, 3],
							"inflate": 0.3,
							"pivot": [5.76653, 30.9663, 0.26239],
							"rotation": [7.978, 1.68, 12.5831],
							"uv": {
								"north": {"uv": [28, 47], "uv_size": [-3, 10]},
								"east": {"uv": [51, 34], "uv_size": [-3, 10]},
								"south": {"uv": [51, 10], "uv_size": [-3, 10]},
								"west": {"uv": [51, 0], "uv_size": [-3, 10]},
								"up": {"uv": [35, 64], "uv_size": [-3, 3]}
							}
						},
						{
							"origin": [-10.01562, 24.22104, -0.87527],
							"size": [5.5, 7, 5.6],
							"inflate": 0.3,
							"pivot": [-7.76562, 27.82104, 2.82473],
							"rotation": [-7.00665, -1.7432, -14.70709],
							"uv": {
								"north": {"uv": [5, 77], "uv_size": [-5, 7]},
								"east": {"uv": [16, 85], "uv_size": [-6, 7]},
								"south": {"uv": [0, 77], "uv_size": [5, 7]},
								"west": {"uv": [17.6, 78], "uv_size": [-5.6, 5.8]},
								"up": {"uv": [9.9, 85], "uv_size": [-4.9, 7]},
								"down": {"uv": [0, 0], "uv_size": [0, 0]}
							}
						},
						{
							"origin": [-11.10826, 30.2651, 1.13488],
							"size": [2.1, 1, 2.1],
							"inflate": 0.3,
							"pivot": [-10.05826, 30.9901, 2.18488],
							"rotation": [-5.54401, -5.05904, -32.25489],
							"uv": {
								"north": {"uv": [38, 80], "uv_size": [-3, 3]},
								"east": {"uv": [38, 80], "uv_size": [-3, 3]},
								"south": {"uv": [38, 80], "uv_size": [-3, 3]},
								"west": {"uv": [38, 80], "uv_size": [-3, 3]},
								"up": {"uv": [24, 94], "uv_size": [3, -3]},
								"down": {"uv": [0, 0], "uv_size": [0, 0]}
							}
						},
						{
							"origin": [-11.40826, 30.9151, 0.83488],
							"size": [2.7, 0, 2.7],
							"inflate": 0.3,
							"pivot": [-10.05826, 30.9901, 2.18488],
							"rotation": [5.54401, 5.05904, 147.74511],
							"uv": {
								"north": {"uv": [35, 85], "uv_size": [-3, 3]},
								"east": {"uv": [38, 80], "uv_size": [-3, 3]},
								"south": {"uv": [38, 80], "uv_size": [-3, 3]},
								"west": {"uv": [38, 80], "uv_size": [-3, 3]},
								"up": {"uv": [31, 92], "uv_size": [3, -3]},
								"down": {"uv": [0, 0], "uv_size": [0, 0]}
							}
						},
						{
							"origin": [-11.10826, 30.0651, 1.13488],
							"size": [2.1, 2, 2.1],
							"inflate": 0.3,
							"pivot": [-10.05826, 30.9901, 2.18488],
							"rotation": [-5.54401, -5.05904, -32.25489],
							"uv": {
								"north": {"uv": [42, 87], "uv_size": [-3, 3]},
								"east": {"uv": [42, 87], "uv_size": [-3, 3]},
								"south": {"uv": [42, 87], "uv_size": [-3, 3]},
								"west": {"uv": [42, 87], "uv_size": [-3, 3]},
								"up": {"uv": [31, 92], "uv_size": [3, -3]},
								"down": {"uv": [0, 0], "uv_size": [0, 0]}
							}
						},
						{
							"origin": [-11.30826, 30.2651, 0.93488],
							"size": [2.5, 1.6, 2.5],
							"inflate": 0.3,
							"pivot": [-10.05826, 30.9901, 2.18488],
							"rotation": [-5.54401, -5.05904, -32.25489],
							"uv": {
								"north": {"uv": [35, 85], "uv_size": [-3, 3]},
								"east": {"uv": [38, 80], "uv_size": [-3, 3]},
								"south": {"uv": [38, 80], "uv_size": [-3, 3]},
								"west": {"uv": [38, 80], "uv_size": [-3, 3]},
								"up": {"uv": [31, 92], "uv_size": [3, -3]},
								"down": {"uv": [0, 0], "uv_size": [0, 0]}
							}
						},
						{
							"origin": [-11.20826, 30.0651, 1.03488],
							"size": [2.3, 2.3, 2.3],
							"inflate": 0.3,
							"pivot": [-10.05826, 30.9901, 2.18488],
							"rotation": [-5.54401, -5.05904, -32.25489],
							"uv": {
								"north": {"uv": [38, 80], "uv_size": [-3, 3]},
								"east": {"uv": [38, 80], "uv_size": [-3, 3]},
								"south": {"uv": [38, 80], "uv_size": [-3, 3]},
								"west": {"uv": [38, 80], "uv_size": [-3, 3]},
								"up": {"uv": [31, 92], "uv_size": [3, -3]},
								"down": {"uv": [0, 0], "uv_size": [0, 0]}
							}
						},
						{
							"origin": [-10.68234, 30.01516, -1.45643],
							"size": [0.70248, 0.17184, 0.70248],
							"inflate": 0.3,
							"pivot": [-10.3311, 30.20962, -1.10519],
							"rotation": [65.96499, -22.08874, -88.16609],
							"uv": {
								"north": {"uv": [35, 80], "uv_size": [3, 3]},
								"east": {"uv": [35, 80], "uv_size": [3, 3]},
								"south": {"uv": [35, 80], "uv_size": [3, 3]},
								"west": {"uv": [35, 80], "uv_size": [3, 3]},
								"up": {"uv": [24, 91], "uv_size": [3, 3]},
								"down": {"uv": [0, 0], "uv_size": [0, 0]}
							}
						},
						{
							"origin": [-10.82706, 30.32872, -1.60115],
							"size": [0.99192, -0.26232, 0.99192],
							"inflate": 0.3,
							"pivot": [-10.3311, 30.20962, -1.10519],
							"rotation": [-65.96499, 22.08874, 91.83391],
							"uv": {
								"north": {"uv": [35, 80], "uv_size": [3, 3]},
								"east": {"uv": [35, 80], "uv_size": [3, 3]},
								"south": {"uv": [32, 85], "uv_size": [3, 3]},
								"west": {"uv": [35, 80], "uv_size": [3, 3]},
								"up": {"uv": [31, 89], "uv_size": [3, 3]},
								"down": {"uv": [0, 0], "uv_size": [0, 0]}
							}
						},
						{
							"origin": [-10.68234, 29.91868, -1.45643],
							"size": [0.70248, 0.65424, 0.70248],
							"inflate": 0.3,
							"pivot": [-10.3311, 30.20962, -1.10519],
							"rotation": [65.96499, -22.08874, -88.16609],
							"uv": {
								"north": {"uv": [39, 87], "uv_size": [3, 3]},
								"east": {"uv": [39, 87], "uv_size": [3, 3]},
								"south": {"uv": [39, 87], "uv_size": [3, 3]},
								"west": {"uv": [39, 87], "uv_size": [3, 3]},
								"up": {"uv": [31, 89], "uv_size": [3, 3]},
								"down": {"uv": [0, 0], "uv_size": [0, 0]}
							}
						},
						{
							"origin": [-10.77882, 30.21616, -1.55291],
							"size": [0.89544, 0.26028, 0.89544],
							"inflate": 0.3,
							"pivot": [-10.3311, 30.20962, -1.10519],
							"rotation": [65.96499, -22.08874, -88.16609],
							"uv": {
								"north": {"uv": [35, 80], "uv_size": [3, 3]},
								"east": {"uv": [35, 80], "uv_size": [3, 3]},
								"south": {"uv": [32, 85], "uv_size": [3, 3]},
								"west": {"uv": [35, 80], "uv_size": [3, 3]},
								"up": {"uv": [31, 89], "uv_size": [3, 3]},
								"down": {"uv": [0, 0], "uv_size": [0, 0]}
							}
						},
						{
							"origin": [-10.73058, 29.91868, -1.50467],
							"size": [0.79896, 0.79896, 0.79896],
							"inflate": 0.3,
							"pivot": [-10.3311, 30.20962, -1.10519],
							"rotation": [65.96499, -22.08874, -88.16609],
							"uv": {
								"north": {"uv": [35, 80], "uv_size": [3, 3]},
								"east": {"uv": [35, 80], "uv_size": [3, 3]},
								"south": {"uv": [35, 80], "uv_size": [3, 3]},
								"west": {"uv": [35, 80], "uv_size": [3, 3]},
								"up": {"uv": [31, 89], "uv_size": [3, 3]},
								"down": {"uv": [0, 0], "uv_size": [0, 0]}
							}
						},
						{
							"origin": [-10.68234, 29.31516, 5.25395],
							"size": [0.70248, 0.17184, 0.70248],
							"inflate": 0.3,
							"pivot": [-10.3311, 29.50962, 5.60519],
							"rotation": [-65.96499, 22.08874, -88.16609],
							"uv": {
								"north": {"uv": [38, 80], "uv_size": [-3, 3]},
								"east": {"uv": [38, 80], "uv_size": [-3, 3]},
								"south": {"uv": [38, 80], "uv_size": [-3, 3]},
								"west": {"uv": [38, 80], "uv_size": [-3, 3]},
								"up": {"uv": [24, 94], "uv_size": [3, -3]},
								"down": {"uv": [0, 0], "uv_size": [0, 0]}
							}
						},
						{
							"origin": [-10.82706, 29.62872, 5.10923],
							"size": [0.99192, -0.26232, 0.99192],
							"inflate": 0.3,
							"pivot": [-10.3311, 29.50962, 5.60519],
							"rotation": [65.96499, -22.08874, 91.83391],
							"uv": {
								"north": {"uv": [35, 85], "uv_size": [-3, 3]},
								"east": {"uv": [38, 80], "uv_size": [-3, 3]},
								"south": {"uv": [38, 80], "uv_size": [-3, 3]},
								"west": {"uv": [38, 80], "uv_size": [-3, 3]},
								"up": {"uv": [31, 92], "uv_size": [3, -3]},
								"down": {"uv": [0, 0], "uv_size": [0, 0]}
							}
						},
						{
							"origin": [-10.68234, 29.21868, 5.25395],
							"size": [0.70248, 0.65424, 0.70248],
							"inflate": 0.3,
							"pivot": [-10.3311, 29.50962, 5.60519],
							"rotation": [-65.96499, 22.08874, -88.16609],
							"uv": {
								"north": {"uv": [42, 87], "uv_size": [-3, 3]},
								"east": {"uv": [42, 87], "uv_size": [-3, 3]},
								"south": {"uv": [42, 87], "uv_size": [-3, 3]},
								"west": {"uv": [42, 87], "uv_size": [-3, 3]},
								"up": {"uv": [31, 92], "uv_size": [3, -3]},
								"down": {"uv": [0, 0], "uv_size": [0, 0]}
							}
						},
						{
							"origin": [-10.77882, 29.51616, 5.15747],
							"size": [0.89544, 0.26028, 0.89544],
							"inflate": 0.3,
							"pivot": [-10.3311, 29.50962, 5.60519],
							"rotation": [-65.96499, 22.08874, -88.16609],
							"uv": {
								"north": {"uv": [35, 85], "uv_size": [-3, 3]},
								"east": {"uv": [38, 80], "uv_size": [-3, 3]},
								"south": {"uv": [38, 80], "uv_size": [-3, 3]},
								"west": {"uv": [38, 80], "uv_size": [-3, 3]},
								"up": {"uv": [31, 92], "uv_size": [3, -3]},
								"down": {"uv": [0, 0], "uv_size": [0, 0]}
							}
						},
						{
							"origin": [-10.73058, 29.21868, 5.20571],
							"size": [0.79896, 0.79896, 0.79896],
							"inflate": 0.3,
							"pivot": [-10.3311, 29.50962, 5.60519],
							"rotation": [-65.96499, 22.08874, -88.16609],
							"uv": {
								"north": {"uv": [38, 80], "uv_size": [-3, 3]},
								"east": {"uv": [38, 80], "uv_size": [-3, 3]},
								"south": {"uv": [38, 80], "uv_size": [-3, 3]},
								"west": {"uv": [38, 80], "uv_size": [-3, 3]},
								"up": {"uv": [31, 92], "uv_size": [3, -3]},
								"down": {"uv": [0, 0], "uv_size": [0, 0]}
							}
						},
						{
							"origin": [-11.30225, 13.39833, -0.49605],
							"size": [5, 7, 5],
							"inflate": -0.05,
							"pivot": [-8.80225, 16.89833, 2.00395],
							"rotation": [-7.1971, 2.3668, 7.6274],
							"uv": {
								"north": {"uv": [33, 42], "uv_size": [-5, 7]},
								"east": {"uv": [43, 42], "uv_size": [-5, 7]},
								"south": {"uv": [47, 35], "uv_size": [-5, 7]},
								"west": {"uv": [38, 42], "uv_size": [-5, 7]},
								"up": {"uv": [56, 32], "uv_size": [-5, 5]}
							}
						},
						{
							"origin": [-12.80225, 13.89833, 1.90395],
							"size": [5, 7, 0],
							"inflate": -0.05,
							"pivot": [-10.30225, 17.39833, 2.40395],
							"rotation": [-6.9132, -3.10241, -34.5363],
							"uv": {
								"south": {"uv": [48, 17], "uv_size": [-5, 7]}
							}
						},
						{
							"origin": [-11.90225, 17.09833, 3.90395],
							"size": [3, 4, 0],
							"inflate": -0.05,
							"pivot": [-9.40225, 19.59833, 4.40395],
							"rotation": [-31.74754, 33.33193, -29.20615],
							"uv": {
								"south": {"uv": [48, 17], "uv_size": [-5, 7]}
							}
						},
						{
							"origin": [-12.20225, 17.59833, 0.79605],
							"size": [3, 4, 0],
							"inflate": -0.05,
							"pivot": [-9.70225, 20.09833, 0.29605],
							"rotation": [17.66404, -34.12355, -26.35473],
							"uv": {
								"north": {"uv": [43, 17], "uv_size": [5, 7]}
							}
						},
						{
							"origin": [-11.71808, 12.64283, -1.02672],
							"size": [5, 2, 5],
							"inflate": -0.201,
							"pivot": [-2.50704, 13.21286, 1.66688],
							"rotation": [-4.8935, 0.6666, -2.9107],
							"uv": {
								"north": {"uv": [56, 18], "uv_size": [-5, 2]},
								"east": {"uv": [69, 16], "uv_size": [-5, 2]},
								"south": {"uv": [61, 63], "uv_size": [-5, 2]}
							}
						},
						{"origin": [-8.13071, 12.6322, -1.13575], "size": [2, 3, 2], "inflate": -0.2, "pivot": [-3.42988, 13.09164, 1.48285], "rotation": [-4.9349, -0.1922, -12.8739], "uv": [0, 0], "mirror": true},
						{
							"origin": [-11.71808, 10.14283, -1.02672],
							"size": [5, 5, 5],
							"inflate": -0.401,
							"pivot": [-2.50704, 13.21286, 1.66688],
							"rotation": [-4.8935, 0.6666, -2.9107],
							"uv": {
								"north": {"uv": [56, 37], "uv_size": [-5, 5]},
								"east": {"uv": [5, 52], "uv_size": [-5, 5]},
								"south": {"uv": [56, 47], "uv_size": [-5, 5]},
								"west": {"uv": [56, 42], "uv_size": [-5, 5]},
								"down": {"uv": [56, 57], "uv_size": [-5, -5]}
							}
						}
					]
				},
				{
					"name": "armorLeftLeg",
					"pivot": [1.4, 17.73595, 2.22687],
					"cubes": [
						{
							"origin": [1.1, 9.23595, 0.02687],
							"size": [3.3, 8.2, 3.3],
							"inflate": 0.1,
							"pivot": [2.85864, 6.96871, 1.77188],
							"rotation": [0, 0, -2.5],
							"uv": {
								"north": {"uv": [47, 54], "uv_size": [3, 8]},
								"east": {"uv": [56, 34], "uv_size": [3, 8]},
								"south": {"uv": [56, 42], "uv_size": [3, 8]},
								"west": {"uv": [56, 50], "uv_size": [3, 8]},
								"up": {"uv": [51, 6], "uv_size": [-3, 3]},
								"down": {"uv": [7, 68], "uv_size": [3, -3]}
							}
						},
						{
							"origin": [0.8, 10.43595, -0.27313],
							"size": [3.9, 5.2, 3.9],
							"inflate": 0.1,
							"pivot": [2.85864, 6.96871, 1.77188],
							"rotation": [0, 0, -2.5],
							"uv": {
								"north": {"uv": [59, 0], "uv_size": [4, 5]},
								"east": {"uv": [59, 5], "uv_size": [4, 5]},
								"south": {"uv": [27, 59], "uv_size": [4, 5]},
								"west": {"uv": [31, 59], "uv_size": [4, 5]},
								"down": {"uv": [7, 65], "uv_size": [4, -4]}
							}
						},
						{
							"origin": [1.24228, 5.8, 0.0454],
							"size": [3, 4.6, 3.2],
							"inflate": 0.1,
							"pivot": [2.85864, 6.96871, 1.77188],
							"rotation": [0, 0, -2.5],
							"uv": {
								"north": {"uv": [65, 12], "uv_size": [3, 2]},
								"east": {"uv": [51, 65], "uv_size": [3, 2]},
								"south": {"uv": [54, 65], "uv_size": [3, 2]},
								"west": {"uv": [65, 54], "uv_size": [3, 2]},
								"up": {"uv": [0, 0], "uv_size": [0, 0]},
								"down": {"uv": [5, 76], "uv_size": [-3, -4]}
							}
						},
						{
							"origin": [1.58193, -0.08768, -1.95022],
							"size": [3, 2, 5],
							"pivot": [2.85864, 6.96871, 1.77188],
							"rotation": [0, -7.5, 0],
							"uv": {
								"north": {"uv": [57, 65], "uv_size": [3, 2]},
								"east": {"uv": [27, 64], "uv_size": [5, 2]},
								"south": {"uv": [4, 66], "uv_size": [3, 2]},
								"west": {"uv": [64, 31], "uv_size": [5, 2]},
								"up": {"uv": [45, 0], "uv_size": [3, 5]},
								"down": {"uv": [15, 67], "uv_size": [3, -5]}
							}
						},
						{
							"origin": [1.54228, -0.05, 0.5454],
							"size": [2.4, 6.7, 2],
							"pivot": [2.85864, 6.96871, 1.77188],
							"rotation": [0, 0, -2.5],
							"uv": {
								"north": {"uv": [0, 63], "uv_size": [2, 7]},
								"east": {"uv": [63, 0], "uv_size": [2, 7]},
								"south": {"uv": [2, 63], "uv_size": [2, 7]},
								"west": {"uv": [63, 34], "uv_size": [2, 7]}
							}
						},
						{
							"origin": [-1.22509, 0.52146, 2.13649],
							"size": [3, 2.6, 0],
							"inflate": -0.05,
							"pivot": [2.85864, 6.96871, 1.77188],
							"rotation": [-77.59256, 43.65747, -77.7873],
							"uv": {
								"south": {"uv": [43, 17], "uv_size": [5, 7]}
							}
						},
						{
							"origin": [0.1675, 3.60881, 2.08447],
							"size": [2.5, 4.6, 0],
							"inflate": -0.05,
							"pivot": [2.85864, 6.96871, 1.77188],
							"rotation": [77.90654, 44.63498, 79.4998],
							"uv": {
								"south": {"uv": [43, 24], "uv_size": [5, -7]}
							}
						},
						{
							"origin": [1.57685, 2.18987, 2.10382],
							"size": [2.5, 4.6, 0],
							"inflate": -0.05,
							"pivot": [2.85864, 6.96871, 1.77188],
							"rotation": [77.90654, 44.63498, 79.4998],
							"uv": {
								"south": {"uv": [43, 24], "uv_size": [5, -7]}
							}
						}
					]
				},
				{
					"name": "armorRightLeg",
					"pivot": [-2.4, 17.48595, 2.22687],
					"cubes": [
						{
							"origin": [-4.30019, 9.2347, 0.02687],
							"size": [3.3, 8.2, 3.3],
							"inflate": 0.1,
							"pivot": [-2.71259, 6.9631, 1.77188],
							"rotation": [0, 0, 2.5],
							"uv": {
								"north": {"uv": [50, 54], "uv_size": [-3, 8]},
								"east": {"uv": [59, 50], "uv_size": [-3, 8]},
								"south": {"uv": [59, 42], "uv_size": [-3, 8]},
								"west": {"uv": [59, 34], "uv_size": [-3, 8]},
								"up": {"uv": [48, 6], "uv_size": [3, 3]},
								"down": {"uv": [10, 68], "uv_size": [-3, -3]}
							}
						},
						{
							"origin": [-4.60019, 10.4347, -0.27313],
							"size": [3.9, 5.2, 3.9],
							"inflate": 0.1,
							"pivot": [-2.71259, 6.9631, 1.77188],
							"rotation": [0, 0, 2.5],
							"uv": {
								"north": {"uv": [63, 0], "uv_size": [-4, 5]},
								"east": {"uv": [35, 59], "uv_size": [-4, 5]},
								"south": {"uv": [31, 59], "uv_size": [-4, 5]},
								"west": {"uv": [63, 5], "uv_size": [-4, 5]},
								"down": {"uv": [11, 65], "uv_size": [-4, -4]}
							}
						},
						{
							"origin": [-4.14247, 5.79875, 0.0454],
							"size": [3, 4.6, 3.2],
							"inflate": 0.1,
							"pivot": [-2.71259, 6.9631, 1.77188],
							"rotation": [0, 0, 2.5],
							"uv": {
								"north": {"uv": [68, 12], "uv_size": [-3, 2]},
								"east": {"uv": [68, 54], "uv_size": [-3, 2]},
								"south": {"uv": [57, 65], "uv_size": [-3, 2]},
								"west": {"uv": [54, 65], "uv_size": [-3, 2]},
								"up": {"uv": [0, 0], "uv_size": [0, 0]},
								"down": {"uv": [6, 76], "uv_size": [-5, -5]}
							}
						},
						{
							"origin": [-4.38262, -0.1, -1.94321],
							"size": [3, 2, 5],
							"pivot": [-2.71259, 6.9631, 1.77188],
							"rotation": [0, 7.5, 0],
							"uv": {
								"north": {"uv": [60, 65], "uv_size": [-3, 2]},
								"east": {"uv": [69, 31], "uv_size": [-5, 2]},
								"south": {"uv": [7, 66], "uv_size": [-3, 2]},
								"west": {"uv": [32, 64], "uv_size": [-5, 2]},
								"up": {"uv": [48, 0], "uv_size": [-3, 5]},
								"down": {"uv": [18, 67], "uv_size": [-3, -5]}
							}
						},
						{
							"origin": [-3.84247, -0.05125, 0.5454],
							"size": [2.4, 6.7, 2],
							"pivot": [-2.71259, 6.9631, 1.77188],
							"rotation": [0, 0, 2.5],
							"uv": {
								"north": {"uv": [2, 63], "uv_size": [-2, 7]},
								"east": {"uv": [65, 34], "uv_size": [-2, 7]},
								"south": {"uv": [4, 63], "uv_size": [-2, 7]},
								"west": {"uv": [65, 0], "uv_size": [-2, 7]}
							}
						},
						{
							"origin": [-1.6159, 0.51475, 2.08395],
							"size": [3, 2.6, 0],
							"inflate": -0.05,
							"pivot": [-2.71259, 6.9631, 1.77188],
							"rotation": [-77.59256, -43.65747, 77.7873],
							"uv": {
								"south": {"uv": [48, 17], "uv_size": [-5, 7]}
							}
						},
						{
							"origin": [-1.09052, 5.00776, 6.1521],
							"size": [2.5, 4.6, 0],
							"inflate": -0.05,
							"pivot": [-0.36332, 6.2263, 3.56849],
							"rotation": [77.90654, -44.63498, -84.4998],
							"uv": {
								"south": {"uv": [48, 24], "uv_size": [-5, -7]}
							}
						},
						{
							"origin": [-2.49987, 3.58882, 6.17145],
							"size": [2.5, 4.6, 0],
							"inflate": -0.05,
							"pivot": [-0.36332, 6.2263, 3.56849],
							"rotation": [77.90654, -44.63498, -84.4998],
							"uv": {
								"south": {"uv": [48, 24], "uv_size": [-5, -7]}
							}
						}
					]
				}
			]
		}
	]
}