{
  "transformers": [
        {
            "type": "palladium:color",
            "color": "##SKIN_PROTO_1",
            "filter": "#cecb78",
            "ignore_blank": true
          },
          {
            "type": "palladium:color",
            "color": "##SKIN_PROTO_2",
            "filter": "#c1be55", 
            "ignore_blank": true
          },
          {
            "type": "palladium:color",
            "color": "##SKIN_PROTO_3",
            "filter": "#aaa73e", 
            "ignore_blank": true
          },
          {
            "type": "palladium:color",
            "color": "##SKIN_PROTO_4",
            "filter": "#8d8b34",
            "ignore_blank": true
          },
          {
            "type": "palladium:color",
            "color": "##SKIN_PROTO_5",
            "filter": "#716f29",
            "ignore_blank": true
          },
          {
            "type": "palladium:color",
            "color": "##SKIN_PROTO_P2_1",
            "filter": "#707546",
            "ignore_blank": true
          },
          {
            "type": "palladium:color",
            "color": "##SKIN_PROTO_P2_2",
            "filter": "#6c6f43",
            "ignore_blank": true
          },
          {
            "type": "palladium:color",
            "color": "##SKIN_PROTO_P2_3",
            "filter": "#67673f",
            "ignore_blank": true
          },
          {
            "type": "palladium:color",
            "color": "##SKIN_PROTO_P2_4",
            "filter": "#61603b",
            "ignore_blank": true
          },
          {
            "type": "palladium:color",
            "color": "##SKIN_PROTO_P2_6",
            "filter": "#555134",
            "ignore_blank": true
          },
          {
            "type": "palladium:color",
            "color": "##SKIN_PROTO_P2_6",
            "filter": "#534f32",
            "ignore_blank": true
          },
          {
            "type": "palladium:color",
            "color": "##SKIN_PROTO_P2_7",
            "filter": "#453f2a",
            "ignore_blank": true
          },
          {
            "type": "palladium:color",
            "color": "##SKIN_PROTO_P2_8",
            "filter": "#49422c",
            "ignore_blank": true
          },
          {
            "type": "palladium:color",
            "color": "##SKIN_PROTO_P2_9",
            "filter": "#3c3525",
            "ignore_blank": true
          },
         {
            "type": "palladium:color",
            "color": "##GLOW_PROTO_1",
            "filter": "#fdff49",
            "ignore_blank": true
         },
         {
            "type": "palladium:color",
            "color": "##GLOW_PROTO_2",
            "filter": "#facd25",
            "ignore_blank": true
         },
        {
            "type": "palladium:color",
            "color": "##SKIN_DEFAULT_1",
            "filter": "#dd8c8c",
            "ignore_blank": true
          },
          {
            "type": "palladium:color",
            "color": "##SKIN_DEFAULT_2",
            "filter": "#c15555",
            "ignore_blank": true
          },
          {
            "type": "palladium:color",
            "color": "##SKIN_DEFAULT_3",
            "filter": "#bc4a4a",
            "ignore_blank": true
          },
          {
            "type": "palladium:color",
            "color": "##SKIN_DEFAULT_4",
            "filter": "#983636",
            "ignore_blank": true
          },
          {
            "type": "palladium:color",
            "color": "##SKIN_DEFAULT_5",
            "filter": "#712929",
            "ignore_blank": true
          },
          {
            "type": "palladium:color",
            "color": "##SKIN_DEFAULT_P2_1",
            "filter": "#d12222",
            "ignore_blank": true
          },
          {
            "type": "palladium:color",
            "color": "##SKIN_DEFAULT_P2_2",
            "filter": "#b02222",
            "ignore_blank": true
          },
          {
            "type": "palladium:color",
            "color": "##SKIN_DEFAULT_P2_3",
            "filter": "#8c1e1e",
            "ignore_blank": true
          },
          {
            "type": "palladium:color",
            "color": "##SKIN_DEFAULT_P2_4",
            "filter": "#771919",
            "ignore_blank": true
          },
           {
            "type": "palladium:color",
            "color": "##SKIN_DEFAULT_P2_5",
            "filter": "#5d2f2f",
            "ignore_blank": true
          },
          {
            "type": "palladium:color",
            "color": "##SKIN_DEFAULT_P2_6",
            "filter": "#5c2828",
            "ignore_blank": true
          },
          {
            "type": "palladium:color",
            "color": "##SKIN_DEFAULT_P2_7",
            "filter": "#441a1a",
            "ignore_blank": true
          },
           {
            "type": "palladium:color",
            "color": "##SKIN_DEFAULT_P2_8",
            "filter": "#380d0d",
            "ignore_blank": true
          },
          {
            "type": "palladium:color",
            "color": "##SKIN_10K_1",
            "filter": "#9fefdf",
            "ignore_blank": true
          },
          {
            "type": "palladium:color",
            "color": "##SKIN_10K_2",
            "filter": "#80decb",
            "ignore_blank": true
          },
          {
            "type": "palladium:color",
            "color": "##SKIN_10K_3",
            "filter": "#5adcc2",
            "ignore_blank": true
          },
          {
            "type": "palladium:color",
            "color": "##SKIN_10K_4",
            "filter": "#4cbca6",
            "ignore_blank": true
          },
                    {
            "type": "palladium:color",
            "color": "##SKIN_10K_5",
            "filter": "#358e7c",
            "ignore_blank": true
          },
          {
            "type": "palladium:color",
            "color": "##SKIN_10K_P2_1",
            "filter": "#43c9d1",
            "ignore_blank": true
          },
          {
            "type": "palladium:color",
            "color": "##SKIN_10K_P2_2",
            "filter": "#39b4bb",
            "ignore_blank": true
          },
          {
            "type": "palladium:color",
            "color": "##SKIN_10K_P2_3",
            "filter": "#2c9ea4",
            "ignore_blank": true
          },
          {
            "type": "palladium:color",
            "color": "##SKIN_10K_P2_4",
            "filter": "#268b90",
            "ignore_blank": true
          },
          {
            "type": "palladium:color",
            "color": "##SKIN_10K_P2_5",
            "filter": "#216c70",
            "ignore_blank": true
          },
          {
            "type": "palladium:color",
            "color": "##SKIN_10K_P2_6",
            "filter": "#298c91",
            "ignore_blank": true
          },
          {
            "type": "palladium:color",
            "color": "##SKIN_10K_P2_7",
            "filter": "#176266",
            "ignore_blank": true
          },
          {
            "type": "palladium:color",
            "color": "##SKIN_10K_P2_8",
            "filter": "#124e51",
            "ignore_blank": true
          },
          {
            "type": "palladium:color",
            "color": "##GLOW_10K_1",
            "filter": "#ffffff",
            "ignore_blank": true
          },
                    {
            "type": "palladium:color",
            "color": "##GLOW_10K_2",
            "filter": "#dadedf",
            "ignore_blank": true
          },
          {
            "type": "palladium:color",
            "color": "##GLOW_10K_1",
            "filter": "#fdff49",
            "ignore_blank": true
          },
          {
            "type": "palladium:color",
            "color": "##PRIMARY_1",
            "filter": "#3a3333",
            "ignore_blank": true
          },
          {
            "type": "palladium:color",
            "color": "##PRIMARY_3",
            "filter": "#232020",
            "ignore_blank": true
          },
          {
            "type": "palladium:color",
            "color": "##PRIMARY_4",
            "filter": "#171515",
            "ignore_blank": true
          },
          
         {
            "type": "palladium:color",
            "color": "##GLOW_DEFAULT_1",
            "filter": "#b8ff00",
            "ignore_blank": true
         },
         {
            "type": "palladium:color",
            "color": "##GLOW_DEFAULT_2",
            "filter": "#8ed721",
            "ignore_blank": true
         }
        ],
        "variables": {
            "UNIFORM": {
            "type": "palladium:string_property",
            "property": "uniform"
          },
          "SKIN_PROTO_1": {
            "type": "palladium:string_property",
            "property": "murkgourmand_prototype_skincolor_palette_1_color_1"
          },
          "SKIN_PROTO_2": {
            "type": "palladium:string_property",
            "property": "murkgourmand_prototype_skincolor_palette_1_color_2"
          },
          "SKIN_PROTO_3": {
            "type": "palladium:string_property",
            "property": "murkgourmand_prototype_skincolor_palette_1_color_3"
          },
          "SKIN_PROTO_4": {
            "type": "palladium:string_property",
            "property": "murkgourmand_prototype_skincolor_palette_1_color_4"
          },
          "SKIN_PROTO_5": {
            "type": "palladium:string_property",
            "property": "murkgourmand_prototype_skincolor_palette_1_color_5"
          },
          "SKIN_PROTO_P2_1": {
            "type": "palladium:string_property",
            "property": "murkgourmand_prototype_skincolor_palette_2_color_1"
          },
          "SKIN_PROTO_P2_2": {
            "type": "palladium:string_property",
            "property": "murkgourmand_prototype_skincolor_palette_2_color_2"
          },
          "SKIN_PROTO_P2_3": {
            "type": "palladium:string_property",
            "property": "murkgourmand_prototype_skincolor_palette_2_color_3"
          },
          "SKIN_PROTO_P2_4": {
            "type": "palladium:string_property",
            "property": "murkgourmand_prototype_skincolor_palette_2_color_4"
          },
          "SKIN_PROTO_P2_5": {
            "type": "palladium:string_property",
            "property": "murkgourmand_prototype_skincolor_palette_2_color_5"
          },
          "SKIN_PROTO_P2_6": {
            "type": "palladium:string_property",
            "property": "murkgourmand_prototype_skincolor_palette_2_color_6"
          },
          "SKIN_PROTO_P2_8": {
            "type": "palladium:string_property",
            "property": "murkgourmand_prototype_skincolor_palette_2_color_8"
          },
          "SKIN_10K_1": {
            "type": "palladium:string_property",
            "property": "murkgourmand_10k_skincolor_palette_1_color_1"
          },
          "SKIN_10K_2": {
            "type": "palladium:string_property",
            "property": "murkgourmand_10k_skincolor_palette_1_color_2"
          },
          "SKIN_10K_3": {
            "type": "palladium:string_property",
            "property": "murkgourmand_10k_skincolor_palette_1_color_3"
          },
          "SKIN_10K_4": {
            "type": "palladium:string_property",
            "property": "murkgourmand_10k_skincolor_palette_1_color_4"
          },
          "SKIN_10K_5": {
            "type": "palladium:string_property",
            "property": "murkgourmand_10k_skincolor_palette_1_color_5"
          },
          "SKIN_10K_P2_1": {
            "type": "palladium:string_property",
            "property": "murkgourmand_10k_skincolor_palette_2_color_1"
          },
          "SKIN_10K_P2_2": {
            "type": "palladium:string_property",
            "property": "murkgourmand_10k_skincolor_palette_2_color_2"
          },
          "SKIN_10K_P2_3": {
            "type": "palladium:string_property",
            "property": "murkgourmand_10k_skincolor_palette_2_color_3"
          },
          "SKIN_10K_P2_4": {
            "type": "palladium:string_property",
            "property": "murkgourmand_10k_skincolor_palette_2_color_4"
          },
          "SKIN_10K_P2_5": {
            "type": "palladium:string_property",
            "property": "murkgourmand_10k_skincolor_palette_2_color_5"
          },
           "SKIN_10K_P2_6": {
            "type": "palladium:string_property",
            "property": "murkgourmand_10k_skincolor_palette_2_color_6"
          },
           "SKIN_10K_P2_7": {
            "type": "palladium:string_property",
            "property": "murkgourmand_10k_skincolor_palette_2_color_7"
          },
          "SKIN_10K_P2_8": {
            "type": "palladium:string_property",
            "property": "murkgourmand_10k_skincolor_palette_2_color_8"
          },
          "GLOW_10K_1": {
            "type": "palladium:string_property",
            "property": "murkgourmand_10k_glowcolor_1_color_1"
          },
          "GLOW_10K_2": {
            "type": "palladium:string_property",
            "property": "murkgourmand_10k_glowcolor_1_color_2"
          },
          "GLOW_PROTO_1": {
            "type": "palladium:string_property",
            "property": "murkgourmand_prototype_glowcolor_1_color_1"
          },
          "GLOW_PROTO_2": {
            "type": "palladium:string_property",
            "property": "murkgourmand_prototype_glowcolor_1_color_2"
          },
          "SKIN_DEFAULT_1": {
            "type": "palladium:string_property",
            "property": "murkgourmand_default_skincolor_palette_1_color_1"
          },
          "SKIN_DEFAULT_2": {
            "type": "palladium:string_property",
            "property": "murkgourmand_default_skincolor_palette_1_color_2"
          },
          "SKIN_DEFAULT_3": {
            "type": "palladium:string_property",
            "property": "murkgourmand_default_skincolor_palette_1_color_3"
          },
          "SKIN_DEFAULT_4": {
            "type": "palladium:string_property",
            "property": "murkgourmand_default_skincolor_palette_1_color_4"
          },
          "SKIN_DEFAULT_5": {
            "type": "palladium:string_property",
            "property": "murkgourmand_default_skincolor_palette_1_color_5"
          },
          "SKIN_DEFAULT_P2_1": {
            "type": "palladium:string_property",
            "property": "murkgourmand_default_skincolor_palette_2_color_1"
          },
          "SKIN_DEFAULT_P2_2": {
            "type": "palladium:string_property",
            "property": "murkgourmand_default_skincolor_palette_2_color_2"
          },
          "SKIN_DEFAULT_P2_3": {
            "type": "palladium:string_property",
            "property": "murkgourmand_default_skincolor_palette_2_color_3"
          },
          "SKIN_DEFAULT_P2_4": {
            "type": "palladium:string_property",
            "property": "murkgourmand_default_skincolor_palette_2_color_4"
          },
          "SKIN_DEFAULT_P2_5": {
            "type": "palladium:string_property",
            "property": "murkgourmand_default_skincolor_palette_2_color_5"
          },
          "SKIN_DEFAULT_P2_6": {
            "type": "palladium:string_property",
            "property": "murkgourmand_default_skincolor_palette_2_color_6"
          },
          "SKIN_DEFAULT_P2_7": {
            "type": "palladium:string_property",
            "property": "murkgourmand_default_skincolor_palette_2_color_7"
          },
          "SKIN_DEFAULT_P2_8": {
            "type": "palladium:string_property",
            "property": "murkgourmand_default_skincolor_palette_2_color_8"
          },  
          "PRIMARY_1": {
            "type": "palladium:string_property",
            "property": "uniform_primary_color_1"
          },
          "PRIMARY_3": {
            "type": "palladium:string_property",
            "property": "uniform_primary_color_3"
          },
          "PRIMARY_4": {
            "type": "palladium:string_property",
            "property": "uniform_primary_color_4"
          },
          "GLOW_DEFAULT_1": {
            "type": "palladium:string_property",
            "property": "murkgourmand_default_glowcolor_1_color_1"
          },
          "GLOW_DEFAULT_2": {
            "type": "palladium:string_property",
            "property": "murkgourmand_default_glowcolor_1_color_2"
          }
          
          
        },
  "base": "omni_extras:textures/icon/alien_112_#UNIFORM.png"
}