{
	"format_version": "1.8.0",
	"animations": {
		"tail": {
			"loop": true,
			"animation_length": 32.0417,
			"bones": {
				"TAIL_BASE": {
					"rotation": [-29.69257, "0.3324+math.sin(query.anim_time*224)*15", 2.70506]
				},
				"TAIL_LOWMID": {
					"rotation": [-5, "math.sin(query.anim_time*224-50)*20", 0]
				},
				"TAIL_HIGHMID": {
					"rotation": [12.5, "math.sin(query.anim_time*224-150)*25", 0]
				}
			}
		},
		"spin2": {
			"loop": "hold_on_last_frame",
			"animation_length": 1.1712,
			"bones": {
				"BaseHead": {
					"rotation": {
						"0.0": [0, 0, 0],
						"0.125": [-27.5, 0, 0],
						"0.875": [-27.5, 0, 0],
						"1.0833": [0, 0, 0]
					}
				},
				"LEFT_EYE": {
					"rotation": {
						"0.0": [0, 0, 0],
						"0.3333": [0, 0, -30],
						"0.9167": [0, 0, -30],
						"1.0833": [0, 0, 0]
					},
					"scale": {
						"0.0": [1, 1.01, 1],
						"0.3333": [1.13, 0.32, 1],
						"0.9167": [1.13, 0.32, 1],
						"1.0833": [1, 1.01, 1]
					}
				},
				"PUPIL": {
					"scale": {
						"0.0": [1, 1, 1],
						"0.3333": [1, 0.5, 1],
						"0.9167": [1, 0.5, 1],
						"1.0833": [1, 1, 1]
					}
				},
				"RIGHT_EYE": {
					"rotation": {
						"0.0": [0, 0, 0],
						"0.3333": [0, 0, 27.5],
						"0.9167": [0, 0, 27.5],
						"1.0833": [0, 0, 0]
					},
					"scale": {
						"0.0": [1, 1, 1],
						"0.3333": [1.13, 0.33, 1],
						"0.9167": [1.13, 0.33, 1],
						"1.0833": [1, 1, 1]
					}
				},
				"PUPIL2": {
					"scale": {
						"0.0": [1, 1, 1],
						"0.3333": [1, 0.5, 1],
						"0.9167": [1, 0.5, 1],
						"1.0833": [1, 1, 1]
					}
				},
				"Jaw": {
					"rotation": {
						"0.0": [0, 0, 0],
						"0.125": [15, 0, 0],
						"0.875": [15, 0, 0],
						"1.0833": [0, 0, 0]
					}
				},
				"TONGE_BASE": {
					"rotation": {
						"0.0": [0, 0, 0],
						"0.2083": [-7.25262, 26.68855, 68.29919],
						"0.7917": [-7.25262, 26.68855, 68.29919],
						"1.0833": [0, 0, 0]
					},
					"position": {
						"0.0": [0, 0, 0],
						"0.2083": [0, 0.4, 1.4],
						"0.7917": [0, 0.4, 1.4],
						"1.0833": [0, 0, 0]
					},
					"scale": {
						"0.0": [1, 1, 1],
						"0.2083": [1, 1, 6],
						"0.7917": [1, 1, 6],
						"1.0833": [1, 1, 1]
					}
				},
				"TONGUE_LOWMID": {
					"rotation": {
						"0.0": [0, 0, 0],
						"0.3333": [-12.5, 0, 0],
						"0.5833": [-12.5, 0, 0],
						"1.0833": [0, 0, 0]
					}
				},
				"TONGUE_HIGHMID": {
					"rotation": {
						"0.0": [0, 0, 0],
						"0.3333": [-15, 0, 0],
						"0.7083": [-15, 0, 0],
						"1.0833": [0, 0, 0]
					}
				},
				"TONGUE_HIGH": {
					"rotation": {
						"0.0": [0, 0, 0],
						"0.2083": [128.46, 0, 0],
						"0.3333": [160, 0, 0],
						"0.7917": [160, 0, 0],
						"0.9167": [128.46, 0, 0],
						"1.0833": [0, 0, 0]
					}
				},
				"TONGUE_HIGHER": {
					"rotation": {
						"0.0": [0, 0, 0],
						"0.3333": [-12.5, 0, 0],
						"0.9167": [-12.5, 0, 0],
						"1.0833": [0, 0, 0]
					}
				},
				"TONGUE_HIGHEST": {
					"rotation": {
						"0.0": [0, 0, 0],
						"0.3333": [-5, 0, 0],
						"0.9167": [-5, 0, 0],
						"1.0833": [0, 0, 0]
					}
				},
				"TONGUE_FINAL": {
					"rotation": {
						"0.0": [0, 0, 0],
						"0.3333": [-15, 0, 0],
						"0.9167": [-15, 0, 0],
						"1.0833": [0, 0, 0]
					}
				},
				"TONGE_BASE2": {
					"rotation": {
						"0.0": [0, 0, 0],
						"0.2083": [28.32595, 11.10536, 104.7013],
						"0.7917": [28.32595, 11.10536, 104.7013],
						"1.0833": [0, 0, 0]
					},
					"position": {
						"0.0": [0, 0, 0],
						"0.2083": [2.1, 0.5, 0.7],
						"0.7917": [2.1, 0.5, 0.7],
						"1.0833": [0, 0, 0]
					},
					"scale": {
						"0.0": [1, 1, 1],
						"0.2083": [1, 1, 3.65],
						"0.3333": [1, 1, 5.15],
						"0.7917": [1, 1, 3.65],
						"0.9167": [1, 1, 5.15],
						"1.0833": [1, 1, 1]
					}
				},
				"TONGUE_LOWMID2": {
					"rotation": {
						"0.0": [0, 0, 0],
						"0.3333": [-12.5, 0, 0],
						"0.9167": [-12.5, 0, 0],
						"1.0833": [0, 0, 0]
					}
				},
				"TONGUE_HIGHMID2": {
					"rotation": {
						"0.0": [0, 0, 0],
						"0.3333": [-7.5, 0, 0],
						"0.9167": [-7.5, 0, 0],
						"1.0833": [0, 0, 0]
					}
				},
				"TONGUE_HIGH2": {
					"rotation": {
						"0.0": [0, 0, 0],
						"0.3333": [157.5, 0, 0],
						"0.9167": [157.5, 0, 0],
						"1.0833": [0, 0, 0]
					}
				},
				"TONGUE_HIGHER2": {
					"rotation": {
						"0.0": [0, 0, 0],
						"0.2083": [37.31, 0, 0],
						"0.3333": [-12.5, 0, 0],
						"0.7917": [37.31, 0, 0],
						"0.9167": [-12.5, 0, 0],
						"1.0833": [0, 0, 0]
					}
				},
				"TONGUE_HIGHEST2": {
					"rotation": {
						"0.0": [0, 0, 0],
						"0.3333": [-17.5, 0, 0],
						"0.9167": [-17.5, 0, 0],
						"1.0833": [0, 0, 0]
					}
				},
				"TONGE_BASE3": {
					"rotation": {
						"0.0": [0, 0, 0],
						"0.2083": [17.35666, -17.34551, -97.85952],
						"0.7917": [17.35666, -17.34551, -97.85952],
						"1.0833": [0, 0, 0]
					},
					"position": {
						"0.0": [0, 0, 0],
						"0.2083": [-2.3, 0.4, 0.8],
						"0.7917": [-2.3, 0.4, 0.8],
						"1.0833": [0, 0, 0]
					},
					"scale": {
						"0.0": [1, 1, 1],
						"0.2083": [1, 1, 3.73],
						"0.3333": [1, 1, 4.13],
						"0.7917": [1, 1, 3.73],
						"0.9167": [1, 1, 4.13],
						"1.0833": [1, 1, 1]
					}
				},
				"TONGUE_LOWMID3": {
					"rotation": {
						"0.0": [0, 0, 0],
						"0.3333": [17.5, 0, 0],
						"0.9167": [17.5, 0, 0],
						"1.0833": [0, 0, 0]
					}
				},
				"TONGUE_HIGH3": {
					"rotation": {
						"0.0": [0, 0, 0],
						"0.2083": [195, 0, 0],
						"0.7917": [195, 0, 0],
						"1.0833": [0, 0, 0]
					}
				},
				"TONGUE_HIGHER3": {
					"rotation": {
						"0.0": [0, 0, 0],
						"0.3333": [2.5, 0, 0],
						"0.9167": [2.5, 0, 0],
						"1.0833": [0, 0, 0]
					}
				},
				"TONGUE_HIGHEST3": {
					"rotation": {
						"0.0": [0, 0, 0],
						"0.3333": [25, 0, 0],
						"0.9167": [25, 0, 0],
						"1.0833": [0, 0, 0]
					}
				}
			}
		},
		"open_mouth": {
			"loop": "hold_on_last_frame",
			"animation_length": 0.821,
			"bones": {
				"BaseHead": {
					"rotation": {
						"0.0": [0, 0, 0],
						"0.2083": [-120.38, 0, 0],
						"0.625": [7.5, 0, 0],
						"0.8333": [0, 0, 0]
					}
				},
				"TONGE_BASE": {
					"rotation": {
						"0.0": [0, 0, 0],
						"0.25": [-35, 0, 0],
						"0.4167": [-20, 0, 0]
					},
					"position": {
						"0.0": [0, 0, 0],
						"0.25": [0, 0.8, 1.2]
					},
					"scale": {
						"0.0": [1, 1, 1],
						"0.25": [1, 1, 3.3],
						"0.5417": [1, 1, 0.7]
					}
				},
				"TONGUE_HIGHER": {
					"rotation": {
						"0.0": [0, 0, 0],
						"0.25": [167.5, 0, 0],
						"0.4167": [205, 0, 0]
					},
					"scale": {
						"0.0": [1, 1, 1],
						"0.25": [1, 1, 3.1]
					}
				},
				"TONGUE_HIGHEST": {
					"rotation": {
						"0.0": [0, 0, 0],
						"0.25": [70, 0, 0]
					}
				},
				"TONGUE_FINAL": {
					"rotation": {
						"0.0": [0, 0, 0],
						"0.25": [17.5, 0, 0]
					}
				},
				"TONGUE_FINALIST": {
					"rotation": {
						"0.0": [0, 0, 0],
						"0.4167": [157.5, 0, 0]
					}
				},
				"LEFT_EYE": {
					"rotation": {
						"0.0": [0, 0, 0],
						"0.25": [0, 0, -25],
						"0.8333": [0, 0, 0]
					},
					"scale": {
						"0.0": [1, 1, 1],
						"0.25": [1.15, 0.37, 1],
						"0.8333": [1, 1, 1]
					}
				},
				"RIGHT_EYE": {
					"rotation": {
						"0.0": [0, 0, 0],
						"0.25": [0, 0, 25],
						"0.8333": [0, 0, 0]
					},
					"scale": {
						"0.0": [1, 1, 1],
						"0.25": [1.15, 0.39, 1],
						"0.8333": [1, 1, 1]
					}
				},
				"PUPIL": {
					"scale": {
						"0.0": [1, 1, 1],
						"0.25": [1, 0.45, 1],
						"0.8333": [1, 1, 1]
					}
				},
				"PUPIL2": {
					"rotation": {
						"0.0": [0, 0, 0],
						"0.8333": [0, 0, 0]
					},
					"scale": {
						"0.0": [1, 1, 1],
						"0.25": [1, 0.45, 1],
						"0.8333": [1, 1, 1]
					}
				},
				"TONGE_BASE2": {
					"rotation": {
						"0.0": [0, 0, 0],
						"0.25": [-36.16892, 19.98231, -43.73088],
						"0.4167": [-18.66892, 19.98231, -43.73088]
					},
					"position": {
						"0.0": [0, 0, 0],
						"0.25": [1.5, 0.8, 1.2]
					},
					"scale": {
						"0.0": [1, 1, 1],
						"0.25": [1, 1, 2.74],
						"0.5417": [1, 1, 0.83]
					}
				},
				"TONGUE_HIGH2": {
					"rotation": {
						"0.0": [0, 0, 0],
						"0.25": [192.5, 0, 0]
					}
				},
				"TONGUE_HIGHER2": {
					"rotation": {
						"0.0": [0, 0, 0],
						"0.25": [-20, 0, 0],
						"0.4167": [62.5, 0, 0]
					}
				},
				"TONGUE_HIGHEST2": {
					"rotation": {
						"0.0": [0, 0, 0],
						"0.25": [-22.5, 0, 0],
						"0.4167": [22.5, 0, 0]
					}
				},
				"TONGUE_FINALIST2": {
					"rotation": {
						"0.0": [0, 0, 0],
						"0.4167": [27.5, 0, 0]
					}
				},
				"TONGE_BASE3": {
					"rotation": {
						"0.0": [0, 0, 0],
						"0.25": [-44.93019, -7.06259, 54.47443],
						"0.4167": [-19.93019, -7.06259, 54.47443]
					},
					"position": {
						"0.0": [0, 0, 0],
						"0.25": [-1.4, 0.6, 1.4]
					},
					"scale": {
						"0.0": [1, 1, 1],
						"0.25": [1, 1, 2.61],
						"0.5417": [1, 1, 1.04]
					}
				},
				"TONGUE_HIGH3": {
					"rotation": {
						"0.0": [0, 0, 0],
						"0.25": [162.5, 0, 0]
					}
				},
				"TONGUE_HIGHER3": {
					"rotation": {
						"0.0": [0, 0, 0],
						"0.25": [32.5, 0, 0],
						"0.4167": [110, 0, 0]
					}
				},
				"TONGUE_HIGHEST3": {
					"rotation": {
						"0.0": [0, 0, 0],
						"0.4167": [6.28914, 2.1361, -2.31827]
					}
				},
				"TONGUE_FINAL3": {
					"rotation": {
						"0.0": [0, 0, 0],
						"0.4167": [57.5, 0, 0]
					}
				},
				"TONGUE_FINALIST3": {
					"rotation": {
						"0.0": [0, 0, 0],
						"0.25": [-27.5, 0, 0],
						"0.4167": [127.5, 0, 0]
					}
				},
				"RightArm": {
					"rotation": {
						"0.0": [0, 0, 0],
						"0.1667": [62.50125, 6.65872, 86.52712],
						"0.2083": [62.50125, 6.65872, 86.52712],
						"0.625": [0, 0, 0]
					}
				},
				"LeftArm": {
					"rotation": {
						"0.0": [0, 0, 0],
						"0.1667": [64.91623, -4.53051, -87.88249],
						"0.2083": [64.91623, -4.53051, -87.88249],
						"0.625": [0, 0, 0]
					}
				}
			}
		},
		"spin": {
			"loop": "hold_on_last_frame",
			"animation_length": 0.6388,
			"bones": {
				"BaseHead": {
					"rotation": {
						"0.0": [0, 0, 0],
						"0.125": [-27.5, 0, 0]
					}
				},
				"LEFT_EYE": {
					"rotation": {
						"0.0": [0, 0, 0],
						"0.3333": [0, 0, -30]
					},
					"scale": {
						"0.0": [1, 1.01, 1],
						"0.3333": [1.13, 0.32, 1]
					}
				},
				"PUPIL": {
					"scale": {
						"0.0": [1, 1, 1],
						"0.3333": [1, 0.5, 1]
					}
				},
				"RIGHT_EYE": {
					"rotation": {
						"0.0": [0, 0, 0],
						"0.3333": [0, 0, 27.5]
					},
					"scale": {
						"0.0": [1, 1, 1],
						"0.3333": [1.13, 0.33, 1]
					}
				},
				"PUPIL2": {
					"scale": {
						"0.0": [1, 1, 1],
						"0.3333": [1, 0.5, 1]
					}
				},
				"Jaw": {
					"rotation": {
						"0.0": [0, 0, 0],
						"0.125": [15, 0, 0]
					}
				},
				"TONGE_BASE": {
					"rotation": {
						"0.0": [0, 0, 0],
						"0.2083": [-7.25262, 26.68855, 68.29919]
					},
					"position": {
						"0.0": [0, 0, 0],
						"0.2083": [0, 0.4, 1.4]
					},
					"scale": {
						"0.0": [1, 1, 1],
						"0.2083": [1, 1, 6]
					}
				},
				"TONGUE_LOWMID": {
					"rotation": {
						"0.0": [0, 0, 0],
						"0.3333": [-12.5, 0, 0]
					}
				},
				"TONGUE_HIGHMID": {
					"rotation": {
						"0.0": [0, 0, 0],
						"0.3333": [-15, 0, 0]
					}
				},
				"TONGUE_HIGH": {
					"rotation": {
						"0.0": [0, 0, 0],
						"0.2083": [128.46, 0, 0],
						"0.3333": [160, 0, 0]
					}
				},
				"TONGUE_HIGHER": {
					"rotation": {
						"0.0": [0, 0, 0],
						"0.3333": [-12.5, 0, 0]
					}
				},
				"TONGUE_HIGHEST": {
					"rotation": {
						"0.0": [0, 0, 0],
						"0.3333": [-5, 0, 0]
					}
				},
				"TONGUE_FINAL": {
					"rotation": {
						"0.0": [0, 0, 0],
						"0.3333": [-15, 0, 0]
					}
				},
				"TONGE_BASE2": {
					"rotation": {
						"0.0": [0, 0, 0],
						"0.2083": [28.32595, 11.10536, 104.7013]
					},
					"position": {
						"0.0": [0, 0, 0],
						"0.2083": [2.1, 0.5, 0.7]
					},
					"scale": {
						"0.0": [1, 1, 1],
						"0.2083": [1, 1, 3.65],
						"0.3333": [1, 1, 5.15]
					}
				},
				"TONGUE_LOWMID2": {
					"rotation": {
						"0.0": [0, 0, 0],
						"0.3333": [-12.5, 0, 0]
					}
				},
				"TONGUE_HIGHMID2": {
					"rotation": {
						"0.0": [0, 0, 0],
						"0.3333": [-7.5, 0, 0]
					}
				},
				"TONGUE_HIGH2": {
					"rotation": {
						"0.0": [0, 0, 0],
						"0.3333": [157.5, 0, 0]
					}
				},
				"TONGUE_HIGHER2": {
					"rotation": {
						"0.0": [0, 0, 0],
						"0.2083": [37.31, 0, 0],
						"0.3333": [-12.5, 0, 0]
					}
				},
				"TONGUE_HIGHEST2": {
					"rotation": {
						"0.0": [0, 0, 0],
						"0.3333": [-17.5, 0, 0]
					}
				},
				"TONGE_BASE3": {
					"rotation": {
						"0.0": [0, 0, 0],
						"0.2083": [17.35666, -17.34551, -97.85952]
					},
					"position": {
						"0.0": [0, 0, 0],
						"0.2083": [-2.3, 0.4, 0.8]
					},
					"scale": {
						"0.0": [1, 1, 1],
						"0.2083": [1, 1, 3.73],
						"0.3333": [1, 1, 4.13]
					}
				},
				"TONGUE_LOWMID3": {
					"rotation": {
						"0.0": [0, 0, 0],
						"0.3333": [17.5, 0, 0]
					}
				},
				"TONGUE_HIGH3": {
					"rotation": {
						"0.0": [0, 0, 0],
						"0.2083": [195, 0, 0]
					}
				},
				"TONGUE_HIGHER3": {
					"rotation": {
						"0.0": [0, 0, 0],
						"0.3333": [2.5, 0, 0]
					}
				},
				"TONGUE_HIGHEST3": {
					"rotation": {
						"0.0": [0, 0, 0],
						"0.3333": [25, 0, 0]
					}
				},
				"LeftArm": {
					"rotation": [-33.69007, 25.65891, -16.10211]
				},
				"RightArm": {
					"rotation": [-38.47603, -16.1299, 6.88003]
				}
			}
		},
		"shoot": {
			"animation_length": 0.4167,
			"bones": {
				"BaseHead": {
					"rotation": {
						"0.0": [0, 0, 0],
						"0.0833": [-52.5, 0, 0],
						"0.4167": [0, 0, 0]
					}
				},
				"LEFT_EYE": {
					"rotation": {
						"0.0": [0, 0, 0],
						"0.0833": [0, 0, -25],
						"0.4167": [0, 0, 0]
					},
					"scale": {
						"0.0": [1, 1, 1],
						"0.0833": [1.18, 0.42, 1],
						"0.4167": [1, 1, 1]
					}
				},
				"PUPIL": {
					"scale": {
						"0.0": [1, 1, 1],
						"0.0833": [1, 0.43, 1],
						"0.4167": [1, 1, 1]
					}
				},
				"RIGHT_EYE": {
					"rotation": {
						"0.0": [0, 0, 0],
						"0.0833": [0, 0, 22.5],
						"0.4167": [0, 0, 0]
					},
					"scale": {
						"0.0": [1, 1, 1],
						"0.0833": [1.18, 0.42, 1],
						"0.4167": [1, 1, 1]
					}
				},
				"PUPIL2": {
					"scale": {
						"0.0": [1, 1, 1],
						"0.0833": [1, 0.43, 1],
						"0.4167": [1, 1, 1]
					}
				},
				"Jaw": {
					"rotation": {
						"0.0": [0, 0, 0],
						"0.0833": [15, 0, 0],
						"0.4167": [0, 0, 0]
					}
				}
			}
		},
		"bite": {
			"loop": "hold_on_last_frame",
			"animation_length": 0.5833,
			"bones": {
				"BaseHead": {
					"rotation": {
						"0.0": [-37.5, 0, 0],
						"0.25": [20, 0, 0],
						"0.5833": [0, 0, 0]
					}
				},
				"LEFT_EYE": {
					"rotation": {
						"0.0": [0, 0, -27.5],
						"0.5833": [0, 0, 0]
					},
					"scale": {
						"0.0": [1.17, 0.48, 1],
						"0.5833": [1, 1, 1]
					}
				},
				"PUPIL": {
					"scale": {
						"0.0": [1, 0.4, 1],
						"0.5833": [1, 1, 1]
					}
				},
				"RIGHT_EYE": {
					"rotation": {
						"0.0": [0, 0, 22.5],
						"0.5833": [0, 0, 0]
					},
					"scale": {
						"0.0": [1.17, 0.48, 1],
						"0.5833": [1, 1, 1]
					}
				},
				"PUPIL2": {
					"scale": {
						"0.0": [1, 0.4, 1],
						"0.5833": [1, 1, 1]
					}
				},
				"Jaw": {
					"rotation": {
						"0.0": [15, 0, 0],
						"0.5833": [0, 0, 0]
					}
				}
			}
		},
		"kaboom": {
			"animation_length": 3.5833,
			"bones": {
				"head": {
					"rotation": {
						"0.0": [0, 0, 0],
						"3.5833": [-12.5, 0, 0]
					},
					"position": {
						"0.0": [0, 0, 0],
						"0.7083": [0, 6, 0],
						"0.7917": [0, 8.9, 0],
						"1.0417": [0, 4, 0],
						"1.25": [0, 1.14, 0],
						"1.8333": [0, 11.9, 0],
						"1.9583": [0, 15.5, 0],
						"2.1667": [0, 7, 0],
						"2.4167": [0, 5, 0],
						"3.2083": [0, 16.5, 0],
						"3.3333": [0, 18.5, 0],
						"3.4583": [0, 16.5, 0]
					}
				},
				"BaseHead": {
					"rotation": {
						"0.0": [0, 0, 0],
						"3.3333": [0, 0, 0],
						"3.4583": [-97.5, 0, 0]
					}
				},
				"LEFT_EYE": {
					"rotation": {
						"0.0": [0, 0, 0],
						"0.7083": [0, 0, -20]
					},
					"scale": {
						"0.0": [1, 1, 1],
						"0.7083": [1.21, 0.39, 1]
					}
				},
				"PUPIL": {
					"scale": {
						"0.0": [1, 1, 1],
						"0.7083": [1, 0.37, 1]
					}
				},
				"RIGHT_EYE": {
					"rotation": {
						"0.0": [0, 0, 0],
						"0.7083": [0, 0, 17.5]
					},
					"scale": {
						"0.0": [1, 1, 1],
						"0.7083": [1.25, 0.4, 1]
					}
				},
				"PUPIL2": {
					"scale": {
						"0.0": [1, 1, 1],
						"0.7083": [1, 0.36, 1]
					}
				},
				"TORSO": {
					"position": {
						"0.0": [0, 0, 0],
						"0.7083": [0, 2.6, -2],
						"0.7917": [0, 4.2, -2],
						"1.0417": [0, 2.3, -2],
						"1.25": [0, 0.9, -2],
						"1.8333": [0, 5.7, -3],
						"1.9583": [0, 7.5, -3],
						"2.1667": [0, 3.2, -2],
						"2.4167": [0, 2.2, -2],
						"3.2083": [0, 7.5, -4],
						"3.3333": [0, 8.9, -4],
						"3.4583": [0, 8.2, -4]
					},
					"scale": {
						"0.0": [1, 1, 1],
						"0.7083": [1.85, 1.6, 1.5],
						"0.7917": [2.18, 1.96, 1.5],
						"1.0417": [2.18, 1.5, 1.5],
						"1.25": [2.18, 1.2, 1.5],
						"1.8333": [2.71, 2.36, 2.1],
						"1.9583": [2.97, 2.68, 2.1],
						"2.1667": [2.69, 1.8, 1.6],
						"2.4167": [2.69, 1.6, 1.6],
						"3.2083": [3.14, 2.76, 2.1],
						"3.3333": [4.36, 3.16, 2.1],
						"3.4583": [3.42, 2.84, 2.1]
					}
				},
				"LeftArm": {
					"rotation": {
						"0.0": [0, 0, 0],
						"0.7083": [0, 0, 15],
						"0.7917": [0, 0, -5],
						"1.0417": [0, 0, -22.78],
						"1.25": [0, 0, -5.91],
						"1.8333": [0, 0, 17.5],
						"1.9583": [0, 0, -12.5],
						"2.1667": [0, 0, -30.91],
						"2.4167": [0, 0, -15.15],
						"3.2083": [0, 0, 10],
						"3.3333": [0, 0, -25],
						"3.4583": [0, 0, -10]
					},
					"position": {
						"0.0": [0, 0, 0],
						"0.7083": [6, 7, 0],
						"0.7917": [9, 12, 0],
						"1.0417": [6, 8, 0],
						"1.25": [5, 4, 0],
						"1.8333": [12, 16, 0],
						"1.9583": [11, 20.7, 0],
						"2.1667": [9, 11, 0],
						"2.4167": [8, 8, 0],
						"3.2083": [12, 20.7, 0],
						"3.3333": [18, 25.7, 0],
						"3.4583": [14, 22.7, 0]
					}
				},
				"RightArm": {
					"rotation": {
						"0.0": [0, 0, 0],
						"0.7083": [0, 0, -17.5],
						"0.7917": [0, 0, 2.5],
						"1.0417": [0, 0, 24.72],
						"1.25": [0, 0, 2.3],
						"1.8333": [0, 0, -17.5],
						"1.9583": [0, 0, 7.5],
						"2.1667": [0, 0, 20.91],
						"2.4167": [0, 0, 12.65],
						"3.2083": [0, 0, -12.5],
						"3.3333": [0, 0, 20],
						"3.4583": [0, 0, 5]
					},
					"position": {
						"0.0": [0, 0, 0],
						"0.7083": [-6, 8, 0],
						"0.7917": [-9, 12, 0],
						"1.0417": [-6, 7, 0],
						"1.25": [-5, 4, 0],
						"1.8333": [-12, 16, 0],
						"1.9583": [-11, 19.9, 0],
						"2.1667": [-9, 10, 0],
						"2.4167": [-8, 7, 0],
						"3.2083": [-12, 20.9, 0],
						"3.3333": [-18, 24.9, 0],
						"3.4583": [-14, 21.9, 0]
					}
				}
			}
		},
		"untummyache": {
			"loop": "hold_on_last_frame",
			"animation_length": 0.9167,
			"bones": {
				"head": {
					"rotation": {
						"0.0": [10, 0, 0],
						"0.75": [0, 0, 0]
					},
					"position": {
						"0.0": [0, 0, -0.4],
						"0.75": [0, 0, 0]
					}
				},
				"BaseHead": {
					"rotation": [2.5, 0, 0]
				},
				"LEFT_EYE": {
					"rotation": {
						"0.0": [0, 0, 15],
						"0.5833": [0, 0, 0]
					},
					"scale": {
						"0.0": [1.2, 0.2, 1],
						"0.5833": [1, 1, 1]
					}
				},
				"PUPIL": {
					"scale": {
						"0.0": [1.3, 0.5, 1],
						"0.5833": [1, 1, 1]
					}
				},
				"RIGHT_EYE": {
					"rotation": {
						"0.0": [0, 0, -15],
						"0.75": [0, 0, 0]
					},
					"scale": {
						"0.0": [1.2, 0.2, 1],
						"0.75": [1, 1, 1]
					}
				},
				"PUPIL2": {
					"scale": {
						"0.0": [1.3, 0.5, 1],
						"0.75": [1, 1, 1]
					}
				},
				"armorLeftArm": {
					"rotation": [0, 0, 2.5]
				},
				"LeftArm": {
					"rotation": [0, 0, 0]
				},
				"RightArm": {
					"rotation": [0, 0, 0]
				},
				"LeftLeg": {
					"rotation": [0, 0, 0],
					"position": [0, 0, 0]
				},
				"RightLeg": {
					"rotation": [0, 0, 0],
					"position": [0, 0, 0]
				}
			}
		},
		"new": {
			"loop": true
		},
		"tummyache": {
			"loop": "hold_on_last_frame",
			"animation_length": 1.6667,
			"bones": {
				"head": {
					"rotation": {
						"0.0": [0, 0, 0],
						"1.0417": [17.5, 0, 0],
						"1.2083": [5.83, 0, 0],
						"1.5417": [5, 0, 0],
						"1.6667": [10, 0, 0]
					},
					"position": {
						"0.0": [0, 0, 0],
						"1.6667": [0, 0, -0.4]
					}
				},
				"BaseHead": {
					"rotation": {
						"0.0": [0, 0, 0],
						"1.0417": [-10, 0, 0],
						"1.4167": [2.5, 0, 0]
					}
				},
				"LEFT_EYE": {
					"rotation": {
						"0.0": [0, 0, 0],
						"1.0417": [0, 0, 15]
					},
					"scale": {
						"0.0": [1, 1, 1],
						"1.0417": [1.2, 0.2, 1]
					}
				},
				"PUPIL": {
					"scale": {
						"0.0": [1, 1, 1],
						"1.0417": [1.3, 0.5, 1]
					}
				},
				"RIGHT_EYE": {
					"rotation": {
						"0.0": [0, 0, 0],
						"1.0417": [0, 0, -15]
					},
					"scale": {
						"0.0": [1, 1, 1],
						"1.0417": [1.2, 0.2, 1]
					}
				},
				"PUPIL2": {
					"scale": {
						"0.0": [1, 1, 1],
						"1.0417": [1.3, 0.5, 1]
					}
				},
				"armorLeftArm": {
					"rotation": {
						"0.0": [0, 0, 0],
						"1.0833": [0, 0, 2.5]
					}
				}
			}
		},
		"idle": {
			"loop": "hold_on_last_frame",
			"bones": {
				"armorHead": {
					"position": [0, 0, 0]
				},
				"armorBody": {
					"position": [0, 0, 0]
				},
				"armorLeftArm": {
					"position": [0, 0, 0]
				},
				"armorRightArm": {
					"position": [0, 0, 0]
				},
				"armorLeftLeg": {
					"position": [0, 0, 0]
				},
				"armorRightLeg": {
					"position": [0, 0, 0]
				}
			}
		}
	}
}