{
  "type": "minecraft:jigsaw",
  "biomes": [
    "minecraft:plains",
    "minecraft:taiga",
    "minecraft:snowy_taiga",
    "minecraft:lush_caves",
    "minecraft:deep_dark",
    "minecraft:dripstone_caves",
    "minecraft:forest",
    "minecraft:flower_forest",
    "minecraft:jungle",
    "minecraft:beach"
  ],
  "step": "underground_structures",
  "terrain_adaptation": "encapsulate",
  "spawn_overrides": {},
  "start_pool": "omni_extras:abandoned_lab",
  "size": 1,
  "start_height": {
    "above_bottom": -20
  },
  "project_start_to_heightmap": "WORLD_SURFACE_WG",
  "max_distance_from_center": 5,
  "liquid_settings": "ignore_waterlogging",
  "use_expansion_hack": false
}