{
	"format_version": "1.12.0",
	"minecraft:geometry": [
		{
			"description": {
				"identifier": "geometry.unknown",
				"texture_width": 64,
				"texture_height": 64,
				"visible_bounds_width": 3,
				"visible_bounds_height": 3.5,
				"visible_bounds_offset": [0, 1.25, 0]
			},
			"bones": [
				{
					"name": "armorHead",
					"pivot": [0, 16.3461, -0.612]
				},
				{
					"name": "armorBody",
					"pivot": [0, 9, 0],
					"cubes": [
						{
							"origin": [-2.7267, 25.50831, -2.34],
							"size": [7.73, 7.514, 5.36],
							"pivot": [0.8783, 30.66831, 0.488],
							"rotation": [0, 0, 45],
							"uv": {
								"north": {"uv": [19, 6], "uv_size": [3, 3]},
								"south": {"uv": [36, 47], "uv_size": [-6, 6]}
							}
						},
						{
							"origin": [-1.8267, 21.30831, -2.14],
							"size": [7.23, 7.914, 5.05],
							"pivot": [0.8783, 26.46831, 0.688],
							"rotation": [0, 0, 50],
							"uv": {
								"north": {"uv": [16.2, 4.9], "uv_size": [5.9, 3.7]},
								"south": {"uv": [23, 47], "uv_size": [6, 6]}
							}
						},
						{
							"origin": [0.9302, 33.56935, -2.443],
							"size": [1.103, 2.314, 0.46],
							"pivot": [1.5817, 34.42635, -2.237],
							"rotation": [0, 0, 45],
							"uv": {
								"north": {"uv": [23, 35], "uv_size": [1, 3]},
								"east": {"uv": [36, 15], "uv_size": [1, 3]},
								"south": {"uv": [42, 0], "uv_size": [1, 3]},
								"west": {"uv": [42, 3], "uv_size": [1, 3]},
								"up": {"uv": [30, 23], "uv_size": [1, 1]},
								"down": {"uv": [23, 39], "uv_size": [1, -1]}
							}
						},
						{
							"origin": [1.1302, 33.76935, -2.449],
							"size": [0.703, 1.914, 0.56],
							"pivot": [1.5817, 34.42635, -2.137],
							"rotation": [0, 0, 45],
							"uv": {
								"north": {"uv": [33, 24], "uv_size": [1, 2]},
								"east": {"uv": [18, 42], "uv_size": [1, 2]},
								"south": {"uv": [42, 18], "uv_size": [1, 2]},
								"west": {"uv": [19, 42], "uv_size": [1, 2]},
								"up": {"uv": [23, 42], "uv_size": [1, 1]},
								"down": {"uv": [42, 34], "uv_size": [1, -1]}
							}
						},
						{
							"origin": [-2.0332, 33.56935, -2.443],
							"size": [1.103, 2.314, 0.46],
							"pivot": [-1.5817, 34.42635, -2.237],
							"rotation": [0, 0, -45],
							"uv": {
								"north": {"uv": [24, 35], "uv_size": [-1, 3]},
								"east": {"uv": [43, 3], "uv_size": [-1, 3]},
								"south": {"uv": [43, 0], "uv_size": [-1, 3]},
								"west": {"uv": [37, 15], "uv_size": [-1, 3]},
								"up": {"uv": [31, 23], "uv_size": [-1, 1]},
								"down": {"uv": [24, 39], "uv_size": [-1, -1]}
							}
						},
						{
							"origin": [-1.8332, 33.76935, -2.449],
							"size": [0.703, 1.914, 0.56],
							"pivot": [-1.5817, 34.42635, -2.137],
							"rotation": [0, 0, -45],
							"uv": {
								"north": {"uv": [34, 24], "uv_size": [-1, 2]},
								"east": {"uv": [20, 42], "uv_size": [-1, 2]},
								"south": {"uv": [43, 18], "uv_size": [-1, 2]},
								"west": {"uv": [19, 42], "uv_size": [-1, 2]},
								"up": {"uv": [24, 42], "uv_size": [-1, 1]},
								"down": {"uv": [43, 34], "uv_size": [-1, -1]}
							}
						},
						{
							"origin": [-1.15669, 17.01831, -1.03429],
							"size": [2.38, 5.22, 0.06],
							"pivot": [0.03331, 22.67831, 1.99571],
							"rotation": [15, 0, 0],
							"uv": {
								"north": {"uv": [38, 0], "uv_size": [2, 5]},
								"east": {"uv": [30, 18], "uv_size": [1, 5]},
								"south": {"uv": [38, 5], "uv_size": [2, 5]},
								"west": {"uv": [36, 38], "uv_size": [1, 5]},
								"up": {"uv": [42, 22], "uv_size": [2, 1]},
								"down": {"uv": [42, 24], "uv_size": [2, -1]}
							}
						},
						{
							"origin": [-1.15669, 17.01831, 2.17429],
							"size": [2.38, 5.22, 0.06],
							"pivot": [0.03331, 22.67831, -0.79571],
							"rotation": [-15, 0, 0],
							"uv": {
								"north": {"uv": [38, 10], "uv_size": [2, 5]},
								"east": {"uv": [41, 32], "uv_size": [1, 5]},
								"south": {"uv": [40, 0], "uv_size": [-2, 5]},
								"west": {"uv": [33, 41], "uv_size": [1, 5]},
								"up": {"uv": [42, 24], "uv_size": [2, 1]},
								"down": {"uv": [42, 33], "uv_size": [2, -1]}
							}
						},
						{
							"origin": [-3.75669, 21.51831, -0.83429],
							"size": [7.48, 11.02, 2.9],
							"uv": {
								"north": {"uv": [22, 26], "uv_size": [2, 8]},
								"east": {"uv": [36, 47], "uv_size": [2, 8]},
								"south": {"uv": [21, 46], "uv_size": [2, 8]},
								"west": {"uv": [38, 49], "uv_size": [2, 8]},
								"up": {"uv": [30, 41], "uv_size": [3, 2]},
								"down": {"uv": [36, 52], "uv_size": [2, -2]}
							}
						},
						{
							"origin": [-6.35669, 25.31831, -2.03429],
							"size": [12.68, 2.72, 4.7],
							"uv": {
								"north": {"uv": [24, 32], "uv_size": [2, 8]},
								"east": {"uv": [22, 26], "uv_size": [2, 8]},
								"south": {"uv": [28, 32], "uv_size": [2, 8]},
								"west": {"uv": [22, 26], "uv_size": [2, 8]},
								"up": {"uv": [30, 41], "uv_size": [3, 2]},
								"down": {"uv": [22, 30], "uv_size": [2, -2]}
							}
						}
					]
				},
				{
					"name": "flap",
					"parent": "armorBody",
					"pivot": [3.27489, 24.25329, 0.388],
					"cubes": [
						{
							"origin": [-2.08261, 21.50529, -2.142],
							"size": [10.215, 7.996, 5.06],
							"pivot": [3.27489, 24.25329, 0.388],
							"rotation": [0, 0, -30],
							"uv": {
								"north": {"uv": [0, 33], "uv_size": [9, 8]},
								"south": {"uv": [9, 46], "uv_size": [-9, 8]},
								"west": {"uv": [31, 4], "uv_size": [-5, 8]}
							}
						}
					]
				},
				{
					"name": "flap2",
					"parent": "armorBody",
					"pivot": [-3.27489, 24.25329, 0.388],
					"cubes": [
						{
							"origin": [-8.13239, 21.50529, -2.142],
							"size": [10.215, 7.996, 5.06],
							"pivot": [-3.27489, 24.25329, 0.388],
							"rotation": [0, 0, 30],
							"uv": {
								"north": {"uv": [9, 33], "uv_size": [-9, 8]},
								"east": {"uv": [26, 4], "uv_size": [5, 8]},
								"south": {"uv": [0, 46], "uv_size": [9, 8]}
							}
						}
					]
				},
				{
					"name": "flap3",
					"parent": "armorBody",
					"pivot": [2.47594, 29.40977, 0.388],
					"cubes": [
						{
							"origin": [-2.61406, 26.34977, -2.342],
							"size": [8.88, 7.82, 5.46],
							"pivot": [2.47594, 29.40977, 0.388],
							"rotation": [0, 0, -35],
							"uv": {
								"north": {"uv": [17, 4], "uv_size": [9, 8]},
								"south": {"uv": [9, 46], "uv_size": [9, 8]},
								"west": {"uv": [26, 10], "uv_size": [5, 8]}
							}
						}
					]
				},
				{
					"name": "flap4",
					"parent": "armorBody",
					"pivot": [-2.32294, 29.40977, 0.388],
					"cubes": [
						{
							"origin": [-6.11294, 26.34977, -2.342],
							"size": [8.88, 7.82, 5.46],
							"pivot": [-2.32294, 29.40977, 0.388],
							"rotation": [0, 0, 35],
							"uv": {
								"north": {"uv": [26, 4], "uv_size": [-9, 8]},
								"east": {"uv": [26, 10], "uv_size": [5, 8]},
								"south": {"uv": [18, 46], "uv_size": [-9, 8]}
							}
						}
					]
				},
				{
					"name": "head",
					"parent": "armorBody",
					"pivot": [0.8783, 34.26831, 0.388],
					"cubes": [
						{
							"origin": [-2.6267, 29.10831, -2.442],
							"size": [7.43, 7.414, 5.66],
							"pivot": [0.8783, 34.26831, 0.388],
							"rotation": [0, 0, 45],
							"uv": {
								"north": {"uv": [0, 0], "uv_size": [8, 8]},
								"east": {"uv": [24, 18], "uv_size": [6, 8]},
								"south": {"uv": [0, 8], "uv_size": [8, 8]},
								"up": {"uv": [26, 0], "uv_size": [8, 6]}
							}
						}
					]
				},
				{
					"name": "armorLeftArm",
					"pivot": [6.3, 25.6, 0],
					"rotation": [0, 0, -7.5]
				},
				{
					"name": "TENTACLE_1",
					"parent": "armorLeftArm",
					"pivot": [5.6717, 26.27831, -0.362],
					"rotation": [-15.55051, 31.63672, -24.76707],
					"cubes": [
						{
							"origin": [5.6717, 24.71831, -2.542],
							"size": [0, 1.52, 4.36],
							"uv": {
								"west": {"uv": [56, 19], "uv_size": [8, 2]}
							}
						}
					]
				},
				{
					"name": "TENTACLE_2",
					"parent": "TENTACLE_1",
					"pivot": [5.6717, 24.72831, -0.362],
					"rotation": [0, 0, 2.5],
					"cubes": [
						{
							"origin": [5.6717, 23.21831, -2.542],
							"size": [0, 1.52, 4.36],
							"uv": {
								"west": {"uv": [56, 21], "uv_size": [8, 2]}
							}
						}
					]
				},
				{
					"name": "TENTACLE_3",
					"parent": "TENTACLE_2",
					"pivot": [5.6717, 23.22831, -0.362],
					"rotation": [0, 0, 2.5],
					"cubes": [
						{
							"origin": [5.6717, 21.71831, -2.542],
							"size": [0, 1.52, 4.36],
							"uv": {
								"west": {"uv": [56, 24], "uv_size": [8, 2]}
							}
						}
					]
				},
				{
					"name": "TENTACLE_4",
					"parent": "TENTACLE_3",
					"pivot": [5.6717, 21.72831, -0.362],
					"rotation": [0, 0, 2.5],
					"cubes": [
						{
							"origin": [5.6717, 20.21831, -2.542],
							"size": [0, 1.52, 4.36],
							"uv": {
								"west": {"uv": [56, 25], "uv_size": [8, 2]}
							}
						}
					]
				},
				{
					"name": "TENTACLE_5",
					"parent": "TENTACLE_4",
					"pivot": [5.6717, 20.22831, -0.362],
					"rotation": [0, 0, 2.5],
					"cubes": [
						{
							"origin": [5.6717, 18.71831, -2.542],
							"size": [0, 1.52, 4.36],
							"uv": {
								"west": {"uv": [56, 27], "uv_size": [8, 2]}
							}
						}
					]
				},
				{
					"name": "TENTACLE_6",
					"parent": "TENTACLE_5",
					"pivot": [5.6717, 18.72831, -0.362],
					"rotation": [0, 0, 2.5],
					"cubes": [
						{
							"origin": [5.6717, 17.21831, -2.542],
							"size": [0, 1.52, 4.36],
							"uv": {
								"west": {"uv": [56, 29], "uv_size": [8, 2]}
							}
						}
					]
				},
				{
					"name": "TENTACLE_7",
					"parent": "TENTACLE_6",
					"pivot": [5.6717, 17.22831, -0.362],
					"rotation": [0, 0, 2.5],
					"cubes": [
						{
							"origin": [5.6717, 15.71831, -2.542],
							"size": [0, 1.52, 4.36],
							"uv": {
								"west": {"uv": [56, 31], "uv_size": [8, 2]}
							}
						}
					]
				},
				{
					"name": "TENTACLE_8",
					"parent": "TENTACLE_7",
					"pivot": [5.6717, 15.72831, -0.362],
					"rotation": [0, 0, 5],
					"cubes": [
						{
							"origin": [5.6717, 14.21831, -2.542],
							"size": [0, 1.52, 4.36],
							"uv": {
								"west": {"uv": [56, 33], "uv_size": [8, 2]}
							}
						}
					]
				},
				{
					"name": "TENTACLE_9",
					"parent": "TENTACLE_8",
					"pivot": [5.6717, 14.22831, -0.362],
					"rotation": [0, 0, 2.5],
					"cubes": [
						{
							"origin": [5.6717, 12.71831, -2.542],
							"size": [0, 1.52, 4.36],
							"uv": {
								"west": {"uv": [56, 35], "uv_size": [8, 2]}
							}
						}
					]
				},
				{
					"name": "TENTACLE_10",
					"parent": "TENTACLE_9",
					"pivot": [5.6717, 12.72831, -0.362],
					"rotation": [0, 0, 5],
					"cubes": [
						{
							"origin": [5.6717, 11.21831, -2.542],
							"size": [0, 1.52, 4.36],
							"uv": {
								"west": {"uv": [56, 37], "uv_size": [8, 2]}
							}
						}
					]
				},
				{
					"name": "TENTACLE_11",
					"parent": "TENTACLE_10",
					"pivot": [5.6717, 11.22831, -0.362],
					"rotation": [0, 0, 5],
					"cubes": [
						{
							"origin": [5.6717, 9.71831, -2.542],
							"size": [0, 1.52, 4.36],
							"uv": {
								"west": {"uv": [56, 39], "uv_size": [8, 2]}
							}
						}
					]
				},
				{
					"name": "TENTACLE_12",
					"parent": "TENTACLE_11",
					"pivot": [5.6717, 9.72831, -0.362],
					"cubes": [
						{
							"origin": [5.6717, 8.21831, -2.542],
							"size": [0, 1.52, 4.36],
							"uv": {
								"west": {"uv": [56, 41], "uv_size": [8, 2]}
							}
						}
					]
				},
				{
					"name": "TENTACLE_13",
					"parent": "TENTACLE_12",
					"pivot": [5.6717, 25.02831, 2.638],
					"cubes": [
						{
							"origin": [5.6717, 6.71831, -2.542],
							"size": [0, 1.52, 4.36],
							"uv": {
								"west": {"uv": [56, 43], "uv_size": [8, 2]}
							}
						}
					]
				},
				{
					"name": "TENTACLE_14",
					"parent": "armorLeftArm",
					"pivot": [6.4717, 26.27831, 1.038],
					"rotation": [10.54882, -16.80161, -38.09946],
					"cubes": [
						{
							"origin": [6.4717, 24.71831, -1.142],
							"size": [0, 1.52, 4.36],
							"uv": {
								"west": {"uv": [56, 19], "uv_size": [8, 2]}
							}
						}
					]
				},
				{
					"name": "TENTACLE_15",
					"parent": "TENTACLE_14",
					"pivot": [6.4717, 24.72831, 1.038],
					"rotation": [0, 0, 2.5],
					"cubes": [
						{
							"origin": [6.4717, 23.21831, -1.142],
							"size": [0, 1.52, 4.36],
							"uv": {
								"west": {"uv": [56, 21], "uv_size": [8, 2]}
							}
						}
					]
				},
				{
					"name": "TENTACLE_16",
					"parent": "TENTACLE_15",
					"pivot": [6.4717, 23.22831, 1.038],
					"rotation": [0, 0, 2.5],
					"cubes": [
						{
							"origin": [6.4717, 21.71831, -1.142],
							"size": [0, 1.52, 4.36],
							"uv": {
								"west": {"uv": [56, 24], "uv_size": [8, 2]}
							}
						}
					]
				},
				{
					"name": "TENTACLE_17",
					"parent": "TENTACLE_16",
					"pivot": [6.4717, 21.72831, 1.038],
					"rotation": [0, 0, 2.5],
					"cubes": [
						{
							"origin": [6.4717, 20.21831, -1.142],
							"size": [0, 1.52, 4.36],
							"uv": {
								"west": {"uv": [56, 25], "uv_size": [8, 2]}
							}
						}
					]
				},
				{
					"name": "TENTACLE_18",
					"parent": "TENTACLE_17",
					"pivot": [6.4717, 20.22831, 1.038],
					"rotation": [0, 0, 2.5],
					"cubes": [
						{
							"origin": [6.4717, 18.71831, -1.142],
							"size": [0, 1.52, 4.36],
							"uv": {
								"west": {"uv": [56, 27], "uv_size": [8, 2]}
							}
						}
					]
				},
				{
					"name": "TENTACLE_19",
					"parent": "TENTACLE_18",
					"pivot": [6.4717, 18.72831, 1.038],
					"rotation": [0, 0, 2.5],
					"cubes": [
						{
							"origin": [6.4717, 17.21831, -1.142],
							"size": [0, 1.52, 4.36],
							"uv": {
								"west": {"uv": [56, 29], "uv_size": [8, 2]}
							}
						}
					]
				},
				{
					"name": "TENTACLE_20",
					"parent": "TENTACLE_19",
					"pivot": [6.4717, 17.22831, 1.038],
					"rotation": [0, 0, 2.5],
					"cubes": [
						{
							"origin": [6.4717, 15.71831, -1.142],
							"size": [0, 1.52, 4.36],
							"uv": {
								"west": {"uv": [56, 31], "uv_size": [8, 2]}
							}
						}
					]
				},
				{
					"name": "TENTACLE_21",
					"parent": "TENTACLE_20",
					"pivot": [6.4717, 15.72831, 1.038],
					"rotation": [0, 0, 5],
					"cubes": [
						{
							"origin": [6.4717, 14.21831, -1.142],
							"size": [0, 1.52, 4.36],
							"uv": {
								"west": {"uv": [56, 33], "uv_size": [8, 2]}
							}
						}
					]
				},
				{
					"name": "TENTACLE_22",
					"parent": "TENTACLE_21",
					"pivot": [6.4717, 14.22831, 1.038],
					"rotation": [0, 0, 2.5],
					"cubes": [
						{
							"origin": [6.4717, 12.71831, -1.142],
							"size": [0, 1.52, 4.36],
							"uv": {
								"west": {"uv": [56, 35], "uv_size": [8, 2]}
							}
						}
					]
				},
				{
					"name": "TENTACLE_23",
					"parent": "TENTACLE_22",
					"pivot": [6.4717, 12.72831, 1.038],
					"rotation": [0, 0, 5],
					"cubes": [
						{
							"origin": [6.4717, 11.21831, -1.142],
							"size": [0, 1.52, 4.36],
							"uv": {
								"west": {"uv": [56, 37], "uv_size": [8, 2]}
							}
						}
					]
				},
				{
					"name": "TENTACLE_24",
					"parent": "TENTACLE_23",
					"pivot": [6.4717, 11.22831, 1.038],
					"rotation": [0, 0, 5],
					"cubes": [
						{
							"origin": [6.4717, 9.71831, -1.142],
							"size": [0, 1.52, 4.36],
							"uv": {
								"west": {"uv": [56, 39], "uv_size": [8, 2]}
							}
						}
					]
				},
				{
					"name": "TENTACLE_25",
					"parent": "TENTACLE_24",
					"pivot": [6.4717, 9.72831, 1.038],
					"cubes": [
						{
							"origin": [6.4717, 8.21831, -1.142],
							"size": [0, 1.52, 4.36],
							"uv": {
								"west": {"uv": [56, 41], "uv_size": [8, 2]}
							}
						}
					]
				},
				{
					"name": "TENTACLE_26",
					"parent": "TENTACLE_25",
					"pivot": [6.4717, 25.02831, 4.038],
					"cubes": [
						{
							"origin": [6.4717, 6.71831, -1.142],
							"size": [0, 1.52, 4.36],
							"uv": {
								"west": {"uv": [56, 43], "uv_size": [8, 2]}
							}
						}
					]
				},
				{
					"name": "armorRightArm",
					"pivot": [-6.3, 25.6, 0],
					"rotation": [0, 0, 7.5]
				},
				{
					"name": "TENTACLE_27",
					"parent": "armorRightArm",
					"pivot": [-5.6717, 26.27831, -0.362],
					"rotation": [-15.55051, -31.63672, 24.76707],
					"cubes": [
						{
							"origin": [-5.6717, 24.71831, -2.542],
							"size": [0, 1.52, 4.36],
							"uv": {
								"east": {"uv": [64, 19], "uv_size": [-8, 2]}
							}
						}
					]
				},
				{
					"name": "TENTACLE_28",
					"parent": "TENTACLE_27",
					"pivot": [-5.6717, 24.72831, -0.362],
					"rotation": [0, 0, -2.5],
					"cubes": [
						{
							"origin": [-5.6717, 23.21831, -2.542],
							"size": [0, 1.52, 4.36],
							"uv": {
								"east": {"uv": [64, 21], "uv_size": [-8, 2]}
							}
						}
					]
				},
				{
					"name": "TENTACLE_29",
					"parent": "TENTACLE_28",
					"pivot": [-5.6717, 23.22831, -0.362],
					"rotation": [0, 0, -2.5],
					"cubes": [
						{
							"origin": [-5.6717, 21.71831, -2.542],
							"size": [0, 1.52, 4.36],
							"uv": {
								"east": {"uv": [64, 24], "uv_size": [-8, 2]}
							}
						}
					]
				},
				{
					"name": "TENTACLE_30",
					"parent": "TENTACLE_29",
					"pivot": [-5.6717, 21.72831, -0.362],
					"rotation": [0, 0, -2.5],
					"cubes": [
						{
							"origin": [-5.6717, 20.21831, -2.542],
							"size": [0, 1.52, 4.36],
							"uv": {
								"east": {"uv": [64, 25], "uv_size": [-8, 2]}
							}
						}
					]
				},
				{
					"name": "TENTACLE_31",
					"parent": "TENTACLE_30",
					"pivot": [-5.6717, 20.22831, -0.362],
					"rotation": [0, 0, -2.5],
					"cubes": [
						{
							"origin": [-5.6717, 18.71831, -2.542],
							"size": [0, 1.52, 4.36],
							"uv": {
								"east": {"uv": [64, 27], "uv_size": [-8, 2]}
							}
						}
					]
				},
				{
					"name": "TENTACLE_32",
					"parent": "TENTACLE_31",
					"pivot": [-5.6717, 18.72831, -0.362],
					"rotation": [0, 0, -2.5],
					"cubes": [
						{
							"origin": [-5.6717, 17.21831, -2.542],
							"size": [0, 1.52, 4.36],
							"uv": {
								"east": {"uv": [64, 29], "uv_size": [-8, 2]}
							}
						}
					]
				},
				{
					"name": "TENTACLE_33",
					"parent": "TENTACLE_32",
					"pivot": [-5.6717, 17.22831, -0.362],
					"rotation": [0, 0, -2.5],
					"cubes": [
						{
							"origin": [-5.6717, 15.71831, -2.542],
							"size": [0, 1.52, 4.36],
							"uv": {
								"east": {"uv": [64, 31], "uv_size": [-8, 2]}
							}
						}
					]
				},
				{
					"name": "TENTACLE_34",
					"parent": "TENTACLE_33",
					"pivot": [-5.6717, 15.72831, -0.362],
					"rotation": [0, 0, -5],
					"cubes": [
						{
							"origin": [-5.6717, 14.21831, -2.542],
							"size": [0, 1.52, 4.36],
							"uv": {
								"east": {"uv": [64, 33], "uv_size": [-8, 2]}
							}
						}
					]
				},
				{
					"name": "TENTACLE_35",
					"parent": "TENTACLE_34",
					"pivot": [-5.6717, 14.22831, -0.362],
					"rotation": [0, 0, -2.5],
					"cubes": [
						{
							"origin": [-5.6717, 12.71831, -2.542],
							"size": [0, 1.52, 4.36],
							"uv": {
								"east": {"uv": [64, 35], "uv_size": [-8, 2]}
							}
						}
					]
				},
				{
					"name": "TENTACLE_36",
					"parent": "TENTACLE_35",
					"pivot": [-5.6717, 12.72831, -0.362],
					"rotation": [0, 0, -5],
					"cubes": [
						{
							"origin": [-5.6717, 11.21831, -2.542],
							"size": [0, 1.52, 4.36],
							"uv": {
								"east": {"uv": [64, 37], "uv_size": [-8, 2]}
							}
						}
					]
				},
				{
					"name": "TENTACLE_37",
					"parent": "TENTACLE_36",
					"pivot": [-5.6717, 11.22831, -0.362],
					"rotation": [0, 0, -5],
					"cubes": [
						{
							"origin": [-5.6717, 9.71831, -2.542],
							"size": [0, 1.52, 4.36],
							"uv": {
								"east": {"uv": [64, 39], "uv_size": [-8, 2]}
							}
						}
					]
				},
				{
					"name": "TENTACLE_38",
					"parent": "TENTACLE_37",
					"pivot": [-5.6717, 9.72831, -0.362],
					"cubes": [
						{
							"origin": [-5.6717, 8.21831, -2.542],
							"size": [0, 1.52, 4.36],
							"uv": {
								"east": {"uv": [64, 41], "uv_size": [-8, 2]}
							}
						}
					]
				},
				{
					"name": "TENTACLE_39",
					"parent": "TENTACLE_38",
					"pivot": [-5.6717, 25.02831, 2.638],
					"cubes": [
						{
							"origin": [-5.6717, 6.71831, -2.542],
							"size": [0, 1.52, 4.36],
							"uv": {
								"east": {"uv": [64, 43], "uv_size": [-8, 2]}
							}
						}
					]
				},
				{
					"name": "TENTACLE_40",
					"parent": "armorRightArm",
					"pivot": [-6.4717, 26.27831, 1.038],
					"rotation": [10.54882, 16.80161, 38.09946],
					"cubes": [
						{
							"origin": [-6.4717, 24.71831, -1.142],
							"size": [0, 1.52, 4.36],
							"uv": {
								"east": {"uv": [64, 19], "uv_size": [-8, 2]}
							}
						}
					]
				},
				{
					"name": "TENTACLE_41",
					"parent": "TENTACLE_40",
					"pivot": [-6.4717, 24.72831, 1.038],
					"rotation": [0, 0, -2.5],
					"cubes": [
						{
							"origin": [-6.4717, 23.21831, -1.142],
							"size": [0, 1.52, 4.36],
							"uv": {
								"east": {"uv": [64, 21], "uv_size": [-8, 2]}
							}
						}
					]
				},
				{
					"name": "TENTACLE_42",
					"parent": "TENTACLE_41",
					"pivot": [-6.4717, 23.22831, 1.038],
					"rotation": [0, 0, -2.5],
					"cubes": [
						{
							"origin": [-6.4717, 21.71831, -1.142],
							"size": [0, 1.52, 4.36],
							"uv": {
								"east": {"uv": [64, 24], "uv_size": [-8, 2]}
							}
						}
					]
				},
				{
					"name": "TENTACLE_43",
					"parent": "TENTACLE_42",
					"pivot": [-6.4717, 21.72831, 1.038],
					"rotation": [0, 0, -2.5],
					"cubes": [
						{
							"origin": [-6.4717, 20.21831, -1.142],
							"size": [0, 1.52, 4.36],
							"uv": {
								"east": {"uv": [64, 25], "uv_size": [-8, 2]}
							}
						}
					]
				},
				{
					"name": "TENTACLE_44",
					"parent": "TENTACLE_43",
					"pivot": [-6.4717, 20.22831, 1.038],
					"rotation": [0, 0, -2.5],
					"cubes": [
						{
							"origin": [-6.4717, 18.71831, -1.142],
							"size": [0, 1.52, 4.36],
							"uv": {
								"east": {"uv": [64, 27], "uv_size": [-8, 2]}
							}
						}
					]
				},
				{
					"name": "TENTACLE_45",
					"parent": "TENTACLE_44",
					"pivot": [-6.4717, 18.72831, 1.038],
					"rotation": [0, 0, -2.5],
					"cubes": [
						{
							"origin": [-6.4717, 17.21831, -1.142],
							"size": [0, 1.52, 4.36],
							"uv": {
								"east": {"uv": [64, 29], "uv_size": [-8, 2]}
							}
						}
					]
				},
				{
					"name": "TENTACLE_46",
					"parent": "TENTACLE_45",
					"pivot": [-6.4717, 17.22831, 1.038],
					"rotation": [0, 0, -2.5],
					"cubes": [
						{
							"origin": [-6.4717, 15.71831, -1.142],
							"size": [0, 1.52, 4.36],
							"uv": {
								"east": {"uv": [64, 31], "uv_size": [-8, 2]}
							}
						}
					]
				},
				{
					"name": "TENTACLE_47",
					"parent": "TENTACLE_46",
					"pivot": [-6.4717, 15.72831, 1.038],
					"rotation": [0, 0, -5],
					"cubes": [
						{
							"origin": [-6.4717, 14.21831, -1.142],
							"size": [0, 1.52, 4.36],
							"uv": {
								"east": {"uv": [64, 33], "uv_size": [-8, 2]}
							}
						}
					]
				},
				{
					"name": "TENTACLE_48",
					"parent": "TENTACLE_47",
					"pivot": [-6.4717, 14.22831, 1.038],
					"rotation": [0, 0, -2.5],
					"cubes": [
						{
							"origin": [-6.4717, 12.71831, -1.142],
							"size": [0, 1.52, 4.36],
							"uv": {
								"east": {"uv": [64, 35], "uv_size": [-8, 2]}
							}
						}
					]
				},
				{
					"name": "TENTACLE_49",
					"parent": "TENTACLE_48",
					"pivot": [-6.4717, 12.72831, 1.038],
					"rotation": [0, 0, -5],
					"cubes": [
						{
							"origin": [-6.4717, 11.21831, -1.142],
							"size": [0, 1.52, 4.36],
							"uv": {
								"east": {"uv": [64, 37], "uv_size": [-8, 2]}
							}
						}
					]
				},
				{
					"name": "TENTACLE_50",
					"parent": "TENTACLE_49",
					"pivot": [-6.4717, 11.22831, 1.038],
					"rotation": [0, 0, -5],
					"cubes": [
						{
							"origin": [-6.4717, 9.71831, -1.142],
							"size": [0, 1.52, 4.36],
							"uv": {
								"east": {"uv": [64, 39], "uv_size": [-8, 2]}
							}
						}
					]
				},
				{
					"name": "TENTACLE_51",
					"parent": "TENTACLE_50",
					"pivot": [-6.4717, 9.72831, 1.038],
					"cubes": [
						{
							"origin": [-6.4717, 8.21831, -1.142],
							"size": [0, 1.52, 4.36],
							"uv": {
								"east": {"uv": [64, 41], "uv_size": [-8, 2]}
							}
						}
					]
				},
				{
					"name": "TENTACLE_52",
					"parent": "TENTACLE_51",
					"pivot": [-6.4717, 25.02831, 4.038],
					"cubes": [
						{
							"origin": [-6.4717, 6.71831, -1.142],
							"size": [0, 1.52, 4.36],
							"uv": {
								"east": {"uv": [64, 43], "uv_size": [-8, 2]}
							}
						}
					]
				},
				{
					"name": "armorRightLeg",
					"pivot": [-2, 21.2, 0],
					"rotation": [0, 7.5, 0],
					"cubes": [
						{
							"origin": [-3.72331, 15.31831, -0.63429],
							"size": [2.58, 6.22, 2.46],
							"uv": {
								"north": {"uv": [31, 6], "uv_size": [3, 9]},
								"east": {"uv": [34, 32], "uv_size": [-2, 9]},
								"south": {"uv": [31, 15], "uv_size": [3, 9]},
								"west": {"uv": [32, 32], "uv_size": [2, 9]},
								"up": {"uv": [7, 41], "uv_size": [3, 2]},
								"down": {"uv": [10, 43], "uv_size": [3, -2]}
							}
						},
						{
							"origin": [-3.52331, 10.51831, -0.43429],
							"size": [2.18, 4.82, 2.06],
							"uv": {
								"north": {"uv": [36, 0], "uv_size": [2, 5]},
								"east": {"uv": [36, 5], "uv_size": [2, 5]},
								"south": {"uv": [36, 10], "uv_size": [2, 5]},
								"west": {"uv": [39, 15], "uv_size": [-2, 5]},
								"up": {"uv": [41, 37], "uv_size": [2, 2]},
								"down": {"uv": [39, 43], "uv_size": [2, -2]}
							}
						},
						{
							"origin": [-3.7717, 7.31831, -0.542],
							"size": [2.58, 3.42, 2.26],
							"uv": {
								"north": {"uv": [39, 15], "uv_size": [3, 3]},
								"east": {"uv": [40, 12], "uv_size": [2, 3]},
								"south": {"uv": [18, 39], "uv_size": [3, 3]},
								"west": {"uv": [2, 41], "uv_size": [2, 3]},
								"up": {"uv": [39, 18], "uv_size": [3, 2]},
								"down": {"uv": [4, 43], "uv_size": [3, -2]}
							}
						},
						{
							"origin": [-5.6717, 5.91831, 0.718],
							"size": [1.98, 4.02, 0],
							"uv": {
								"north": {"uv": [40, 0], "uv_size": [2, 4]}
							}
						},
						{
							"origin": [-6.0717, 15.41831, 0.718],
							"size": [2.38, 5.42, 0],
							"uv": {
								"north": {"uv": [41, 33], "uv_size": [-2, 4]}
							}
						}
					]
				},
				{
					"name": "feet2",
					"parent": "armorRightLeg",
					"pivot": [-2.4817, 7.27831, -1.012],
					"cubes": [
						{
							"origin": [-3.7717, 5.21831, -3.642],
							"size": [2.58, 2.12, 5.36],
							"uv": {
								"north": {"uv": [5, 16], "uv_size": [3, 2]},
								"east": {"uv": [0, 16], "uv_size": [5, 2]},
								"south": {"uv": [30, 24], "uv_size": [3, 2]},
								"west": {"uv": [18, 35], "uv_size": [5, 2]},
								"up": {"uv": [34, 18], "uv_size": [3, 5]},
								"down": {"uv": [34, 28], "uv_size": [3, -5]}
							}
						}
					]
				},
				{
					"name": "armorLeftLeg",
					"pivot": [2, 21.2, 0],
					"rotation": [0, -10, 0],
					"cubes": [
						{
							"origin": [1.14331, 15.31831, -0.63429],
							"size": [2.58, 6.22, 2.46],
							"uv": {
								"north": {"uv": [34, 6], "uv_size": [-3, 9]},
								"east": {"uv": [34, 32], "uv_size": [-2, 9]},
								"south": {"uv": [34, 15], "uv_size": [-3, 9]},
								"west": {"uv": [32, 32], "uv_size": [2, 9]},
								"up": {"uv": [10, 41], "uv_size": [-3, 2]},
								"down": {"uv": [13, 43], "uv_size": [-3, -2]}
							}
						},
						{
							"origin": [1.34331, 10.51831, -0.43429],
							"size": [2.18, 4.82, 2.06],
							"uv": {
								"north": {"uv": [38, 0], "uv_size": [-2, 5]},
								"east": {"uv": [37, 15], "uv_size": [2, 5]},
								"south": {"uv": [38, 10], "uv_size": [-2, 5]},
								"west": {"uv": [38, 5], "uv_size": [-2, 5]},
								"up": {"uv": [43, 37], "uv_size": [-2, 2]},
								"down": {"uv": [41, 43], "uv_size": [-2, -2]}
							}
						},
						{
							"origin": [1.1917, 7.31831, -0.542],
							"size": [2.58, 3.42, 2.26],
							"uv": {
								"north": {"uv": [42, 15], "uv_size": [-3, 3]},
								"east": {"uv": [4, 41], "uv_size": [-2, 3]},
								"south": {"uv": [21, 39], "uv_size": [-3, 3]},
								"west": {"uv": [42, 12], "uv_size": [-2, 3]},
								"up": {"uv": [42, 18], "uv_size": [-3, 2]},
								"down": {"uv": [7, 43], "uv_size": [-3, -2]}
							}
						},
						{
							"origin": [3.6917, 5.91831, 0.718],
							"size": [1.98, 4.02, 0],
							"uv": {
								"north": {"uv": [42, 0], "uv_size": [-2, 4]}
							}
						},
						{
							"origin": [3.6917, 15.41831, 0.718],
							"size": [2.38, 5.42, 0],
							"uv": {
								"north": {"uv": [39, 33], "uv_size": [2, 4]}
							}
						}
					]
				},
				{
					"name": "feet",
					"parent": "armorLeftLeg",
					"pivot": [2.4817, 7.27831, -1.012],
					"cubes": [
						{
							"origin": [1.1917, 5.21831, -3.642],
							"size": [2.58, 2.12, 5.36],
							"uv": {
								"north": {"uv": [8, 16], "uv_size": [-3, 2]},
								"east": {"uv": [23, 35], "uv_size": [-5, 2]},
								"south": {"uv": [33, 24], "uv_size": [-3, 2]},
								"west": {"uv": [5, 16], "uv_size": [-5, 2]},
								"up": {"uv": [37, 18], "uv_size": [-3, 5]},
								"down": {"uv": [37, 28], "uv_size": [-3, -5]}
							}
						}
					]
				}
			]
		}
	]
}