{
    "name": {
        "text": "Xylene"
    },
    "icon": {
        "type": "palladium:texture",
        "texture": "alienevo:textures/gui/playlists/playlist_2/head_0.png"
    },
    "persistent_data": true,
    "hidden": false,
    "background": "alienevo:textures/gui/power_screen/power_screen.png",
    "primary_color": "#86d698",
    "secondary_color": "#332e27",
    "ability_bar_texture": "alienevo:textures/gui/ability_bar/interface.png",
    "abilities": {
        "xylene_render": {
            "type": "palladium:render_layer",
            "hidden": true,
            "render_layer": "omni_extras:xylene_layer"
        },
        "astrobot_loop": {
      "type": "palladium:command",
      "hidden": true,
      "first_tick_commands": [
        "scale set pehkui:held_item 0",
        "team join passive @e[sort=nearest, distance=0..2]",
        "scale set pehkui:hitbox_width 1",
        "scale set pehkui:hitbox_height 1.1",
        "scale set pehkui:eye_height 1.15"
      ],
      "last_tick_commands": [""],
      "commands": []
    },
    "hide_body": {
      "type": "palladium:hide_body_part",
      "hidden": true,
      "hidden_in_bar": true,
      "body_parts": [
        "right_arm",
        "left_arm",
        "chest",
        "chest_overlay",
        "right_arm_overlay",
        "left_arm_overlay",
        "right_leg",
        "left_leg",
        "cape",
        "right_leg_overlay",
        "left_leg_overlay",
        "head",
        "head_overlay"
      ],
      "affects_first_person": true
    }
    }
}