{
	"format_version": "1.12.0",
	"minecraft:geometry": [
		{
			"description": {
				"identifier": "geometry.evo2",
				"texture_width": 16,
				"texture_height": 16,
				"visible_bounds_width": 3,
				"visible_bounds_height": 3.5,
				"visible_bounds_offset": [0, 1.25, 0]
			},
			"bones": [
				{
					"name": "armorHead",
					"pivot": [-3.7095, 22.70757, 0.19669],
					"rotation": [2.5, 0, 0]
				},
				{
					"name": "BaseHead",
					"parent": "armorHead",
					"pivot": [9.54177, 23.27299, 5.2942]
				},
				{
					"name": "Jaw",
					"parent": "armorHead",
					"pivot": [-3.7095, 30.70173, -1.73299]
				},
				{
					"name": "armorBody",
					"pivot": [-3.7095, 12.13772, -0.50867]
				},
				{
					"name": "TAIL_BASE",
					"parent": "armorBody",
					"pivot": [-3.7095, 4.50821, 6.31774]
				},
				{
					"name": "TAIL_LOWMID",
					"parent": "TAIL_BASE",
					"pivot": [-3.7095, 4.50821, 8.32551]
				},
				{
					"name": "TAIL_HIGHMID",
					"parent": "TAIL_LOWMID",
					"pivot": [-3.7095, 4.50821, 12.34104]
				},
				{
					"name": "armorLeftArm",
					"pivot": [7.5, 15.975, -0.7]
				},
				{
					"name": "LeftArm",
					"parent": "armorLeftArm",
					"pivot": [7.3334, 15.7521, -0.41],
					"rotation": [0, 0, -30],
					"cubes": [
						{
							"origin": [8.40667, 10.59568, 0.04567],
							"size": [2.70598, 2.70598, 1.38508],
							"inflate": 0.1,
							"pivot": [9.53466, 13.31434, -0.62224],
							"rotation": [32.66209, -88.91437, -32.74853],
							"uv": {
								"north": {"uv": [0, 0], "uv_size": [9, 9]},
								"east": {"uv": [12, 0], "uv_size": [1, 2]},
								"south": {"uv": [13, 0], "uv_size": [2, 2]},
								"west": {"uv": [11, 0], "uv_size": [1, 2]},
								"up": {"uv": [9, 0], "uv_size": [2, 1]},
								"down": {"uv": [10, 2], "uv_size": [2, -1]}
							}
						}
					]
				},
				{
					"name": "armorRightArm",
					"pivot": [-11.53979, 17.14922, 0.5956]
				},
				{
					"name": "rightarm_rot",
					"parent": "armorRightArm",
					"pivot": [-11.04165, 16.95262, 0.89677],
					"rotation": [0, 0, 27.5]
				},
				{
					"name": "armorLeftLeg",
					"pivot": [1.30992, 6.11442, -0.50867]
				},
				{
					"name": "armorRightLeg",
					"pivot": [-8.77911, 3.7051, 0.69599]
				}
			]
		}
	]
}