{
	"format_version": "1.21.0",
	"minecraft:geometry": [
		{
			"description": {
				"identifier": "geometry.Big Chill",
				"texture_width": 64,
				"texture_height": 64,
				"visible_bounds_width": 8,
				"visible_bounds_height": 6,
				"visible_bounds_offset": [0, 1, 0]
			},
			"bones": [
				{
					"name": "armorLeftArm",
					"pivot": [5, 22, -0.25]
				},
				{
					"name": "recal_omnitrix",
					"parent": "armorLeftArm",
					"pivot": [6, 21, -0.25]
				},
				{
					"name": "core",
					"parent": "recal_omnitrix",
					"pivot": [8.7475, 14.75, -0.25]
				},
				{
					"name": "hologram",
					"parent": "core",
					"pivot": [9.25, 14.75, -0.25]
				},
				{
					"name": "Head",
					"parent": "hologram",
					"pivot": [13.02154, 14.73538, -0.46308],
					"rotation": [0, 0, 90]
				},
				{
					"name": "armorHead2",
					"parent": "Head",
					"pivot": [13.05, 14.90848, -0.16089],
					"rotation": [2.5, 0, 0]
				},
				{
					"name": "head3",
					"parent": "armorHead2",
					"pivot": [13.05, 13.76986, -0.0698]
				},
				{
					"name": "BaseHead",
					"parent": "head3",
					"pivot": [13.14109, 13.55732, 0.20347],
					"cubes": [
						{
							"origin": [12.50346, 13.54294, -0.6983],
							"size": [1.10825, 0.95644, 0.91089],
							"uv": {
								"north": {"uv": [18, 0], "uv_size": [7, 6]},
								"east": {"uv": [31, 0], "uv_size": [-6, 6]},
								"south": {"uv": [0, 21], "uv_size": [7, 6]},
								"west": {"uv": [25, 0], "uv_size": [6, 6]},
								"up": {"uv": [7, 21], "uv_size": [7, 6]},
								"down": {"uv": [14, 27], "uv_size": [7, -6]}
							}
						},
						{
							"origin": [13.51076, 14.5039, -0.17388],
							"size": [0.19736, 0.18218, 0.167],
							"pivot": [14.0368, 14.93884, 0.41601],
							"rotation": [17.84366, 14.97416, 0.78828],
							"uv": {
								"north": {"uv": [31, 15], "uv_size": [1, 1]},
								"east": {"uv": [32, 19], "uv_size": [2, 1]},
								"south": {"uv": [34, 12], "uv_size": [1, 1]},
								"west": {"uv": [22, 33], "uv_size": [2, 1]},
								"up": {"uv": [3, 10], "uv_size": [1, 2]},
								"down": {"uv": [21, 8], "uv_size": [1, -2]}
							}
						},
						{
							"origin": [12.39895, 13.90351, 0.11189],
							"size": [0.19736, 0.18218, 0.27327],
							"pivot": [13.06518, 14.33158, 0.71964],
							"rotation": [18.32895, -14.9742, 2.41406],
							"uv": {
								"north": {"uv": [34, 21], "uv_size": [1, 1]},
								"east": {"uv": [34, 6], "uv_size": [2, 1]},
								"south": {"uv": [22, 34], "uv_size": [1, 1]},
								"west": {"uv": [34, 7], "uv_size": [2, 1]},
								"up": {"uv": [34, 8], "uv_size": [1, 2]},
								"down": {"uv": [34, 12], "uv_size": [1, -2]}
							}
						},
						{
							"origin": [12.38738, 14.2044, 0.11826],
							"size": [0.19736, 0.18218, 0.27327],
							"pivot": [13.06518, 14.63521, 0.71964],
							"rotation": [18.06707, -14.9742, 1.59063],
							"uv": {
								"north": {"uv": [34, 19], "uv_size": [1, 1]},
								"east": {"uv": [34, 0], "uv_size": [2, 1]},
								"south": {"uv": [34, 20], "uv_size": [1, 1]},
								"west": {"uv": [34, 1], "uv_size": [2, 1]},
								"up": {"uv": [34, 2], "uv_size": [1, 2]},
								"down": {"uv": [34, 6], "uv_size": [1, -2]}
							}
						},
						{
							"origin": [12.3761, 14.50572, 0.1241],
							"size": [0.19736, 0.18218, 0.167],
							"pivot": [13.08036, 14.93884, 0.71964],
							"rotation": [17.84366, -14.9742, 0.78828],
							"uv": {
								"north": {"uv": [34, 17], "uv_size": [1, 1]},
								"east": {"uv": [29, 33], "uv_size": [2, 1]},
								"south": {"uv": [34, 18], "uv_size": [1, 1]},
								"west": {"uv": [33, 30], "uv_size": [2, 1]},
								"up": {"uv": [33, 31], "uv_size": [1, 2]},
								"down": {"uv": [33, 35], "uv_size": [1, -2]}
							}
						},
						{
							"origin": [13.53841, 14.20027, -0.17271],
							"size": [0.19736, 0.18218, 0.27327],
							"pivot": [14.05198, 14.63521, 0.41601],
							"rotation": [18.06707, 17.35244, 1.59063],
							"uv": {
								"north": {"uv": [34, 13], "uv_size": [1, 1]},
								"east": {"uv": [24, 33], "uv_size": [2, 1]},
								"south": {"uv": [34, 14], "uv_size": [1, 1]},
								"west": {"uv": [33, 24], "uv_size": [2, 1]},
								"up": {"uv": [28, 16], "uv_size": [1, 2]},
								"down": {"uv": [33, 27], "uv_size": [1, -2]}
							}
						},
						{
							"origin": [13.55081, 13.89664, -0.17101],
							"size": [0.19736, 0.18218, 0.27327],
							"pivot": [14.05198, 14.33158, 0.41601],
							"rotation": [18.32895, 19.72744, 2.41406],
							"uv": {
								"north": {"uv": [34, 15], "uv_size": [1, 1]},
								"east": {"uv": [26, 33], "uv_size": [2, 1]},
								"south": {"uv": [34, 16], "uv_size": [1, 1]},
								"west": {"uv": [33, 27], "uv_size": [2, 1]},
								"up": {"uv": [28, 33], "uv_size": [1, 2]},
								"down": {"uv": [33, 30], "uv_size": [1, -2]}
							}
						},
						{
							"origin": [12.62492, 13.4063, -0.68312],
							"size": [0.91089, 0.15181, 0],
							"uv": {
								"north": {"uv": [39, 2], "uv_size": [6, 5]},
								"east": {"uv": [39, 2], "uv_size": [0, 1]},
								"south": {"uv": [45, 2], "uv_size": [6, 1]},
								"west": {"uv": [45, 2], "uv_size": [0, 1]},
								"up": {"uv": [39, 2], "uv_size": [6, 0]},
								"down": {"uv": [45, 2], "uv_size": [6, 0]}
							}
						}
					]
				},
				{
					"name": "LEFT_EYE",
					"parent": "BaseHead",
					"pivot": [13.3564, 14.13687, -0.72217],
					"cubes": [
						{
							"origin": [12.98241, 13.98696, -0.71175],
							"size": [0.6669, 0.27845, 0.03795],
							"pivot": [13.30809, 14.19432, -0.71175],
							"rotation": [0.43389, -0.75175, -39.98419],
							"uv": {
								"north": {"uv": [59, 0], "uv_size": [5, 3]}
							}
						}
					]
				},
				{
					"name": "PUPIL",
					"parent": "LEFT_EYE",
					"pivot": [13.35363, 14.22012, -0.64626],
					"cubes": [
						{
							"origin": [13.16663, 14.04769, -0.73832],
							"size": [0.29809, 0.157, 0.03795],
							"pivot": [13.30809, 14.19432, -0.71175],
							"rotation": [0.43389, -0.75175, -39.98419],
							"uv": {
								"north": {"uv": [62, 6], "uv_size": [2, 1]}
							}
						}
					]
				},
				{
					"name": "RIGHT_EYE",
					"parent": "BaseHead",
					"pivot": [12.75887, 14.13529, -0.72217],
					"cubes": [
						{
							"origin": [12.45069, 13.98696, -0.71175],
							"size": [0.6669, 0.27845, 0.03795],
							"pivot": [12.79191, 14.19432, -0.71175],
							"rotation": [0.43389, 0.75175, 39.98419],
							"uv": {
								"north": {"uv": [64, 0], "uv_size": [-5, 3]}
							}
						}
					]
				},
				{
					"name": "PUPIL2",
					"parent": "RIGHT_EYE",
					"pivot": [12.77673, 14.18976, -0.64626],
					"cubes": [
						{
							"origin": [12.63528, 14.04769, -0.73832],
							"size": [0.29809, 0.157, 0.03795],
							"pivot": [12.79191, 14.19432, -0.71175],
							"rotation": [0.43389, 0.75175, 39.98419],
							"uv": {
								"north": {"uv": [64, 6], "uv_size": [-2, 1]}
							}
						}
					]
				},
				{
					"name": "Jaw",
					"parent": "head3",
					"pivot": [13.01584, 13.49215, -0.47013],
					"cubes": [
						{
							"origin": [12.51865, 13.54294, -0.71348],
							"size": [0.91089, 0.15181, 0.04554],
							"uv": {
								"north": {"uv": [44, 2], "uv_size": [6, 5]},
								"east": {"uv": [60, 25], "uv_size": [4, 4]},
								"south": {"uv": [45, 2], "uv_size": [6, 1]},
								"west": {"uv": [45, 2], "uv_size": [0, 1]},
								"up": {"uv": [39, 2], "uv_size": [6, 0]},
								"down": {"uv": [45, 2], "uv_size": [6, 0]}
							}
						},
						{
							"origin": [12.50345, 13.16578, -0.78476],
							"size": [1.10828, 0.4099, 0.94126],
							"pivot": [13.05, 14.84775, -0.16089],
							"rotation": [2.5, 0, 0],
							"uv": {
								"north": {"uv": [22, 18], "uv_size": [7, 3]},
								"east": {"uv": [6, 0], "uv_size": [6, 3]},
								"south": {"uv": [12, 27], "uv_size": [7, 3]},
								"west": {"uv": [12, 0], "uv_size": [-6, 3]},
								"up": {"uv": [14, 21], "uv_size": [7, 6]},
								"down": {"uv": [22, 12], "uv_size": [7, -6]}
							}
						}
					]
				},
				{
					"name": "TONGE_BASE",
					"parent": "Jaw",
					"pivot": [13.06518, 13.4484, -0.19131],
					"cubes": [
						{
							"origin": [12.83746, 13.4484, -0.34313],
							"size": [0.45545, 0, 0.15182],
							"uv": {
								"north": {"uv": [58, 18], "uv_size": [3, 0]},
								"east": {"uv": [50, 18], "uv_size": [8, 0]},
								"south": {"uv": [69, 18], "uv_size": [3, 0]},
								"west": {"uv": [61, 18], "uv_size": [8, 0]},
								"up": {"uv": [56, 9], "uv_size": [7, 2]},
								"down": {"uv": [57, 33], "uv_size": [3, -8]}
							}
						}
					]
				},
				{
					"name": "TONGUE_LOWMID",
					"parent": "TONGE_BASE",
					"pivot": [13.06518, 13.4484, -0.34313],
					"cubes": [
						{
							"origin": [12.83746, 13.4484, -0.49494],
							"size": [0.45545, 0, 0.15182],
							"uv": {
								"north": {"uv": [58, 18], "uv_size": [3, 0]},
								"east": {"uv": [50, 18], "uv_size": [8, 0]},
								"south": {"uv": [69, 18], "uv_size": [3, 0]},
								"west": {"uv": [61, 18], "uv_size": [8, 0]},
								"up": {"uv": [56, 9], "uv_size": [7, 2]},
								"down": {"uv": [57, 33], "uv_size": [3, -8]}
							}
						}
					]
				},
				{
					"name": "TONGUE_HIGHMID",
					"parent": "TONGUE_LOWMID",
					"pivot": [13.06518, 13.4484, -0.49494],
					"cubes": [
						{
							"origin": [12.83746, 13.4484, -0.64676],
							"size": [0.45545, 0, 0.15182],
							"uv": {
								"north": {"uv": [58, 18], "uv_size": [3, 0]},
								"east": {"uv": [50, 18], "uv_size": [8, 0]},
								"south": {"uv": [69, 18], "uv_size": [3, 0]},
								"west": {"uv": [61, 18], "uv_size": [8, 0]},
								"up": {"uv": [56, 11], "uv_size": [7, 2]},
								"down": {"uv": [57, 33], "uv_size": [3, -8]}
							}
						}
					]
				},
				{
					"name": "TONGUE_HIGH",
					"parent": "TONGUE_HIGHMID",
					"pivot": [13.06518, 13.4484, -0.64676],
					"rotation": [-177.5, 0, 0],
					"cubes": [
						{
							"origin": [12.83746, 13.4484, -0.79857],
							"size": [0.45545, 0, 0.15182],
							"uv": {
								"north": {"uv": [58, 18], "uv_size": [3, 0]},
								"east": {"uv": [50, 18], "uv_size": [8, 0]},
								"south": {"uv": [69, 18], "uv_size": [3, 0]},
								"west": {"uv": [61, 18], "uv_size": [8, 0]},
								"up": {"uv": [56, 12], "uv_size": [7, 2]},
								"down": {"uv": [57, 33], "uv_size": [3, -8]}
							}
						}
					]
				},
				{
					"name": "TONGUE_HIGHER",
					"parent": "TONGUE_HIGH",
					"pivot": [13.06518, 13.4484, -0.79857],
					"cubes": [
						{
							"origin": [12.83746, 13.4484, -0.95039],
							"size": [0.45545, 0, 0.15182],
							"uv": {
								"north": {"uv": [58, 18], "uv_size": [3, 0]},
								"east": {"uv": [50, 18], "uv_size": [8, 0]},
								"south": {"uv": [69, 18], "uv_size": [3, 0]},
								"west": {"uv": [61, 18], "uv_size": [8, 0]},
								"up": {"uv": [56, 13], "uv_size": [7, 2]},
								"down": {"uv": [57, 33], "uv_size": [3, -8]}
							}
						}
					]
				},
				{
					"name": "TONGUE_HIGHEST",
					"parent": "TONGUE_HIGHER",
					"pivot": [13.06518, 13.4484, -0.95039],
					"cubes": [
						{
							"origin": [12.83746, 13.4484, -1.1022],
							"size": [0.45545, 0, 0.15182],
							"uv": {
								"north": {"uv": [58, 18], "uv_size": [3, 0]},
								"east": {"uv": [50, 18], "uv_size": [8, 0]},
								"south": {"uv": [69, 18], "uv_size": [3, 0]},
								"west": {"uv": [61, 18], "uv_size": [8, 0]},
								"up": {"uv": [56, 14], "uv_size": [7, 2]},
								"down": {"uv": [57, 33], "uv_size": [3, -8]}
							}
						}
					]
				},
				{
					"name": "TONGUE_FINAL",
					"parent": "TONGUE_HIGHEST",
					"pivot": [13.06518, 13.4484, -1.1022],
					"cubes": [
						{
							"origin": [12.83746, 13.4484, -1.25402],
							"size": [0.45545, 0, 0.15182],
							"uv": {
								"north": {"uv": [58, 18], "uv_size": [3, 0]},
								"east": {"uv": [50, 18], "uv_size": [8, 0]},
								"south": {"uv": [69, 18], "uv_size": [3, 0]},
								"west": {"uv": [61, 18], "uv_size": [8, 0]},
								"up": {"uv": [56, 16], "uv_size": [7, 2]},
								"down": {"uv": [57, 33], "uv_size": [3, -8]}
							}
						}
					]
				},
				{
					"name": "TONGUE_FINALIST",
					"parent": "TONGUE_FINAL",
					"pivot": [13.06518, 13.4484, -1.25402],
					"cubes": [
						{
							"origin": [12.83746, 13.4484, -1.40584],
							"size": [0.45545, 0, 0.15182],
							"uv": {
								"north": {"uv": [58, 18], "uv_size": [3, 0]},
								"east": {"uv": [50, 18], "uv_size": [8, 0]},
								"south": {"uv": [69, 18], "uv_size": [3, 0]},
								"west": {"uv": [61, 18], "uv_size": [8, 0]},
								"up": {"uv": [56, 17], "uv_size": [7, 2]},
								"down": {"uv": [57, 33], "uv_size": [3, -8]}
							}
						}
					]
				},
				{
					"name": "armorBody2",
					"parent": "Head",
					"pivot": [13.05, 12.70716, -0.16089],
					"cubes": [
						{
							"origin": [12.85264, 11.96326, 0.20347],
							"size": [0.39472, 0.36436, 0.15181],
							"pivot": [13.05, 12.13785, 0.27938],
							"rotation": [-10, 0, 0],
							"uv": {
								"north": {"uv": [12, 9], "uv_size": [2, 2]},
								"east": {"uv": [29, 10], "uv_size": [2, 2]},
								"south": {"uv": [24, 31], "uv_size": [2, 2]},
								"west": {"uv": [31, 24], "uv_size": [2, 2]},
								"up": {"uv": [26, 31], "uv_size": [2, 2]},
								"down": {"uv": [31, 28], "uv_size": [2, -2]}
							}
						}
					]
				},
				{
					"name": "TORSO",
					"parent": "armorBody2",
					"pivot": [13.05, 12.70716, -0.16089],
					"cubes": [
						{
							"origin": [12.44274, 12.02399, -0.61634],
							"size": [1.21452, 1.36634, 0.91089],
							"pivot": [13.05, 12.70716, -0.16089],
							"rotation": [-6.5, 0, 0],
							"uv": {
								"north": {"uv": [4, 3], "uv_size": [8, 9]},
								"east": {"uv": [14, 12], "uv_size": [-6, 9]},
								"south": {"uv": [0, 12], "uv_size": [8, 9]},
								"west": {"uv": [8, 12], "uv_size": [6, 9]},
								"up": {"uv": [14, 9], "uv_size": [8, 6]},
								"down": {"uv": [14, 21], "uv_size": [8, -6]}
							}
						}
					]
				},
				{
					"name": "TAIL_BASE",
					"parent": "armorBody2",
					"pivot": [13.05, 12.13026, 0.35528],
					"cubes": [
						{
							"origin": [12.89818, 11.96326, 0.23383],
							"size": [0.30363, 0.30363, 0.30363],
							"uv": {
								"north": {"uv": [12, 9], "uv_size": [2, 2]},
								"east": {"uv": [29, 10], "uv_size": [2, 2]},
								"south": {"uv": [24, 31], "uv_size": [2, 2]},
								"west": {"uv": [31, 24], "uv_size": [2, 2]},
								"up": {"uv": [26, 31], "uv_size": [2, 2]},
								"down": {"uv": [31, 28], "uv_size": [2, -2]}
							}
						}
					]
				},
				{
					"name": "TAIL_LOWMID",
					"parent": "TAIL_BASE",
					"pivot": [13.05, 12.13026, 0.5071],
					"cubes": [
						{
							"origin": [12.91337, 11.97844, 0.47674],
							"size": [0.27327, 0.27327, 0.36436],
							"uv": {
								"north": {"uv": [31, 28], "uv_size": [2, 2]},
								"east": {"uv": [31, 30], "uv_size": [2, 2]},
								"south": {"uv": [32, 6], "uv_size": [2, 2]},
								"west": {"uv": [32, 8], "uv_size": [2, 2]},
								"up": {"uv": [32, 15], "uv_size": [2, 2]},
								"down": {"uv": [32, 19], "uv_size": [2, -2]}
							}
						}
					]
				},
				{
					"name": "TAIL_HIGHMID",
					"parent": "TAIL_LOWMID",
					"pivot": [13.05, 12.13026, 0.81073],
					"cubes": [
						{
							"origin": [12.92855, 11.97844, 0.75],
							"size": [0.2429, 0.24291, 0.39472],
							"uv": {
								"north": {"uv": [24, 33], "uv_size": [2, 2]},
								"east": {"uv": [18, 33], "uv_size": [-2, 2]},
								"south": {"uv": [14, 33], "uv_size": [2, 2]},
								"west": {"uv": [16, 33], "uv_size": [2, 2]},
								"up": {"uv": [18, 33], "uv_size": [2, 2]},
								"down": {"uv": [20, 35], "uv_size": [2, -2]}
							}
						}
					]
				},
				{
					"name": "armorLeftArm2",
					"parent": "Head",
					"pivot": [13.8, 13.12013, -0.0498]
				},
				{
					"name": "LeftArm2",
					"parent": "armorLeftArm2",
					"pivot": [13.78334, 13.09784, -0.0208],
					"rotation": [0, 0, -30],
					"cubes": [
						{
							"origin": [13.33695, 12.10377, -0.2398],
							"size": [0.438, 1.168, 0.438],
							"uv": {
								"north": {"uv": [0, 27], "uv_size": [3, 8]},
								"east": {"uv": [3, 27], "uv_size": [3, 8]},
								"south": {"uv": [6, 27], "uv_size": [3, 8]},
								"west": {"uv": [9, 27], "uv_size": [3, 8]},
								"up": {"uv": [21, 30], "uv_size": [3, 3]},
								"down": {"uv": [31, 3], "uv_size": [3, -3]}
							}
						}
					]
				},
				{
					"name": "armorRightArm2",
					"parent": "Head",
					"pivot": [12.499, 13.05663, -0.0028]
				},
				{
					"name": "RightArm2",
					"parent": "armorRightArm2",
					"pivot": [12.56666, 13.05034, -0.0258],
					"rotation": [0, 0, 30],
					"cubes": [
						{
							"origin": [12.33178, 11.97015, -0.2448],
							"size": [0.438, 1.168, 0.438],
							"uv": {
								"north": {"uv": [3, 27], "uv_size": [-3, 8]},
								"east": {"uv": [12, 27], "uv_size": [-3, 8]},
								"south": {"uv": [9, 27], "uv_size": [-3, 8]},
								"west": {"uv": [6, 27], "uv_size": [-3, 8]},
								"up": {"uv": [24, 30], "uv_size": [-3, 3]},
								"down": {"uv": [34, 3], "uv_size": [-3, -3]}
							}
						}
					]
				},
				{
					"name": "armorLeftLeg2",
					"parent": "Head",
					"pivot": [13.12591, 11.64445, -1.5698]
				},
				{
					"name": "LeftLeg2",
					"parent": "armorLeftLeg2",
					"pivot": [13.42263, 11.96118, -0.14571],
					"cubes": [
						{
							"origin": [13.20181, 11.49263, -0.37343],
							"size": [0.45545, 0.60726, 0.45545],
							"pivot": [13.12591, 11.64445, -0.0698],
							"rotation": [0, 0, -2.5],
							"uv": {
								"north": {"uv": [0, 6], "uv_size": [3, 4]},
								"east": {"uv": [25, 27], "uv_size": [3, 4]},
								"south": {"uv": [28, 12], "uv_size": [3, 4]},
								"west": {"uv": [28, 21], "uv_size": [3, 4]},
								"up": {"uv": [18, 6], "uv_size": [3, 3]},
								"down": {"uv": [12, 33], "uv_size": [3, -3]}
							}
						},
						{
							"origin": [13.18663, 11.49263, -0.54043],
							"size": [0.48581, 0.19736, 0.63763],
							"pivot": [13.12591, 11.65963, -0.0698],
							"rotation": [0, -2.5, -2.5],
							"uv": {
								"north": {"uv": [28, 15], "uv_size": [3, 1]},
								"east": {"uv": [25, 30], "uv_size": [2, 1]},
								"south": {"uv": [0, 9], "uv_size": [3, 1]},
								"west": {"uv": [31, 24], "uv_size": [-3, 1]},
								"up": {"uv": [18, 9], "uv_size": [3, -3]},
								"down": {"uv": [12, 33], "uv_size": [3, -3]}
							}
						}
					]
				},
				{
					"name": "armorRightLeg2",
					"parent": "Head",
					"pivot": [12.97409, 11.64445, -0.0698]
				},
				{
					"name": "RightLeg2",
					"parent": "armorRightLeg2",
					"pivot": [12.67737, 11.96118, -0.14571],
					"cubes": [
						{
							"origin": [12.44274, 11.49263, -0.37343],
							"size": [0.45545, 0.60726, 0.45545],
							"pivot": [12.97409, 11.64445, -0.0698],
							"rotation": [0, 0, 2.5],
							"uv": {
								"north": {"uv": [3, 6], "uv_size": [-3, 4]},
								"east": {"uv": [31, 21], "uv_size": [-3, 4]},
								"south": {"uv": [31, 12], "uv_size": [-3, 4]},
								"west": {"uv": [28, 27], "uv_size": [-3, 4]},
								"up": {"uv": [21, 6], "uv_size": [-3, 3]},
								"down": {"uv": [15, 33], "uv_size": [-3, -3]}
							}
						},
						{
							"origin": [12.42756, 11.49263, -0.54043],
							"size": [0.48581, 0.19736, 0.63763],
							"pivot": [12.97409, 11.65963, -0.0698],
							"rotation": [0, 2.5, 2.5],
							"uv": {
								"north": {"uv": [28, 15], "uv_size": [3, 1]},
								"east": {"uv": [28, 24], "uv_size": [3, 1]},
								"south": {"uv": [3, 9], "uv_size": [-3, 1]},
								"west": {"uv": [27, 30], "uv_size": [-2, 1]},
								"up": {"uv": [21, 9], "uv_size": [-3, -3]},
								"down": {"uv": [15, 33], "uv_size": [-3, -3]}
							}
						}
					]
				},
				{
					"name": "armorLeftLeg",
					"pivot": [1.9, 12, -0.25]
				},
				{
					"name": "armorRightLeg",
					"pivot": [-1.9, 12, -0.25]
				},
				{
					"name": "armorRightArm",
					"pivot": [-5, -2, -0.25]
				},
				{
					"name": "armorBody",
					"pivot": [0, 0, -0.25]
				},
				{
					"name": "armorHead",
					"pivot": [0, 0, -0.25]
				}
			]
		}
	]
}