{
	"format_version": "1.12.0",
	"minecraft:geometry": [
		{
			"description": {
				"identifier": "geometry.Diamondhead_af",
				"texture_width": 64,
				"texture_height": 64,
				"visible_bounds_width": 5,
				"visible_bounds_height": 4.5,
				"visible_bounds_offset": [0, 1.75, 0]
			},
			"bones": [
				{
					"name": "armorLeftArm",
					"pivot": [5, 22, 0]
				},
				{
					"name": "recal_omnitrix",
					"parent": "armorLeftArm",
					"pivot": [6, 21, 0]
				},
				{
					"name": "core",
					"parent": "recal_omnitrix",
					"pivot": [8.7475, 14.75, 0]
				},
				{
					"name": "hologram",
					"parent": "core",
					"pivot": [9.5, 14.75, 0]
				},
				{
					"name": "armorHead3",
					"parent": "hologram",
					"pivot": [11.27375, 14.7235, -0.03106],
					"rotation": [2.5, 0, 90]
				},
				{
					"name": "armorHead2",
					"parent": "armorHead3",
					"pivot": [11.275, 15.24323, 0.16045],
					"rotation": [2.5, 0, 0]
				},
				{
					"name": "head2",
					"parent": "armorHead2",
					"pivot": [11.28906, 15.47495, 0.43478],
					"cubes": [
						{
							"origin": [10.71786, 15.45947, -0.50926],
							"size": [1.12975, 0.97499, 0.92856],
							"uv": {
								"north": {"uv": [18, 0], "uv_size": [7, 6]},
								"east": {"uv": [31, 0], "uv_size": [-6, 6]},
								"south": {"uv": [0, 21], "uv_size": [7, 6]},
								"west": {"uv": [25, 0], "uv_size": [6, 6]},
								"up": {"uv": [7, 21], "uv_size": [7, 6]},
								"down": {"uv": [14, 27], "uv_size": [7, -6]}
							}
						},
						{
							"origin": [10.90939, 16.03406, -0.60642],
							"size": [0.14086, 0.23477, 0.17216],
							"pivot": [10.97195, 16.08054, -0.43138],
							"rotation": [0, 0, -6],
							"uv": {
								"north": {"uv": [2, 4], "uv_size": [-1, 2]},
								"east": {"uv": [2, 4], "uv_size": [-1, 2]},
								"south": {"uv": [2, 4], "uv_size": [-1, 2]},
								"west": {"uv": [2, 4], "uv_size": [-1, 2]},
								"up": {"uv": [1, 6], "uv_size": [1, -2]},
								"down": {"uv": [1, 6], "uv_size": [1, -2]}
							}
						},
						{
							"origin": [10.81544, 15.93968, -0.58789],
							"size": [0.32868, 0.42258, 0.15651],
							"pivot": [10.9876, 16.04924, -0.43138],
							"rotation": [0, 0, -6],
							"uv": {
								"north": {"uv": [1, 1], "uv_size": [2, 2]},
								"east": {"uv": [0, 1], "uv_size": [1, 2]},
								"south": {"uv": [4, 1], "uv_size": [2, 2]},
								"west": {"uv": [3, 1], "uv_size": [1, 2]},
								"up": {"uv": [1, 0], "uv_size": [2, 1]},
								"down": {"uv": [3, 1], "uv_size": [2, -1]}
							}
						},
						{
							"origin": [11.41019, 15.93968, -0.58789],
							"size": [0.32868, 0.42258, 0.15651],
							"pivot": [11.58235, 16.04924, -0.43138],
							"rotation": [0, 0, 6],
							"uv": {
								"north": {"uv": [1, 1], "uv_size": [2, 2]},
								"east": {"uv": [0, 1], "uv_size": [1, 2]},
								"south": {"uv": [4, 1], "uv_size": [2, 2]},
								"west": {"uv": [3, 1], "uv_size": [1, 2]},
								"up": {"uv": [1, 0], "uv_size": [2, 1]},
								"down": {"uv": [3, 1], "uv_size": [2, -1]}
							}
						},
						{
							"origin": [11.50404, 16.03406, -0.60642],
							"size": [0.14086, 0.23477, 0.17216],
							"pivot": [11.58235, 16.08054, -0.43138],
							"rotation": [0, 0, 6],
							"uv": {
								"north": {"uv": [2, 4], "uv_size": [-1, 2]},
								"east": {"uv": [2, 4], "uv_size": [-1, 2]},
								"south": {"uv": [2, 4], "uv_size": [-1, 2]},
								"west": {"uv": [2, 4], "uv_size": [-1, 2]},
								"up": {"uv": [1, 6], "uv_size": [1, -2]},
								"down": {"uv": [1, 6], "uv_size": [1, -2]}
							}
						},
						{
							"origin": [11.7238, 16.3416, 0.23359],
							"size": [0.20119, 0.18571, 0.24762],
							"pivot": [12.28094, 15.98565, 0.54311],
							"rotation": [17.84366, 14.97416, 0.78828],
							"uv": {
								"north": {"uv": [31, 15], "uv_size": [1, 1]},
								"east": {"uv": [32, 19], "uv_size": [2, 1]},
								"south": {"uv": [34, 12], "uv_size": [1, 1]},
								"west": {"uv": [22, 33], "uv_size": [2, 1]},
								"up": {"uv": [3, 10], "uv_size": [1, 2]},
								"down": {"uv": [21, 8], "uv_size": [1, -2]}
							}
						},
						{
							"origin": [10.58632, 15.72256, 0.54311],
							"size": [0.20119, 0.18571, 0.35595],
							"pivot": [11.29048, 15.36661, 0.85263],
							"rotation": [18.32895, -14.9742, 2.41406],
							"uv": {
								"north": {"uv": [34, 21], "uv_size": [1, 1]},
								"east": {"uv": [34, 6], "uv_size": [2, 1]},
								"south": {"uv": [22, 34], "uv_size": [1, 1]},
								"west": {"uv": [34, 7], "uv_size": [2, 1]},
								"up": {"uv": [34, 8], "uv_size": [1, 2]},
								"down": {"uv": [34, 12], "uv_size": [1, -2]}
							}
						},
						{
							"origin": [10.58632, 16.03208, 0.54311],
							"size": [0.20119, 0.18571, 0.35595],
							"pivot": [11.29048, 15.67613, 0.85263],
							"rotation": [18.06707, -14.9742, 1.59063],
							"uv": {
								"north": {"uv": [34, 19], "uv_size": [1, 1]},
								"east": {"uv": [34, 0], "uv_size": [2, 1]},
								"south": {"uv": [34, 20], "uv_size": [1, 1]},
								"west": {"uv": [34, 1], "uv_size": [2, 1]},
								"up": {"uv": [34, 2], "uv_size": [1, 2]},
								"down": {"uv": [34, 6], "uv_size": [1, -2]}
							}
						},
						{
							"origin": [10.58632, 16.3416, 0.54311],
							"size": [0.20119, 0.18571, 0.24762],
							"pivot": [11.30595, 15.98565, 0.85263],
							"rotation": [17.84366, -14.9742, 0.78828],
							"uv": {
								"north": {"uv": [34, 17], "uv_size": [1, 1]},
								"east": {"uv": [29, 33], "uv_size": [2, 1]},
								"south": {"uv": [34, 18], "uv_size": [1, 1]},
								"west": {"uv": [33, 30], "uv_size": [2, 1]},
								"up": {"uv": [33, 31], "uv_size": [1, 2]},
								"down": {"uv": [33, 35], "uv_size": [1, -2]}
							}
						},
						{
							"origin": [11.73928, 16.03208, 0.23359],
							"size": [0.20119, 0.18571, 0.35595],
							"pivot": [12.29642, 15.67613, 0.54311],
							"rotation": [18.06707, 17.35244, 1.59063],
							"uv": {
								"north": {"uv": [34, 13], "uv_size": [1, 1]},
								"east": {"uv": [24, 33], "uv_size": [2, 1]},
								"south": {"uv": [34, 14], "uv_size": [1, 1]},
								"west": {"uv": [33, 24], "uv_size": [2, 1]},
								"up": {"uv": [28, 16], "uv_size": [1, 2]},
								"down": {"uv": [33, 27], "uv_size": [1, -2]}
							}
						},
						{
							"origin": [11.73928, 15.72256, 0.23359],
							"size": [0.20119, 0.18571, 0.35595],
							"pivot": [12.29642, 15.36661, 0.54311],
							"rotation": [18.32895, 19.72744, 2.41406],
							"uv": {
								"north": {"uv": [34, 15], "uv_size": [1, 1]},
								"east": {"uv": [26, 33], "uv_size": [2, 1]},
								"south": {"uv": [34, 16], "uv_size": [1, 1]},
								"west": {"uv": [33, 27], "uv_size": [2, 1]},
								"up": {"uv": [28, 33], "uv_size": [1, 2]},
								"down": {"uv": [33, 30], "uv_size": [1, -2]}
							}
						},
						{
							"origin": [10.84167, 15.30471, -0.49378],
							"size": [0.92856, 0.15476, 0],
							"uv": {
								"north": {"uv": [39, 2], "uv_size": [6, 5]},
								"east": {"uv": [39, 2], "uv_size": [0, 1]},
								"south": {"uv": [45, 2], "uv_size": [6, 1]},
								"west": {"uv": [45, 2], "uv_size": [0, 1]},
								"up": {"uv": [39, 2], "uv_size": [6, 0]},
								"down": {"uv": [45, 2], "uv_size": [6, 0]}
							}
						}
					]
				},
				{
					"name": "LEFT_EYE2",
					"parent": "head2",
					"pivot": [11.58734, 15.9627, -0.44735]
				},
				{
					"name": "PUPIL3",
					"parent": "LEFT_EYE2",
					"pivot": [11.58452, 16.04756, -0.36997]
				},
				{
					"name": "RIGHT_EYE2",
					"parent": "head2",
					"pivot": [10.97822, 15.96108, -0.44735]
				},
				{
					"name": "PUPIL4",
					"parent": "RIGHT_EYE2",
					"pivot": [10.99643, 16.01661, -0.36997]
				},
				{
					"name": "Jaw2",
					"parent": "head2",
					"pivot": [11.24018, 15.44399, 0.43478],
					"cubes": [
						{
							"origin": [10.73334, 15.45947, -0.47831],
							"size": [0.92856, 0.15476, 0],
							"uv": {
								"north": {"uv": [44, 2], "uv_size": [6, 5]},
								"east": {"uv": [39, 2], "uv_size": [0, 1]},
								"south": {"uv": [45, 2], "uv_size": [6, 1]},
								"west": {"uv": [45, 2], "uv_size": [0, 1]},
								"up": {"uv": [39, 2], "uv_size": [6, 0]},
								"down": {"uv": [45, 2], "uv_size": [6, 0]}
							}
						},
						{
							"origin": [10.71786, 15.07257, -0.5139],
							"size": [1.12975, 0.41785, 0.91308],
							"pivot": [11.275, 15.93923, 0.00145],
							"rotation": [2.5, 0, 0],
							"uv": {
								"north": {"uv": [22, 18], "uv_size": [7, 3]},
								"east": {"uv": [6, 0], "uv_size": [6, 3]},
								"south": {"uv": [12, 27], "uv_size": [7, 3]},
								"west": {"uv": [12, 0], "uv_size": [-6, 3]},
								"up": {"uv": [14, 21], "uv_size": [7, 6]},
								"down": {"uv": [22, 12], "uv_size": [7, -6]}
							}
						}
					]
				},
				{
					"name": "TONGE_BASE4",
					"parent": "Jaw2",
					"pivot": [11.29048, 15.42582, 0.09425],
					"cubes": [
						{
							"origin": [11.05834, 15.42582, -0.06051],
							"size": [0.46428, 0, 0.15476],
							"uv": {
								"north": {"uv": [58, 18], "uv_size": [3, 0]},
								"east": {"uv": [50, 18], "uv_size": [8, 0]},
								"south": {"uv": [69, 18], "uv_size": [3, 0]},
								"west": {"uv": [61, 18], "uv_size": [8, 0]},
								"up": {"uv": [56, 9], "uv_size": [7, 2]},
								"down": {"uv": [57, 33], "uv_size": [3, -8]}
							}
						}
					]
				},
				{
					"name": "TONGUE_LOWMID4",
					"parent": "TONGE_BASE4",
					"pivot": [11.29048, 15.42582, -0.06051],
					"cubes": [
						{
							"origin": [11.05834, 15.42582, -0.21527],
							"size": [0.46428, 0, 0.15476],
							"uv": {
								"north": {"uv": [58, 18], "uv_size": [3, 0]},
								"east": {"uv": [50, 18], "uv_size": [8, 0]},
								"south": {"uv": [69, 18], "uv_size": [3, 0]},
								"west": {"uv": [61, 18], "uv_size": [8, 0]},
								"up": {"uv": [56, 9], "uv_size": [7, 2]},
								"down": {"uv": [57, 33], "uv_size": [3, -8]}
							}
						}
					]
				},
				{
					"name": "TONGUE_HIGHMID4",
					"parent": "TONGUE_LOWMID4",
					"pivot": [11.29048, 15.42582, -0.21527],
					"cubes": [
						{
							"origin": [11.05834, 15.42582, -0.37003],
							"size": [0.46428, 0, 0.15476],
							"uv": {
								"north": {"uv": [58, 18], "uv_size": [3, 0]},
								"east": {"uv": [50, 18], "uv_size": [8, 0]},
								"south": {"uv": [69, 18], "uv_size": [3, 0]},
								"west": {"uv": [61, 18], "uv_size": [8, 0]},
								"up": {"uv": [56, 11], "uv_size": [7, 2]},
								"down": {"uv": [57, 33], "uv_size": [3, -8]}
							}
						}
					]
				},
				{
					"name": "TONGUE_HIGH4",
					"parent": "TONGUE_HIGHMID4",
					"pivot": [11.29048, 15.42582, -0.37003],
					"rotation": [-177.5, 0, 0],
					"cubes": [
						{
							"origin": [11.05834, 15.42582, -0.52479],
							"size": [0.46428, 0, 0.15476],
							"uv": {
								"north": {"uv": [58, 18], "uv_size": [3, 0]},
								"east": {"uv": [50, 18], "uv_size": [8, 0]},
								"south": {"uv": [69, 18], "uv_size": [3, 0]},
								"west": {"uv": [61, 18], "uv_size": [8, 0]},
								"up": {"uv": [56, 12], "uv_size": [7, 2]},
								"down": {"uv": [57, 33], "uv_size": [3, -8]}
							}
						}
					]
				},
				{
					"name": "TONGUE_HIGHER4",
					"parent": "TONGUE_HIGH4",
					"pivot": [11.29048, 15.42582, -0.52479],
					"cubes": [
						{
							"origin": [11.05834, 15.42582, -0.67955],
							"size": [0.46428, 0, 0.15476],
							"uv": {
								"north": {"uv": [58, 18], "uv_size": [3, 0]},
								"east": {"uv": [50, 18], "uv_size": [8, 0]},
								"south": {"uv": [69, 18], "uv_size": [3, 0]},
								"west": {"uv": [61, 18], "uv_size": [8, 0]},
								"up": {"uv": [56, 13], "uv_size": [7, 2]},
								"down": {"uv": [57, 33], "uv_size": [3, -8]}
							}
						}
					]
				},
				{
					"name": "TONGUE_HIGHEST4",
					"parent": "TONGUE_HIGHER4",
					"pivot": [11.29048, 15.42582, -0.67955],
					"cubes": [
						{
							"origin": [11.05834, 15.42582, -0.83431],
							"size": [0.46428, 0, 0.15476],
							"uv": {
								"north": {"uv": [58, 18], "uv_size": [3, 0]},
								"east": {"uv": [50, 18], "uv_size": [8, 0]},
								"south": {"uv": [69, 18], "uv_size": [3, 0]},
								"west": {"uv": [61, 18], "uv_size": [8, 0]},
								"up": {"uv": [56, 14], "uv_size": [7, 2]},
								"down": {"uv": [57, 33], "uv_size": [3, -8]}
							}
						}
					]
				},
				{
					"name": "TONGUE_FINAL4",
					"parent": "TONGUE_HIGHEST4",
					"pivot": [11.29048, 15.42582, -0.83431],
					"cubes": [
						{
							"origin": [11.05834, 15.42582, -0.98907],
							"size": [0.46428, 0, 0.15476],
							"uv": {
								"north": {"uv": [58, 18], "uv_size": [3, 0]},
								"east": {"uv": [50, 18], "uv_size": [8, 0]},
								"south": {"uv": [69, 18], "uv_size": [3, 0]},
								"west": {"uv": [61, 18], "uv_size": [8, 0]},
								"up": {"uv": [56, 16], "uv_size": [7, 2]},
								"down": {"uv": [57, 33], "uv_size": [3, -8]}
							}
						}
					]
				},
				{
					"name": "TONGUE_FINALIST4",
					"parent": "TONGUE_FINAL4",
					"pivot": [11.29048, 15.42582, -0.98907],
					"cubes": [
						{
							"origin": [11.05834, 15.42582, -1.14383],
							"size": [0.46428, 0, 0.15476],
							"uv": {
								"north": {"uv": [58, 18], "uv_size": [3, 0]},
								"east": {"uv": [50, 18], "uv_size": [8, 0]},
								"south": {"uv": [69, 18], "uv_size": [3, 0]},
								"west": {"uv": [61, 18], "uv_size": [8, 0]},
								"up": {"uv": [56, 17], "uv_size": [7, 2]},
								"down": {"uv": [57, 33], "uv_size": [3, -8]}
							}
						}
					]
				},
				{
					"name": "TONGE_BASE5",
					"parent": "Jaw2",
					"pivot": [10.95, 15.42582, 0.09425],
					"cubes": [
						{
							"origin": [10.71786, 15.42582, -0.06051],
							"size": [0.46428, 0, 0.15476],
							"uv": {
								"north": {"uv": [58, 18], "uv_size": [3, 0]},
								"east": {"uv": [50, 18], "uv_size": [8, 0]},
								"south": {"uv": [69, 18], "uv_size": [3, 0]},
								"west": {"uv": [61, 18], "uv_size": [8, 0]},
								"up": {"uv": [56, 9], "uv_size": [7, 2]},
								"down": {"uv": [57, 33], "uv_size": [3, -8]}
							}
						}
					]
				},
				{
					"name": "TONGUE_LOWMID5",
					"parent": "TONGE_BASE5",
					"pivot": [10.95, 15.42582, -0.06051],
					"cubes": [
						{
							"origin": [10.71786, 15.42582, -0.21527],
							"size": [0.46428, 0, 0.15476],
							"uv": {
								"north": {"uv": [58, 18], "uv_size": [3, 0]},
								"east": {"uv": [50, 18], "uv_size": [8, 0]},
								"south": {"uv": [69, 18], "uv_size": [3, 0]},
								"west": {"uv": [61, 18], "uv_size": [8, 0]},
								"up": {"uv": [56, 9], "uv_size": [7, 2]},
								"down": {"uv": [57, 33], "uv_size": [3, -8]}
							}
						}
					]
				},
				{
					"name": "TONGUE_HIGHMID5",
					"parent": "TONGUE_LOWMID5",
					"pivot": [10.95, 15.42582, -0.21527],
					"cubes": [
						{
							"origin": [10.71786, 15.42582, -0.37003],
							"size": [0.46428, 0, 0.15476],
							"uv": {
								"north": {"uv": [58, 18], "uv_size": [3, 0]},
								"east": {"uv": [50, 18], "uv_size": [8, 0]},
								"south": {"uv": [69, 18], "uv_size": [3, 0]},
								"west": {"uv": [61, 18], "uv_size": [8, 0]},
								"up": {"uv": [56, 11], "uv_size": [7, 2]},
								"down": {"uv": [57, 33], "uv_size": [3, -8]}
							}
						}
					]
				},
				{
					"name": "TONGUE_HIGH5",
					"parent": "TONGUE_HIGHMID5",
					"pivot": [10.95, 15.42582, -0.37003],
					"rotation": [-177.5, 0, 0],
					"cubes": [
						{
							"origin": [10.71786, 15.42582, -0.52479],
							"size": [0.46428, 0, 0.15476],
							"uv": {
								"north": {"uv": [58, 18], "uv_size": [3, 0]},
								"east": {"uv": [50, 18], "uv_size": [8, 0]},
								"south": {"uv": [69, 18], "uv_size": [3, 0]},
								"west": {"uv": [61, 18], "uv_size": [8, 0]},
								"up": {"uv": [56, 12], "uv_size": [7, 2]},
								"down": {"uv": [57, 33], "uv_size": [3, -8]}
							}
						}
					]
				},
				{
					"name": "TONGUE_HIGHER5",
					"parent": "TONGUE_HIGH5",
					"pivot": [10.95, 15.42582, -0.52479],
					"cubes": [
						{
							"origin": [10.71786, 15.42582, -0.67955],
							"size": [0.46428, 0, 0.15476],
							"uv": {
								"north": {"uv": [58, 18], "uv_size": [3, 0]},
								"east": {"uv": [50, 18], "uv_size": [8, 0]},
								"south": {"uv": [69, 18], "uv_size": [3, 0]},
								"west": {"uv": [61, 18], "uv_size": [8, 0]},
								"up": {"uv": [56, 13], "uv_size": [7, 2]},
								"down": {"uv": [57, 33], "uv_size": [3, -8]}
							}
						}
					]
				},
				{
					"name": "TONGUE_HIGHEST5",
					"parent": "TONGUE_HIGHER5",
					"pivot": [10.95, 15.42582, -0.67955],
					"cubes": [
						{
							"origin": [10.71786, 15.42582, -0.83431],
							"size": [0.46428, 0, 0.15476],
							"uv": {
								"north": {"uv": [58, 18], "uv_size": [3, 0]},
								"east": {"uv": [50, 18], "uv_size": [8, 0]},
								"south": {"uv": [69, 18], "uv_size": [3, 0]},
								"west": {"uv": [61, 18], "uv_size": [8, 0]},
								"up": {"uv": [56, 14], "uv_size": [7, 2]},
								"down": {"uv": [57, 33], "uv_size": [3, -8]}
							}
						}
					]
				},
				{
					"name": "TONGUE_FINAL5",
					"parent": "TONGUE_HIGHEST5",
					"pivot": [10.95, 15.42582, -0.83431],
					"cubes": [
						{
							"origin": [10.71786, 15.42582, -0.98907],
							"size": [0.46428, 0, 0.15476],
							"uv": {
								"north": {"uv": [58, 18], "uv_size": [3, 0]},
								"east": {"uv": [50, 18], "uv_size": [8, 0]},
								"south": {"uv": [69, 18], "uv_size": [3, 0]},
								"west": {"uv": [61, 18], "uv_size": [8, 0]},
								"up": {"uv": [56, 16], "uv_size": [7, 2]},
								"down": {"uv": [57, 33], "uv_size": [3, -8]}
							}
						}
					]
				},
				{
					"name": "TONGUE_FINALIST5",
					"parent": "TONGUE_FINAL5",
					"pivot": [10.95, 15.42582, -0.98907],
					"cubes": [
						{
							"origin": [10.71786, 15.42582, -1.14383],
							"size": [0.46428, 0, 0.15476],
							"uv": {
								"north": {"uv": [58, 18], "uv_size": [3, 0]},
								"east": {"uv": [50, 18], "uv_size": [8, 0]},
								"south": {"uv": [69, 18], "uv_size": [3, 0]},
								"west": {"uv": [61, 18], "uv_size": [8, 0]},
								"up": {"uv": [56, 17], "uv_size": [7, 2]},
								"down": {"uv": [57, 33], "uv_size": [3, -8]}
							}
						}
					]
				},
				{
					"name": "TONGE_BASE6",
					"parent": "Jaw2",
					"pivot": [11.61547, 15.42582, 0.09425],
					"cubes": [
						{
							"origin": [11.38333, 15.42582, -0.06051],
							"size": [0.46428, 0, 0.15476],
							"uv": {
								"north": {"uv": [58, 18], "uv_size": [3, 0]},
								"east": {"uv": [50, 18], "uv_size": [8, 0]},
								"south": {"uv": [69, 18], "uv_size": [3, 0]},
								"west": {"uv": [61, 18], "uv_size": [8, 0]},
								"up": {"uv": [56, 9], "uv_size": [7, 2]},
								"down": {"uv": [57, 33], "uv_size": [3, -8]}
							}
						}
					]
				},
				{
					"name": "TONGUE_LOWMID6",
					"parent": "TONGE_BASE6",
					"pivot": [11.61547, 15.42582, -0.06051],
					"cubes": [
						{
							"origin": [11.38333, 15.42582, -0.21527],
							"size": [0.46428, 0, 0.15476],
							"uv": {
								"north": {"uv": [58, 18], "uv_size": [3, 0]},
								"east": {"uv": [50, 18], "uv_size": [8, 0]},
								"south": {"uv": [69, 18], "uv_size": [3, 0]},
								"west": {"uv": [61, 18], "uv_size": [8, 0]},
								"up": {"uv": [56, 9], "uv_size": [7, 2]},
								"down": {"uv": [57, 33], "uv_size": [3, -8]}
							}
						}
					]
				},
				{
					"name": "TONGUE_HIGHMID6",
					"parent": "TONGUE_LOWMID6",
					"pivot": [11.61547, 15.42582, -0.21527],
					"cubes": [
						{
							"origin": [11.38333, 15.42582, -0.37003],
							"size": [0.46428, 0, 0.15476],
							"uv": {
								"north": {"uv": [58, 18], "uv_size": [3, 0]},
								"east": {"uv": [50, 18], "uv_size": [8, 0]},
								"south": {"uv": [69, 18], "uv_size": [3, 0]},
								"west": {"uv": [61, 18], "uv_size": [8, 0]},
								"up": {"uv": [56, 11], "uv_size": [7, 2]},
								"down": {"uv": [57, 33], "uv_size": [3, -8]}
							}
						}
					]
				},
				{
					"name": "TONGUE_HIGH6",
					"parent": "TONGUE_HIGHMID6",
					"pivot": [11.61547, 15.42582, -0.37003],
					"rotation": [-177.5, 0, 0],
					"cubes": [
						{
							"origin": [11.38333, 15.42582, -0.52479],
							"size": [0.46428, 0, 0.15476],
							"uv": {
								"north": {"uv": [58, 18], "uv_size": [3, 0]},
								"east": {"uv": [50, 18], "uv_size": [8, 0]},
								"south": {"uv": [69, 18], "uv_size": [3, 0]},
								"west": {"uv": [61, 18], "uv_size": [8, 0]},
								"up": {"uv": [56, 12], "uv_size": [7, 2]},
								"down": {"uv": [57, 33], "uv_size": [3, -8]}
							}
						}
					]
				},
				{
					"name": "TONGUE_HIGHER6",
					"parent": "TONGUE_HIGH6",
					"pivot": [11.61547, 15.42582, -0.52479],
					"cubes": [
						{
							"origin": [11.38333, 15.42582, -0.67955],
							"size": [0.46428, 0, 0.15476],
							"uv": {
								"north": {"uv": [58, 18], "uv_size": [3, 0]},
								"east": {"uv": [50, 18], "uv_size": [8, 0]},
								"south": {"uv": [69, 18], "uv_size": [3, 0]},
								"west": {"uv": [61, 18], "uv_size": [8, 0]},
								"up": {"uv": [56, 13], "uv_size": [7, 2]},
								"down": {"uv": [57, 33], "uv_size": [3, -8]}
							}
						}
					]
				},
				{
					"name": "TONGUE_HIGHEST6",
					"parent": "TONGUE_HIGHER6",
					"pivot": [11.61547, 15.42582, -0.67955],
					"cubes": [
						{
							"origin": [11.38333, 15.42582, -0.83431],
							"size": [0.46428, 0, 0.15476],
							"uv": {
								"north": {"uv": [58, 18], "uv_size": [3, 0]},
								"east": {"uv": [50, 18], "uv_size": [8, 0]},
								"south": {"uv": [69, 18], "uv_size": [3, 0]},
								"west": {"uv": [61, 18], "uv_size": [8, 0]},
								"up": {"uv": [56, 14], "uv_size": [7, 2]},
								"down": {"uv": [57, 33], "uv_size": [3, -8]}
							}
						}
					]
				},
				{
					"name": "TONGUE_FINAL6",
					"parent": "TONGUE_HIGHEST6",
					"pivot": [11.61547, 15.42582, -0.83431],
					"cubes": [
						{
							"origin": [11.38333, 15.42582, -0.98907],
							"size": [0.46428, 0, 0.15476],
							"uv": {
								"north": {"uv": [58, 18], "uv_size": [3, 0]},
								"east": {"uv": [50, 18], "uv_size": [8, 0]},
								"south": {"uv": [69, 18], "uv_size": [3, 0]},
								"west": {"uv": [61, 18], "uv_size": [8, 0]},
								"up": {"uv": [56, 16], "uv_size": [7, 2]},
								"down": {"uv": [57, 33], "uv_size": [3, -8]}
							}
						}
					]
				},
				{
					"name": "TONGUE_FINALIST6",
					"parent": "TONGUE_FINAL6",
					"pivot": [11.61547, 15.42582, -0.98907],
					"cubes": [
						{
							"origin": [11.38333, 15.42582, -1.14383],
							"size": [0.46428, 0, 0.15476],
							"uv": {
								"north": {"uv": [58, 18], "uv_size": [3, 0]},
								"east": {"uv": [50, 18], "uv_size": [8, 0]},
								"south": {"uv": [69, 18], "uv_size": [3, 0]},
								"west": {"uv": [61, 18], "uv_size": [8, 0]},
								"up": {"uv": [56, 17], "uv_size": [7, 2]},
								"down": {"uv": [57, 33], "uv_size": [3, -8]}
							}
						}
					]
				},
				{
					"name": "armorRightLeg2",
					"parent": "armorHead2",
					"pivot": [10.92467, 13.84846, 0.18521]
				},
				{
					"name": "RightLeg2",
					"parent": "armorRightLeg2",
					"pivot": [10.89514, 13.74733, 0.10783],
					"cubes": [
						{
							"origin": [10.65596, 13.2697, -0.12431],
							"size": [0.46428, 0.61904, 0.46428],
							"pivot": [11.19762, 13.42446, 0.18521],
							"rotation": [0, 0, 2.5],
							"uv": {
								"north": {"uv": [3, 6], "uv_size": [-3, 4]},
								"east": {"uv": [31, 21], "uv_size": [-3, 4]},
								"south": {"uv": [31, 12], "uv_size": [-3, 4]},
								"west": {"uv": [28, 27], "uv_size": [-3, 4]},
								"up": {"uv": [21, 6], "uv_size": [-3, 3]},
								"down": {"uv": [15, 33], "uv_size": [-3, -3]}
							}
						}
					]
				},
				{
					"name": "armorBody2",
					"parent": "armorHead2",
					"pivot": [11.275, 14.50778, 0.09235],
					"cubes": [
						{
							"origin": [11.10476, 13.73398, 0.43282],
							"size": [0.34047, 0.34047, 0.20119],
							"pivot": [11.275, 13.90421, 0.77329],
							"rotation": [-10, 0, 0],
							"uv": {
								"north": {"uv": [12, 9], "uv_size": [2, 2]},
								"east": {"uv": [30, 10], "uv_size": [1, 2]},
								"south": {"uv": [41, 33], "uv_size": [2, 2]},
								"west": {"uv": [46, 22], "uv_size": [-2, 2]},
								"up": {"uv": [26, 32], "uv_size": [2, 1]},
								"down": {"uv": [31, 28], "uv_size": [2, -1]}
							}
						}
					]
				},
				{
					"name": "TORSO2",
					"parent": "armorBody2",
					"pivot": [11.275, 14.50778, 0.09235],
					"cubes": [
						{
							"origin": [10.65596, 13.81136, -0.37193],
							"size": [1.23808, 1.39284, 0.92856],
							"pivot": [11.275, 14.50778, 0.09235],
							"rotation": [-6.5, 0, 0],
							"uv": {
								"north": {"uv": [4, 3], "uv_size": [8, 9]},
								"east": {"uv": [14, 12], "uv_size": [-6, 9]},
								"south": {"uv": [0, 12], "uv_size": [8, 9]},
								"west": {"uv": [8, 12], "uv_size": [6, 9]},
								"up": {"uv": [14, 9], "uv_size": [8, 6]},
								"down": {"uv": [14, 21], "uv_size": [8, -6]}
							}
						}
					]
				},
				{
					"name": "TAIL_BASE2",
					"parent": "armorBody2",
					"pivot": [11.275, 13.91969, 0.61853],
					"cubes": [
						{
							"origin": [11.12024, 13.78041, 0.55663],
							"size": [0.30952, 0.30952, 0.34047],
							"uv": {
								"north": {"uv": [12, 9], "uv_size": [2, 2]},
								"east": {"uv": [29, 10], "uv_size": [2, 2]},
								"south": {"uv": [24, 31], "uv_size": [2, 2]},
								"west": {"uv": [31, 24], "uv_size": [2, 2]},
								"up": {"uv": [26, 31], "uv_size": [2, 2]},
								"down": {"uv": [31, 28], "uv_size": [2, -2]}
							}
						}
					]
				},
				{
					"name": "TAIL_LOWMID2",
					"parent": "TAIL_BASE2",
					"pivot": [11.275, 13.91969, 0.77329],
					"cubes": [
						{
							"origin": [11.13572, 13.79588, 0.86615],
							"size": [0.27857, 0.27857, 0.34047],
							"uv": {
								"north": {"uv": [31, 28], "uv_size": [2, 2]},
								"east": {"uv": [31, 30], "uv_size": [2, 2]},
								"south": {"uv": [32, 6], "uv_size": [2, 2]},
								"west": {"uv": [32, 8], "uv_size": [2, 2]},
								"up": {"uv": [32, 15], "uv_size": [2, 2]},
								"down": {"uv": [32, 19], "uv_size": [2, -2]}
							}
						}
					]
				},
				{
					"name": "TAIL_HIGHMID2",
					"parent": "TAIL_LOWMID2",
					"pivot": [11.275, 13.91969, 1.08281],
					"cubes": [
						{
							"origin": [11.15119, 13.79588, 1.16019],
							"size": [0.24762, 0.24762, 0.35595],
							"uv": {
								"north": {"uv": [31, 32], "uv_size": [2, 2]},
								"east": {"uv": [12, 33], "uv_size": [2, 2]},
								"south": {"uv": [14, 33], "uv_size": [2, 2]},
								"west": {"uv": [16, 33], "uv_size": [2, 2]},
								"up": {"uv": [18, 33], "uv_size": [2, 2]},
								"down": {"uv": [20, 35], "uv_size": [2, -2]}
							}
						}
					]
				},
				{
					"name": "armorLeftArm2",
					"parent": "armorHead2",
					"pivot": [12.07, 14.96305, 0.04274]
				},
				{
					"name": "LeftArm2",
					"parent": "armorLeftArm2",
					"pivot": [12.05234, 14.93942, 0.07348],
					"rotation": [0, 0, -30],
					"cubes": [
						{
							"origin": [11.72184, 13.77971, -0.17413],
							"size": [0.4488, 0.325, 0.49523],
							"pivot": [11.48064, 12.97894, 0.15086],
							"rotation": [0, 0, -10],
							"uv": {
								"north": {"uv": [0, 10], "uv_size": [3, 2]},
								"east": {"uv": [31, 13], "uv_size": [3, 2]},
								"south": {"uv": [31, 20], "uv_size": [3, 2]},
								"west": {"uv": [31, 22], "uv_size": [3, 2]},
								"up": {"uv": [31, 3], "uv_size": [3, 3]},
								"down": {"uv": [31, 13], "uv_size": [3, -3]}
							}
						},
						{
							"origin": [11.57917, 13.88571, -0.15866],
							"size": [0.46428, 1.23808, 0.46428],
							"uv": {
								"north": {"uv": [0, 27], "uv_size": [3, 8]},
								"east": {"uv": [3, 27], "uv_size": [3, 8]},
								"south": {"uv": [6, 27], "uv_size": [3, 8]},
								"west": {"uv": [9, 27], "uv_size": [3, 8]},
								"up": {"uv": [21, 30], "uv_size": [3, 3]},
								"down": {"uv": [31, 3], "uv_size": [3, -3]}
							}
						}
					]
				},
				{
					"name": "armorRightArm2",
					"parent": "armorHead2",
					"pivot": [10.69094, 14.89574, 0.09256]
				},
				{
					"name": "RightArm2",
					"parent": "armorRightArm2",
					"pivot": [10.76266, 14.88907, 0.06818],
					"rotation": [0, 0, 30],
					"cubes": [
						{
							"origin": [10.42083, 13.57383, -0.17943],
							"size": [0.4488, 0.325, 0.49523],
							"pivot": [11.46156, 13.03459, 0.14556],
							"rotation": [0, 0, 10],
							"uv": {
								"north": {"uv": [3, 10], "uv_size": [-3, 2]},
								"east": {"uv": [34, 22], "uv_size": [-3, 2]},
								"south": {"uv": [34, 20], "uv_size": [-3, 2]},
								"west": {"uv": [34, 13], "uv_size": [-3, 2]},
								"up": {"uv": [34, 3], "uv_size": [-3, 3]},
								"down": {"uv": [34, 13], "uv_size": [-3, -3]}
							}
						},
						{
							"origin": [10.51369, 13.74407, -0.16396],
							"size": [0.46428, 1.23808, 0.46428],
							"uv": {
								"north": {"uv": [3, 27], "uv_size": [-3, 8]},
								"east": {"uv": [12, 27], "uv_size": [-3, 8]},
								"south": {"uv": [9, 27], "uv_size": [-3, 8]},
								"west": {"uv": [6, 27], "uv_size": [-3, 8]},
								"up": {"uv": [24, 30], "uv_size": [-3, 3]},
								"down": {"uv": [34, 3], "uv_size": [-3, -3]}
							}
						}
					]
				},
				{
					"name": "armorLeftLeg2",
					"parent": "armorHead2",
					"pivot": [11.67038, 13.84846, 0.18521]
				},
				{
					"name": "LeftLeg2",
					"parent": "armorLeftLeg2",
					"pivot": [11.65486, 13.74733, 0.10783],
					"cubes": [
						{
							"origin": [11.42976, 13.2697, -0.12431],
							"size": [0.46428, 0.61904, 0.46428],
							"pivot": [11.35238, 13.42446, 0.18521],
							"rotation": [0, 0, -2.5],
							"uv": {
								"north": {"uv": [0, 6], "uv_size": [3, 4]},
								"east": {"uv": [25, 27], "uv_size": [3, 4]},
								"south": {"uv": [28, 12], "uv_size": [3, 4]},
								"west": {"uv": [28, 21], "uv_size": [3, 4]},
								"up": {"uv": [18, 6], "uv_size": [3, 3]},
								"down": {"uv": [12, 33], "uv_size": [3, -3]}
							}
						}
					]
				},
				{
					"name": "armorLeftLeg",
					"pivot": [1.9, 12, 0]
				},
				{
					"name": "armorRightLeg",
					"pivot": [-1.9, 12, 0]
				},
				{
					"name": "armorRightArm",
					"pivot": [-5, -2, 0]
				},
				{
					"name": "armorBody",
					"pivot": [0, 0, 0]
				},
				{
					"name": "armorHead",
					"pivot": [0, 0, 0]
				}
			]
		}
	]
}